Patient_ID,Age,Gender,Education_Level,Employment_Status,Medication_Type,Medication_Frequency,Number_of_Medications,Treatment_Duration_Months,Dosage_Complexity,Previous_Missed_Doses,Forgetfulness_Score,Routine_Consistency,Medication_Reminder_Usage,Chronic_Condition,Side_Effects,Perceived_Effectiveness,Treatment_Satisfaction,Medication_Cost_Burden,Access_to_Pharmacy,Insurance_Coverage,Distance_to_Pharmacy_Km,Family_Support,Healthcare_Followup,Doctor_Communication,Medication_Adherence
MED-01001,59,Female,High School,Employed,Cardiovascular,2,5,44,Medium,1,3,6,Yes,Heart Disease,None,High,10.0,Moderate,Moderate,Full,1.3,Moderate,Regular,8.0,1
MED-01002,51,Other,High School,Unemployed,Antihypertensive,2,4,24,Medium,4,5,7,Yes,Hypertension,None,High,6.0,Low,Easy,Full,,Moderate,Occasional,8.0,1
MED-01003,62,Male,High School,Employed,Respiratory,2,2,43,Low,2,3,5,No,Asthma/COPD,Mild,High,8.0,Low,Easy,Partial,4.0,High,Regular,4.0,1
MED-01004,74,Female,Bachelor,Retired,Respiratory,1,3,7,Low,0,6,6,No,Asthma/COPD,Mild,High,8.0,Low,Easy,None,0.8,High,Regular,7.0,1
MED-01005,49,Male,Bachelor,Unemployed,Antihypertensive,1,9,24,High,3,6,5,Yes,Hypertension,None,Moderate,7.0,High,Moderate,Partial,2.8,Moderate,Regular,8.0,1
MED-01006,49,Male,High School,Employed,Antidiabetic,3,6,32,High,7,10,8,Yes,Diabetes,Mild,Moderate,8.0,High,Easy,Full,4.5,High,Occasional,5.0,0
MED-01007,75,Male,High School,Self-Employed,Antidiabetic,3,10,19,High,1,4,8,No,Multimorbidity,Mild,Moderate,8.0,High,Easy,Partial,3.4,High,Regular,10.0,0
MED-01008,63,Male,High School,Employed,Cardiovascular,1,4,24,Low,0,4,6,Yes,Heart Disease,Severe,Low,3.0,Low,Easy,Partial,,Low,Occasional,6.0,0
MED-01009,46,Female,Bachelor,Employed,Antihypertensive,1,4,46,Low,1,4,10,No,Hypertension,Mild,High,10.0,High,Moderate,Full,4.6,Low,Occasional,9.0,1
MED-01010,60,Male,None,Self-Employed,Cardiovascular,1,1,47,Low,2,4,7,No,Multimorbidity,None,High,9.0,Low,Easy,Full,2.7,High,Occasional,8.0,1
MED-01011,46,Male,None,Employed,Antihypertensive,2,4,32,Medium,1,7,7,Yes,Hypertension,Mild,High,10.0,Moderate,Easy,Full,5.2,Moderate,Occasional,5.0,1
MED-01012,46,Female,Bachelor,Student,Antihypertensive,2,1,59,Low,3,4,7,No,Multimorbidity,None,High,6.0,Moderate,Moderate,Full,1.2,Moderate,Regular,7.0,1
MED-01013,56,Male,High School,Self-Employed,Antihypertensive,1,5,12,Medium,4,9,4,No,Hypertension,Mild,High,5.0,Low,Moderate,Partial,7.0,Moderate,Occasional,10.0,0
MED-01014,26,Female,High School,Unemployed,Antihypertensive,2,2,22,Low,5,6,4,No,Multimorbidity,Mild,Moderate,8.0,Moderate,Easy,Full,2.3,High,Rare,6.0,0
MED-01015,28,Male,High School,Employed,Respiratory,2,1,23,Low,0,3,6,No,Asthma/COPD,Mild,High,8.0,Low,Easy,Full,7.6,Moderate,Regular,7.0,1
MED-01016,45,Female,Master,Employed,Other Chronic,4,5,56,High,3,3,6,No,Multimorbidity,None,High,10.0,Moderate,Moderate,Partial,4.5,Moderate,Rare,4.0,0
MED-01017,38,Female,Master,Employed,Antidiabetic,1,3,36,Low,3,7,7,Yes,Multimorbidity,Moderate,Moderate,8.0,Low,Easy,Full,5.3,High,Occasional,8.0,1
MED-01018,57,Male,Bachelor,Employed,Antidiabetic,1,6,65,Medium,1,5,5,Yes,Diabetes,Mild,High,10.0,Moderate,Moderate,Full,2.2,Low,Rare,6.0,0
MED-01019,40,Male,High School,Employed,Antihypertensive,1,2,8,Low,2,5,6,Yes,Hypertension,None,High,8.0,Moderate,Easy,Partial,1.4,High,Regular,8.0,1
MED-01020,33,Male,Bachelor,Retired,Cardiovascular,3,3,32,Medium,0,3,6,No,Multimorbidity,None,High,10.0,Low,Moderate,Full,1.4,Moderate,Rare,5.0,1
MED-01021,73,Female,Doctorate,Retired,Antihypertensive,3,8,27,High,2,4,6,Yes,Hypertension,None,High,8.0,High,Moderate,Full,0.9,Low,Regular,7.0,1
MED-01022,49,Male,Master,Employed,Cardiovascular,2,7,3,High,1,3,6,Yes,Multimorbidity,Mild,High,9.0,High,Moderate,Full,2.5,Low,Regular,6.0,0
MED-01023,53,Male,High School,Employed,Psychiatric,1,2,15,Low,0,7,3,Yes,Depression/Anxiety,None,High,8.0,High,Easy,Full,2.1,Moderate,Regular,2.0,1
MED-01024,33,Male,Bachelor,Student,Antihypertensive,1,3,12,Low,4,6,1,Yes,Hypertension,None,High,9.0,Moderate,Easy,Partial,7.1,Moderate,Regular,7.0,1
MED-01025,45,Male,High School,Employed,Respiratory,1,5,36,Medium,0,4,4,Yes,Asthma/COPD,None,Moderate,7.0,High,Easy,Full,1.5,Low,Regular,9.0,1
MED-01026,54,Female,High School,Employed,Antihypertensive,2,4,54,Medium,0,4,5,Yes,Multimorbidity,Mild,High,10.0,Moderate,Easy,Partial,17.2,High,Regular,5.0,1
MED-01027,36,Female,Bachelor,Student,Antidiabetic,1,2,21,Low,1,5,4,No,Diabetes,Mild,High,9.0,Low,Difficult,Full,1.6,Moderate,Occasional,6.0,1
MED-01028,58,Male,High School,Unemployed,Antihypertensive,1,5,11,Medium,0,4,6,No,Hypertension,None,Moderate,6.0,Low,Easy,None,,High,Regular,9.0,1
MED-01029,44,Male,Master,Employed,Antidiabetic,2,5,10,Medium,0,2,8,No,Diabetes,Severe,Moderate,4.0,Moderate,Moderate,None,1.1,Moderate,Occasional,8.0,1
MED-01030,48,Female,High School,Self-Employed,Antihypertensive,1,6,67,Medium,0,1,8,Yes,Hypertension,Moderate,Moderate,4.0,Moderate,Difficult,Full,3.3,Moderate,Regular,6.0,1
MED-01031,44,Female,Bachelor,Employed,Antidiabetic,2,3,16,Medium,2,3,7,No,Multimorbidity,None,Moderate,4.0,High,Difficult,Full,2.6,High,Regular,7.0,1
MED-01032,78,Male,Master,Self-Employed,Antidiabetic,1,1,1,Low,2,4,8,No,Diabetes,None,High,10.0,High,Moderate,Partial,3.1,Low,Regular,6.0,1
MED-01033,52,Male,Master,Employed,Antidiabetic,3,5,17,Medium,2,3,4,Yes,Diabetes,Mild,Moderate,6.0,Moderate,Easy,Full,4.5,High,Regular,10.0,1
MED-01034,38,Male,High School,Employed,Cardiovascular,2,5,7,Medium,6,6,5,Yes,Heart Disease,Mild,High,7.0,Low,Easy,Full,6.9,High,Occasional,9.0,1
MED-01035,64,Female,High School,Self-Employed,Psychiatric,3,7,28,High,3,4,7,No,Depression/Anxiety,None,High,9.0,Moderate,Moderate,Full,1.4,Low,Regular,10.0,1
MED-01036,35,Male,Bachelor,Employed,Antidiabetic,2,2,26,Low,2,9,5,No,Diabetes,Mild,Moderate,6.0,Low,Moderate,Full,3.4,High,Regular,7.0,1
MED-01037,55,Female,High School,Unemployed,Antihypertensive,4,1,20,Medium,1,3,5,Yes,Hypertension,None,Moderate,7.0,Low,Easy,Full,6.3,Moderate,Regular,4.0,1
MED-01038,25,Female,Master,Self-Employed,Antihypertensive,3,2,8,Medium,2,5,10,Yes,Hypertension,Mild,High,7.0,Moderate,Moderate,Partial,1.5,High,Regular,8.0,1
MED-01039,34,Female,Master,Self-Employed,Psychiatric,2,2,25,Low,2,4,6,No,Depression/Anxiety,Mild,Moderate,8.0,Low,Easy,Full,26.4,High,Regular,9.0,1
MED-01040,55,Male,High School,Self-Employed,Cardiovascular,4,3,23,Medium,3,5,10,No,Heart Disease,Moderate,Moderate,6.0,Moderate,Moderate,Full,,Moderate,Regular,9.0,0
MED-01041,63,Male,High School,Employed,Antidiabetic,1,5,24,Medium,4,7,2,No,Diabetes,None,Moderate,8.0,Moderate,Difficult,Full,3.1,High,Occasional,3.0,0
MED-01042,55,Male,High School,Unemployed,Antihypertensive,1,4,19,Low,7,6,5,No,Hypertension,Moderate,High,7.0,Low,Easy,Partial,1.4,Moderate,Occasional,7.0,0
MED-01043,51,Male,Master,Employed,Antidiabetic,1,1,41,Low,0,1,7,Yes,Diabetes,Moderate,Moderate,6.0,Low,Moderate,Partial,1.6,Low,Regular,4.0,1
MED-01044,48,Female,High School,Employed,Antihypertensive,2,1,48,Low,3,6,6,No,Multimorbidity,Moderate,Low,1.0,Low,Moderate,Partial,4.0,Low,Rare,6.0,0
MED-01045,32,Female,High School,Self-Employed,Psychiatric,2,2,10,Low,1,2,2,Yes,Depression/Anxiety,None,High,10.0,Low,Easy,None,5.4,Low,Regular,8.0,1
MED-01046,42,Female,High School,Employed,Psychiatric,3,4,39,Medium,3,4,6,Yes,Depression/Anxiety,None,Low,5.0,Low,Easy,Full,0.8,High,Occasional,9.0,1
MED-01047,46,Female,Bachelor,Employed,Antihypertensive,1,3,49,Low,0,6,10,Yes,Multimorbidity,Severe,Moderate,7.0,Low,Moderate,Full,1.6,Moderate,Occasional,7.0,1
MED-01048,67,Male,None,Retired,Antidiabetic,2,1,88,Low,1,2,7,Yes,Diabetes,Severe,Moderate,4.0,High,Easy,None,3.7,Moderate,Regular,5.0,1
MED-01049,57,Male,High School,Employed,Antihypertensive,1,7,29,Medium,7,7,7,No,Multimorbidity,None,Moderate,5.0,Moderate,Difficult,Full,1.2,Low,Regular,8.0,0
MED-01050,28,Male,Master,Self-Employed,Antidiabetic,2,1,19,Low,5,4,5,No,Multimorbidity,None,Moderate,6.0,Low,Difficult,Partial,2.7,High,Regular,5.0,0
MED-01051,57,Female,Master,Employed,Psychiatric,1,4,43,Low,2,9,7,Yes,Depression/Anxiety,None,Moderate,7.0,High,Easy,Partial,4.6,Moderate,Regular,6.0,1
MED-01052,47,Female,Bachelor,Employed,Antidiabetic,3,2,19,Medium,5,5,6,No,Multimorbidity,None,High,9.0,Moderate,Easy,None,2.9,High,Regular,7.0,1
MED-01053,43,Female,None,Self-Employed,Antidiabetic,1,2,51,Low,4,8,9,No,Diabetes,None,High,10.0,Low,Moderate,Full,1.9,High,Occasional,5.0,1
MED-01054,61,Male,High School,Employed,Antihypertensive,1,1,24,Low,1,7,8,No,Hypertension,None,Moderate,6.0,Moderate,Moderate,Full,3.5,Moderate,Occasional,8.0,1
MED-01055,67,Male,Bachelor,Employed,Respiratory,3,6,15,High,3,3,7,No,Asthma/COPD,Mild,Moderate,6.0,Moderate,Easy,Full,4.9,Moderate,Occasional,8.0,1
MED-01056,66,Female,High School,Retired,Cardiovascular,2,5,28,Medium,0,2,6,Yes,Heart Disease,None,High,10.0,Moderate,Easy,Full,1.7,High,Regular,9.0,1
MED-01057,41,Male,Master,Employed,Antidiabetic,1,1,22,Low,1,5,3,No,Diabetes,Severe,Low,1.0,Moderate,Moderate,Partial,4.3,High,Occasional,10.0,0
MED-01058,48,Female,Bachelor,Employed,Antihypertensive,2,2,21,Low,1,3,3,Yes,Multimorbidity,Mild,Moderate,7.0,Low,Moderate,Full,4.2,High,Rare,7.0,1
MED-01059,57,Female,None,Self-Employed,Antidiabetic,1,3,5,Low,3,8,6,Yes,Diabetes,None,Low,5.0,High,Easy,Partial,4.9,High,Occasional,4.0,1
MED-01060,66,Female,Master,Retired,Other Chronic,4,4,49,High,0,4,8,Yes,Multimorbidity,Moderate,Moderate,7.0,Low,Moderate,Partial,4.0,High,Occasional,5.0,1
MED-01061,46,Male,Master,Self-Employed,Antidiabetic,2,7,49,High,0,4,9,Yes,Diabetes,Mild,High,9.0,Moderate,Difficult,Full,3.7,Low,Rare,10.0,0
MED-01062,50,Male,None,Self-Employed,Antidiabetic,1,4,35,Low,5,1,4,No,Multimorbidity,None,Moderate,10.0,High,Easy,None,3.0,Moderate,Occasional,10.0,0
MED-01063,37,Male,Bachelor,Unemployed,Antidiabetic,2,1,37,Low,2,5,3,No,Diabetes,Mild,Low,3.0,Low,Easy,None,2.7,High,Occasional,9.0,0
MED-01064,36,Male,High School,Employed,Respiratory,1,4,13,Low,0,2,8,No,Asthma/COPD,None,Moderate,6.0,Moderate,Moderate,Partial,5.7,High,Occasional,6.0,1
MED-01065,64,Male,High School,Employed,Antidiabetic,3,5,3,Medium,6,5,4,No,Multimorbidity,Mild,Moderate,8.0,High,Easy,None,3.1,Low,Regular,10.0,0
MED-01066,71,Female,High School,Retired,Antihypertensive,3,2,30,Medium,1,6,3,Yes,Hypertension,Mild,Moderate,7.0,High,Easy,Full,5.0,Low,Regular,6.0,0
MED-01067,51,Female,Bachelor,Self-Employed,Cardiovascular,3,6,24,High,0,3,5,Yes,Multimorbidity,None,Low,5.0,Moderate,Moderate,Full,4.9,Moderate,Occasional,7.0,0
MED-01068,67,Male,Master,Retired,Cardiovascular,1,5,29,Medium,1,7,5,No,Heart Disease,None,High,7.0,Low,Easy,Full,1.6,High,Regular,8.0,1
MED-01069,58,Male,Bachelor,Employed,Cardiovascular,1,1,2,Low,1,4,9,No,Heart Disease,Mild,Moderate,10.0,Moderate,Moderate,None,2.6,Moderate,Regular,9.0,1
MED-01070,43,Male,High School,Employed,Psychiatric,1,7,40,Medium,0,1,8,No,Depression/Anxiety,None,Low,5.0,Moderate,Easy,Partial,,Moderate,Regular,8.0,1
MED-01071,58,Male,Bachelor,Employed,Antidiabetic,2,5,13,Medium,0,8,5,Yes,Diabetes,None,High,6.0,Moderate,Moderate,None,3.6,Moderate,Rare,10.0,1
MED-01072,74,Female,High School,Retired,Antihypertensive,2,7,11,High,0,2,9,No,Hypertension,Moderate,Moderate,7.0,Low,Easy,Full,4.6,Moderate,Rare,7.0,1
MED-01073,52,Male,Master,Employed,Other Chronic,2,3,72,Medium,2,6,6,No,Multimorbidity,Mild,High,7.0,High,Difficult,Full,3.8,High,Regular,6.0,0
MED-01074,74,Male,High School,Unemployed,Antidiabetic,3,6,61,High,0,5,8,Yes,Multimorbidity,None,Moderate,8.0,Low,Moderate,Partial,3.4,Low,Regular,6.0,1
MED-01075,18,Male,High School,Employed,Cardiovascular,1,1,5,Low,3,5,9,No,Heart Disease,Mild,Moderate,5.0,Low,Moderate,Full,2.4,Low,Occasional,5.0,1
MED-01076,64,Female,High School,Employed,Cardiovascular,1,3,15,Low,1,5,6,Yes,Heart Disease,None,Moderate,9.0,Moderate,Easy,Partial,7.3,High,Regular,1.0,1
MED-01077,54,Female,Bachelor,Unemployed,Antidiabetic,1,4,21,Low,0,2,7,Yes,Diabetes,Mild,High,7.0,Low,Difficult,Full,4.3,Low,Regular,9.0,1
MED-01078,48,Male,High School,Employed,Antihypertensive,1,3,57,Low,4,8,5,No,Hypertension,Mild,Moderate,6.0,Low,Easy,Partial,3.1,Moderate,Rare,6.0,0
MED-01079,54,Female,Bachelor,Employed,Respiratory,1,4,42,Low,3,7,8,No,Asthma/COPD,Mild,Moderate,7.0,Low,Easy,Partial,2.5,Low,Regular,8.0,0
MED-01080,25,Female,High School,Employed,Respiratory,2,1,9,Low,3,6,6,No,Asthma/COPD,Mild,Moderate,6.0,Low,Easy,Partial,4.1,Low,Regular,8.0,0
MED-01081,49,Female,High School,Employed,Cardiovascular,1,10,27,High,0,2,8,No,Heart Disease,None,High,8.0,Low,Difficult,Partial,3.4,High,Occasional,7.0,1
MED-01082,57,Male,High School,Self-Employed,Antidiabetic,1,7,21,Medium,0,2,9,Yes,Diabetes,Mild,High,7.0,Moderate,Moderate,Full,1.1,High,Regular,9.0,1
MED-01083,73,Female,Master,Employed,Antihypertensive,3,3,21,Medium,2,6,7,Yes,Multimorbidity,Mild,High,8.0,Moderate,Difficult,None,1.6,High,Regular,9.0,1
MED-01084,45,Female,Master,Unemployed,Antihypertensive,1,2,16,Low,0,1,6,Yes,Multimorbidity,Mild,Moderate,8.0,High,Easy,Full,8.8,High,Occasional,5.0,1
MED-01085,41,Female,High School,Self-Employed,Antidiabetic,2,6,21,Medium,2,5,6,No,Diabetes,None,High,10.0,Low,Moderate,Full,4.4,High,Regular,10.0,1
MED-01086,45,Female,High School,Self-Employed,Antidiabetic,1,4,39,Low,2,2,1,No,Diabetes,Mild,High,10.0,Low,Easy,Partial,2.1,High,Regular,9.0,1
MED-01087,65,Female,High School,Retired,Other Chronic,2,4,23,Medium,2,3,5,No,Multimorbidity,Mild,High,10.0,Moderate,Moderate,Partial,2.5,High,Regular,5.0,1
MED-01088,57,Male,Bachelor,Employed,Respiratory,4,6,24,High,2,1,8,No,Asthma/COPD,Mild,High,6.0,Low,Easy,None,1.7,High,Regular,6.0,1
MED-01089,45,Female,High School,Unemployed,Cardiovascular,1,3,42,Low,1,5,8,No,Heart Disease,Mild,Moderate,7.0,Low,Moderate,Partial,2.2,High,Occasional,4.0,1
MED-01090,60,Female,Master,Employed,Antidiabetic,2,5,34,Medium,6,7,5,No,Diabetes,Moderate,High,7.0,High,Difficult,Full,7.2,High,Rare,8.0,0
MED-01091,54,Female,Master,Self-Employed,Antihypertensive,3,3,42,Medium,7,5,7,No,Hypertension,None,High,7.0,Moderate,Moderate,Full,2.9,High,Occasional,6.0,0
MED-01092,66,Male,High School,Retired,Other Chronic,2,8,13,High,3,6,6,No,Multimorbidity,None,High,7.0,Low,Difficult,Full,6.2,Low,Rare,2.0,0
MED-01093,43,Female,High School,Unemployed,Antidiabetic,1,3,26,Low,0,5,8,Yes,Diabetes,Mild,High,10.0,Moderate,Moderate,Full,11.3,Low,Regular,6.0,1
MED-01094,48,Female,Master,Employed,Antihypertensive,1,2,26,Low,0,6,10,Yes,Hypertension,None,Moderate,6.0,Low,Moderate,Full,2.5,High,Regular,6.0,1
MED-01095,47,Male,Bachelor,Unemployed,Antidiabetic,2,1,23,Low,1,6,8,Yes,Diabetes,Severe,Moderate,3.0,Low,Moderate,Partial,1.3,Moderate,Regular,7.0,1
MED-01096,32,Female,None,Unemployed,Psychiatric,3,3,20,Medium,1,1,5,No,Depression/Anxiety,None,High,8.0,Low,Easy,Partial,4.6,Low,Rare,4.0,1
MED-01097,57,Female,High School,Self-Employed,Psychiatric,1,4,60,Low,6,6,6,No,Depression/Anxiety,None,Moderate,7.0,Low,Easy,None,1.8,Moderate,Regular,7.0,0
MED-01098,56,Female,High School,Employed,Antihypertensive,1,4,19,Low,1,6,9,Yes,Hypertension,Severe,Low,1.0,Moderate,Moderate,Full,3.3,Moderate,Occasional,10.0,1
MED-01099,53,Male,High School,Employed,Psychiatric,1,4,51,Low,4,4,3,No,Depression/Anxiety,None,High,7.0,Low,Easy,Partial,3.8,Low,Occasional,7.0,1
MED-01100,49,Male,High School,Employed,Antihypertensive,1,8,78,High,1,1,5,No,Hypertension,None,High,7.0,Moderate,Easy,Partial,13.4,High,Regular,8.0,1
MED-01101,33,Female,None,Employed,Antihypertensive,1,8,11,High,2,5,8,No,Multimorbidity,None,Moderate,8.0,High,Easy,Partial,4.2,High,Rare,10.0,0
MED-01102,47,Male,Bachelor,Employed,Respiratory,1,7,8,Medium,2,5,9,No,Asthma/COPD,Moderate,Moderate,3.0,Low,Moderate,Full,2.4,Moderate,Regular,7.0,1
MED-01103,48,Female,High School,Self-Employed,Psychiatric,1,4,4,Low,0,4,7,No,Depression/Anxiety,None,High,8.0,Low,Moderate,Full,5.3,Moderate,Regular,7.0,1
MED-01104,41,Female,None,Employed,Cardiovascular,1,4,51,Low,0,5,5,Yes,Multimorbidity,None,Moderate,7.0,Moderate,Moderate,None,6.1,High,Rare,7.0,1
MED-01105,50,Female,High School,Self-Employed,Cardiovascular,4,1,51,Medium,2,7,7,Yes,Heart Disease,Moderate,High,7.0,Moderate,Moderate,Partial,8.2,Low,Occasional,5.0,0
MED-01106,58,Male,Bachelor,Employed,Respiratory,1,6,12,Medium,2,10,7,Yes,Asthma/COPD,None,High,7.0,Moderate,Moderate,Partial,1.7,Low,Occasional,5.0,0
MED-01107,79,Female,Master,Retired,Respiratory,1,2,43,Low,2,5,7,No,Asthma/COPD,Mild,High,10.0,Low,Moderate,Partial,8.7,High,Rare,3.0,1
MED-01108,55,Male,High School,Employed,Psychiatric,1,2,15,Low,1,5,6,Yes,Depression/Anxiety,None,High,10.0,Moderate,Moderate,Full,18.4,Moderate,Occasional,10.0,1
MED-01109,56,Male,High School,Employed,Cardiovascular,4,6,27,High,1,3,6,No,Heart Disease,None,High,9.0,Low,Easy,Full,8.6,Low,Regular,8.0,1
MED-01110,51,Male,Doctorate,Self-Employed,Other Chronic,3,7,49,High,3,3,4,No,Multimorbidity,Moderate,Low,3.0,Low,Easy,Full,9.9,High,Rare,5.0,0
MED-01111,26,Male,High School,Employed,Other Chronic,3,5,34,Medium,0,4,10,Yes,Multimorbidity,None,Moderate,7.0,High,Moderate,Partial,2.4,High,Occasional,9.0,1
MED-01112,52,Female,High School,Employed,Antihypertensive,1,1,14,Low,3,7,7,No,Hypertension,None,Moderate,8.0,Moderate,Easy,Full,11.8,Low,Regular,5.0,1
MED-01113,53,Female,High School,Employed,Respiratory,3,6,28,High,6,6,7,No,Asthma/COPD,Moderate,High,8.0,Low,Moderate,Partial,2.3,High,Occasional,7.0,0
MED-01114,87,Male,High School,Retired,Antidiabetic,2,5,20,Medium,4,9,6,Yes,Multimorbidity,Mild,High,9.0,High,Moderate,Full,3.2,Moderate,Regular,7.0,1
MED-01115,50,Female,High School,Employed,Antidiabetic,1,3,42,Low,0,1,8,No,Diabetes,Mild,Moderate,6.0,Moderate,Moderate,Full,2.3,High,Occasional,6.0,1
MED-01116,57,Male,Master,Employed,Cardiovascular,2,2,33,Low,6,2,3,No,Multimorbidity,None,Moderate,2.0,Moderate,Easy,Partial,2.1,Low,Regular,5.0,0
MED-01117,52,Female,Bachelor,Employed,Antihypertensive,3,7,33,High,4,7,3,Yes,Hypertension,Mild,Low,4.0,Low,Moderate,Full,3.3,High,Regular,9.0,0
MED-01118,36,Female,High School,Employed,Antidiabetic,3,1,13,Low,2,8,6,Yes,Diabetes,None,High,10.0,Low,Easy,Full,,High,Regular,7.0,1
MED-01119,68,Female,Master,Retired,Psychiatric,3,10,13,High,0,5,10,No,Depression/Anxiety,Moderate,Moderate,6.0,Moderate,Easy,Partial,2.0,Moderate,Regular,10.0,1
MED-01120,63,Male,None,Self-Employed,Antihypertensive,3,8,29,High,2,1,9,No,Multimorbidity,Mild,Moderate,8.0,Moderate,Moderate,Partial,1.6,High,Occasional,5.0,1
MED-01121,64,Female,High School,Employed,Antidiabetic,1,5,46,Medium,0,3,5,Yes,Diabetes,Mild,High,8.0,Low,Easy,Full,10.5,High,Occasional,6.0,1
MED-01122,40,Male,Bachelor,Employed,Psychiatric,2,3,68,Medium,0,5,7,Yes,Multimorbidity,None,Low,4.0,Low,Easy,Full,11.2,High,Occasional,7.0,1
MED-01123,72,Other,Bachelor,Retired,Antidiabetic,1,6,6,Medium,1,3,5,No,Diabetes,None,Moderate,7.0,Moderate,Easy,Full,22.4,Moderate,Regular,9.0,1
MED-01124,33,Male,None,Employed,Antidiabetic,3,5,27,Medium,1,5,7,Yes,Multimorbidity,Moderate,Low,6.0,Moderate,Easy,Partial,3.2,High,Rare,5.0,1
MED-01125,61,Female,High School,Employed,Antidiabetic,1,1,49,Low,2,9,7,No,Diabetes,Moderate,High,9.0,High,Easy,Full,3.4,High,Occasional,8.0,1
MED-01126,83,Female,Bachelor,Self-Employed,Antidiabetic,3,5,40,Medium,5,8,8,No,Diabetes,None,Moderate,8.0,Low,Easy,None,5.9,Low,Regular,7.0,0
MED-01127,39,Female,Bachelor,Self-Employed,Cardiovascular,1,4,32,Low,3,6,3,No,Multimorbidity,Moderate,Moderate,6.0,Low,Easy,Partial,1.3,High,Regular,10.0,1
MED-01128,45,Male,Bachelor,Self-Employed,Respiratory,1,5,48,Medium,1,4,4,Yes,Multimorbidity,None,High,7.0,High,Moderate,Full,1.6,Low,Regular,8.0,1
MED-01129,54,Female,High School,Self-Employed,Antidiabetic,1,4,12,Low,3,3,6,No,Multimorbidity,None,High,10.0,Moderate,Difficult,Partial,1.0,Moderate,Rare,3.0,1
MED-01130,45,Male,High School,Employed,Respiratory,1,4,41,Low,7,6,4,No,Asthma/COPD,Moderate,Low,5.0,Low,Easy,Full,6.2,Low,Rare,5.0,0
MED-01131,31,Female,High School,Employed,Antidiabetic,3,2,50,Medium,2,5,4,No,Multimorbidity,Severe,Low,3.0,Moderate,Easy,Full,1.7,High,Regular,5.0,1
MED-01132,53,Male,High School,Employed,Antidiabetic,1,1,11,Low,4,5,7,No,Diabetes,None,Moderate,7.0,Low,Easy,Partial,7.0,Moderate,Rare,6.0,0
MED-01133,38,Male,Master,Employed,Cardiovascular,2,2,33,Low,1,1,4,No,Multimorbidity,None,Moderate,8.0,Low,Easy,Full,2.3,Moderate,Regular,9.0,1
MED-01134,59,Female,High School,Employed,Cardiovascular,1,7,43,Medium,0,3,10,Yes,Multimorbidity,None,High,8.0,Low,Easy,Partial,3.3,High,Occasional,6.0,1
MED-01135,40,Male,High School,Employed,Cardiovascular,1,2,45,Low,6,6,5,No,Multimorbidity,Mild,Moderate,8.0,Low,Easy,Partial,2.9,Moderate,Regular,,1
MED-01136,74,Male,Bachelor,Retired,Antihypertensive,1,3,6,Low,0,2,6,Yes,Hypertension,None,Moderate,6.0,Moderate,Easy,None,3.8,High,Regular,6.0,1
MED-01137,42,Male,High School,Self-Employed,Antihypertensive,1,1,17,Low,0,5,7,No,Hypertension,None,Low,2.0,Low,Easy,Partial,2.3,High,Occasional,8.0,1
MED-01138,48,Male,High School,Unemployed,Antihypertensive,3,5,3,Medium,4,5,3,Yes,Hypertension,None,High,7.0,Low,Moderate,None,7.2,Moderate,Occasional,5.0,0
MED-01139,64,Female,Bachelor,Self-Employed,Antihypertensive,2,4,60,Medium,4,6,7,Yes,Hypertension,None,High,9.0,Moderate,Easy,Full,2.9,Moderate,Regular,6.0,1
MED-01140,35,Female,Master,Employed,Cardiovascular,1,5,21,Medium,2,6,7,Yes,Heart Disease,Moderate,Low,3.0,Moderate,Easy,Partial,4.4,Moderate,Rare,6.0,0
MED-01141,56,Male,Bachelor,Employed,Antihypertensive,2,6,12,Medium,6,6,5,Yes,Hypertension,None,Moderate,7.0,Low,Difficult,Full,3.6,High,Regular,7.0,1
MED-01142,71,Male,None,Retired,Respiratory,1,2,11,Low,0,3,7,Yes,Asthma/COPD,None,Moderate,5.0,High,Moderate,Full,1.6,Moderate,Regular,6.0,1
MED-01143,30,Male,Bachelor,Employed,Antihypertensive,1,8,17,High,0,1,7,Yes,Multimorbidity,Mild,Moderate,7.0,Moderate,Easy,Partial,9.1,High,Occasional,4.0,1
MED-01144,55,Male,Bachelor,Employed,Antidiabetic,2,2,50,Low,0,3,9,Yes,Diabetes,Severe,Low,1.0,Moderate,Easy,Full,2.0,Low,Occasional,9.0,1
MED-01145,56,Female,High School,Employed,Antidiabetic,1,5,13,Medium,0,6,10,Yes,Diabetes,None,Moderate,8.0,Low,Easy,Full,6.1,High,Occasional,,1
MED-01146,63,Female,High School,Employed,Antihypertensive,2,7,65,High,4,2,4,No,Hypertension,Mild,High,7.0,Low,Moderate,Full,5.7,Low,Regular,9.0,1
MED-01147,35,Male,Master,Employed,Psychiatric,2,2,9,Low,1,2,3,No,Multimorbidity,Moderate,Moderate,5.0,Low,Difficult,Full,1.1,Low,Occasional,8.0,1
MED-01148,34,Male,None,Employed,Antihypertensive,3,4,91,Medium,0,2,6,Yes,Hypertension,None,High,7.0,Low,Easy,Full,2.9,High,Occasional,8.0,1
MED-01149,60,Male,Bachelor,Employed,Antidiabetic,4,3,18,Medium,2,1,2,No,Multimorbidity,Mild,Moderate,8.0,Low,Easy,Full,5.1,High,Occasional,9.0,1
MED-01150,57,Female,High School,Unemployed,Respiratory,1,7,66,Medium,0,2,8,No,Asthma/COPD,None,High,8.0,Low,Difficult,Full,2.7,Low,Occasional,10.0,1
MED-01151,56,Female,High School,Employed,Cardiovascular,1,5,60,Medium,5,7,6,Yes,Heart Disease,Severe,Moderate,5.0,Moderate,Easy,Partial,3.0,Moderate,Occasional,9.0,0
MED-01152,57,Male,None,Employed,Antihypertensive,1,3,60,Low,0,3,7,Yes,Multimorbidity,Mild,High,10.0,Low,Easy,Full,3.9,High,Regular,9.0,1
MED-01153,43,Male,Bachelor,Employed,Antidiabetic,1,2,25,Low,0,1,6,Yes,Diabetes,Moderate,Low,6.0,High,Easy,Full,2.5,Low,Regular,7.0,1
MED-01154,56,Female,High School,Employed,Cardiovascular,3,4,10,Medium,1,3,7,No,Heart Disease,Mild,High,9.0,Low,Moderate,Full,4.3,Moderate,Occasional,9.0,1
MED-01155,57,Female,Bachelor,Unemployed,Other Chronic,3,7,31,High,2,6,7,No,Multimorbidity,Mild,High,,Moderate,Easy,Full,3.4,Moderate,Regular,5.0,0
MED-01156,42,Male,Bachelor,Retired,Psychiatric,2,4,15,Medium,1,1,7,Yes,Depression/Anxiety,None,High,10.0,Low,Easy,Full,2.9,Low,Regular,8.0,1
MED-01157,79,Male,Bachelor,Retired,Antidiabetic,2,8,60,High,9,7,3,No,Multimorbidity,Moderate,Moderate,8.0,Moderate,Moderate,Partial,1.6,Moderate,Occasional,9.0,0
MED-01158,59,Male,Master,Employed,Other Chronic,1,1,30,Low,0,1,7,No,Multimorbidity,Mild,High,9.0,Low,Moderate,None,4.5,Moderate,Occasional,9.0,1
MED-01159,36,Female,Bachelor,Employed,Antihypertensive,2,6,27,Medium,0,4,10,Yes,Multimorbidity,None,High,10.0,Moderate,Difficult,Partial,0.5,High,Regular,7.0,1
MED-01160,62,Male,High School,Employed,Antihypertensive,3,4,15,Medium,2,4,7,No,Multimorbidity,None,High,9.0,Low,Easy,Partial,4.0,Low,Occasional,8.0,1
MED-01161,39,Male,Master,Employed,Respiratory,2,4,19,Medium,1,3,6,Yes,Asthma/COPD,Mild,High,6.0,Low,Moderate,Partial,3.4,High,Occasional,6.0,1
MED-01162,64,Female,Bachelor,Employed,Antihypertensive,1,1,38,Low,0,4,9,No,Hypertension,None,High,8.0,Moderate,Easy,Full,1.8,High,Occasional,5.0,1
MED-01163,69,Male,High School,Retired,Antihypertensive,2,4,34,Medium,5,6,5,No,Hypertension,Mild,High,8.0,Moderate,Easy,Partial,1.2,Moderate,Occasional,10.0,1
MED-01164,41,Female,High School,Employed,Antihypertensive,1,6,43,Medium,1,4,8,No,Hypertension,None,Moderate,6.0,Low,Easy,Partial,4.5,High,Regular,6.0,1
MED-01165,66,Male,Master,Retired,Antidiabetic,2,5,45,Medium,1,3,5,No,Diabetes,Mild,Moderate,6.0,Moderate,Easy,Full,2.8,Moderate,Occasional,6.0,1
MED-01166,58,Male,High School,Employed,Respiratory,2,4,48,Medium,0,6,8,No,Asthma/COPD,None,High,7.0,Low,Moderate,None,3.7,High,Regular,6.0,1
MED-01167,64,Female,Bachelor,Unemployed,Cardiovascular,1,2,11,Low,0,5,8,Yes,Heart Disease,None,High,10.0,Low,Easy,None,0.8,High,Occasional,5.0,1
MED-01168,79,Male,High School,Retired,Antihypertensive,2,7,35,High,1,3,5,Yes,Hypertension,None,High,6.0,Moderate,Moderate,Partial,4.7,Moderate,Rare,5.0,0
MED-01169,49,Female,High School,Employed,Antidiabetic,3,4,34,Medium,2,5,6,No,Diabetes,Mild,High,8.0,Moderate,Moderate,Full,6.7,Moderate,Occasional,3.0,1
MED-01170,42,Female,Bachelor,Self-Employed,Psychiatric,1,5,8,Medium,0,3,8,No,Depression/Anxiety,None,Moderate,8.0,Moderate,Easy,Full,3.0,Moderate,Regular,4.0,1
MED-01171,40,Male,None,Self-Employed,Respiratory,4,4,37,High,5,3,2,No,Multimorbidity,None,Moderate,6.0,Low,Easy,Partial,1.7,Moderate,Regular,6.0,0
MED-01172,41,Female,High School,Employed,Antidiabetic,2,4,59,Medium,0,6,5,Yes,Multimorbidity,None,High,9.0,Low,Easy,Full,4.6,Moderate,Rare,8.0,1
MED-01173,51,Male,Bachelor,Employed,Other Chronic,2,6,37,Medium,0,5,8,Yes,Multimorbidity,Moderate,Moderate,5.0,Moderate,Moderate,Full,2.7,Moderate,Occasional,3.0,1
MED-01174,57,Female,High School,Employed,Cardiovascular,3,3,9,Medium,5,6,6,No,Multimorbidity,Mild,Low,5.0,High,Moderate,Full,6.3,High,Occasional,7.0,0
MED-01175,56,Male,Bachelor,Employed,Antihypertensive,2,5,15,Medium,3,6,6,Yes,Hypertension,None,Moderate,5.0,Low,Easy,Partial,3.4,High,Occasional,9.0,1
MED-01176,64,Female,Bachelor,Self-Employed,Antihypertensive,3,5,32,Medium,4,3,2,No,Hypertension,Severe,Low,1.0,Moderate,Easy,Partial,0.7,Low,Regular,6.0,0
MED-01177,53,Male,Bachelor,Self-Employed,Antihypertensive,1,1,13,Low,2,7,4,No,Hypertension,Mild,Moderate,6.0,Moderate,Easy,Partial,0.6,Moderate,Regular,5.0,1
MED-01178,73,Male,None,Retired,Cardiovascular,1,5,39,Medium,3,4,8,No,Multimorbidity,Moderate,Moderate,3.0,Moderate,Moderate,Full,1.9,High,Rare,7.0,0
MED-01179,49,Female,High School,Employed,Antihypertensive,2,6,27,Medium,5,7,5,No,Multimorbidity,Mild,High,9.0,High,Easy,None,4.7,High,Regular,8.0,0
MED-01180,88,Female,Bachelor,Retired,Antidiabetic,3,4,47,Medium,0,4,3,Yes,Multimorbidity,None,High,7.0,Moderate,Moderate,Partial,2.3,Low,Regular,6.0,1
MED-01181,61,Male,Master,Employed,Antihypertensive,3,2,22,Medium,3,5,8,No,Hypertension,Mild,Moderate,5.0,Moderate,Easy,Partial,4.8,Low,Occasional,9.0,1
MED-01182,40,Male,Master,Self-Employed,Psychiatric,2,2,33,Low,4,5,7,No,Multimorbidity,None,High,10.0,Low,Moderate,Partial,2.0,Moderate,Regular,8.0,1
MED-01183,38,Female,Master,Self-Employed,Antidiabetic,2,4,16,Medium,2,6,4,No,Diabetes,None,Moderate,7.0,Low,Easy,Partial,15.6,Moderate,Occasional,10.0,0
MED-01184,59,Female,High School,Employed,Psychiatric,1,4,81,Low,0,1,6,No,Depression/Anxiety,Mild,High,6.0,Moderate,Easy,None,2.9,Low,Occasional,3.0,1
MED-01185,49,Male,High School,Employed,Psychiatric,4,3,27,Medium,0,1,4,No,Depression/Anxiety,None,High,9.0,Moderate,Easy,Partial,4.1,Moderate,Occasional,4.0,1
MED-01186,62,Male,High School,Employed,Antihypertensive,1,5,10,Medium,2,6,6,Yes,Hypertension,None,High,9.0,Moderate,Moderate,Full,1.6,Moderate,Regular,6.0,1
MED-01187,59,Male,High School,Employed,Antidiabetic,2,6,51,Medium,5,5,7,No,Diabetes,None,High,6.0,Low,Easy,Partial,2.4,Low,Regular,4.0,0
MED-01188,51,Female,None,Self-Employed,Antihypertensive,2,8,21,High,1,3,5,Yes,Multimorbidity,Moderate,Low,4.0,Moderate,Easy,Full,4.8,High,Regular,10.0,1
MED-01189,41,Male,Master,Employed,Psychiatric,2,5,49,Medium,1,5,8,No,Depression/Anxiety,None,High,10.0,Moderate,Easy,Full,3.2,Moderate,Regular,7.0,1
MED-01190,31,Male,High School,Employed,Antidiabetic,1,5,22,Medium,0,1,8,No,Multimorbidity,None,High,8.0,High,Easy,Full,0.4,High,Rare,6.0,1
MED-01191,46,Female,High School,Employed,Antihypertensive,4,2,13,Medium,7,10,7,Yes,Hypertension,Moderate,Moderate,6.0,Low,Difficult,Full,4.8,High,Regular,10.0,0
MED-01192,64,Male,High School,Self-Employed,Antihypertensive,2,4,26,Medium,2,7,7,No,Multimorbidity,None,Moderate,6.0,Low,Easy,Full,5.2,Moderate,Occasional,7.0,1
MED-01193,55,Female,Master,Employed,Antidiabetic,4,6,10,High,3,6,3,Yes,Multimorbidity,Moderate,Moderate,7.0,Low,Difficult,Full,5.7,Moderate,Occasional,6.0,0
MED-01194,35,Male,Bachelor,Self-Employed,Psychiatric,1,2,21,Low,0,5,9,Yes,Depression/Anxiety,None,Moderate,7.0,Moderate,Easy,Partial,7.6,High,Regular,5.0,1
MED-01195,55,Male,Bachelor,Self-Employed,Cardiovascular,2,1,46,Low,0,3,6,Yes,Multimorbidity,Moderate,High,7.0,High,Moderate,Partial,3.8,Moderate,Regular,8.0,1
MED-01196,58,Male,Master,Self-Employed,Psychiatric,2,4,36,Medium,1,2,4,No,Depression/Anxiety,None,High,8.0,Moderate,Easy,Full,20.0,Low,Rare,8.0,1
MED-01197,40,Female,High School,Employed,Antidiabetic,2,3,29,Medium,1,4,7,Yes,Multimorbidity,None,Low,8.0,Moderate,Easy,Full,4.0,Low,Rare,8.0,1
MED-01198,55,Male,Bachelor,Employed,Antihypertensive,3,7,21,High,0,3,8,Yes,Hypertension,Moderate,Moderate,6.0,Low,Easy,Full,0.6,Moderate,Rare,8.0,1
MED-01199,53,Female,None,Employed,Other Chronic,1,5,62,Medium,0,3,7,Yes,Multimorbidity,Moderate,Low,5.0,Moderate,Moderate,None,3.9,Moderate,Regular,10.0,1
MED-01200,36,Female,High School,Employed,Antihypertensive,1,5,30,Medium,0,1,4,Yes,Hypertension,Mild,High,9.0,High,Difficult,Full,7.7,Moderate,Regular,5.0,1
MED-01201,58,Female,Master,Employed,Psychiatric,2,7,16,High,2,5,8,Yes,Depression/Anxiety,Mild,Moderate,3.0,High,Easy,Full,1.2,Moderate,Rare,10.0,0
MED-01202,60,Male,Bachelor,Employed,Antidiabetic,1,6,45,Medium,2,4,6,No,Diabetes,None,Moderate,6.0,High,Moderate,Full,2.7,Low,Regular,10.0,0
MED-01203,68,Male,High School,Retired,Antihypertensive,4,6,38,High,0,6,7,No,Hypertension,Mild,Moderate,5.0,Moderate,Moderate,None,8.2,High,Occasional,10.0,0
MED-01204,67,Male,High School,Retired,Cardiovascular,1,8,15,High,4,6,5,No,Heart Disease,None,High,10.0,Low,Moderate,Full,2.2,Moderate,Regular,6.0,0
MED-01205,33,Male,Bachelor,Employed,Other Chronic,2,1,55,Low,0,5,8,Yes,Multimorbidity,None,Moderate,5.0,High,Easy,Full,2.8,High,Occasional,5.0,1
MED-01206,39,Male,None,Employed,Other Chronic,1,1,30,Low,7,10,7,No,Multimorbidity,Mild,High,10.0,High,Easy,Full,6.0,Moderate,Occasional,7.0,0
MED-01207,60,Female,High School,Retired,Antihypertensive,2,3,33,Medium,0,6,9,Yes,Multimorbidity,None,High,10.0,High,Easy,Partial,1.3,High,Regular,7.0,1
MED-01208,60,Male,High School,Retired,Antihypertensive,1,3,57,Low,1,2,3,Yes,Hypertension,Mild,Moderate,7.0,Moderate,Easy,Full,3.3,Moderate,Regular,9.0,1
MED-01209,60,Male,High School,Self-Employed,Cardiovascular,1,10,9,High,3,6,3,Yes,Heart Disease,None,High,9.0,Low,Easy,Partial,1.6,Moderate,Occasional,6.0,0
MED-01210,88,Male,Bachelor,Retired,Cardiovascular,1,5,15,Medium,0,4,6,Yes,Multimorbidity,Mild,Moderate,6.0,Low,Easy,Partial,2.7,Low,Regular,9.0,1
MED-01211,60,Female,High School,Self-Employed,Respiratory,1,2,58,Low,0,2,9,No,Multimorbidity,None,High,9.0,Moderate,Easy,Full,4.0,Low,Regular,6.0,1
MED-01212,68,Male,High School,Retired,Antihypertensive,4,4,14,High,0,1,10,No,Hypertension,Mild,Moderate,5.0,Low,Easy,Partial,7.4,Low,Rare,,0
MED-01213,66,Female,Bachelor,Retired,Other Chronic,1,8,27,High,4,5,4,No,Multimorbidity,None,High,9.0,High,Difficult,Full,4.2,High,Occasional,8.0,0
MED-01214,62,Male,Master,Employed,Cardiovascular,2,1,63,Low,0,6,6,No,Heart Disease,None,High,10.0,Moderate,Difficult,None,2.2,High,Occasional,7.0,1
MED-01215,48,Female,High School,Employed,Respiratory,4,1,12,Medium,0,2,7,No,Asthma/COPD,None,High,7.0,Low,Easy,Partial,8.1,Moderate,Occasional,5.0,1
MED-01216,63,Female,None,Employed,Antidiabetic,3,5,5,Medium,4,7,8,No,Diabetes,None,Moderate,7.0,Low,Easy,Partial,5.3,Moderate,Rare,5.0,1
MED-01217,42,Male,High School,Employed,Antidiabetic,4,1,11,Medium,1,5,8,No,Diabetes,None,Moderate,7.0,Low,Difficult,Full,0.8,High,Regular,9.0,1
MED-01218,49,Male,Bachelor,Employed,Other Chronic,4,1,27,Medium,5,7,4,No,Multimorbidity,None,High,9.0,Moderate,Easy,Full,6.2,Low,Regular,8.0,1
MED-01219,46,Male,Bachelor,Employed,Cardiovascular,2,6,23,Medium,4,7,6,No,Heart Disease,None,Moderate,6.0,Moderate,Difficult,Full,3.5,High,Occasional,10.0,0
MED-01220,54,Male,Bachelor,Employed,Psychiatric,2,4,21,Medium,0,4,2,Yes,Depression/Anxiety,None,Moderate,5.0,Low,Easy,Partial,3.2,Moderate,Regular,9.0,1
MED-01221,85,Female,Master,Retired,Other Chronic,1,7,20,Medium,3,8,8,No,Multimorbidity,Moderate,Moderate,4.0,Moderate,Difficult,Full,8.1,Low,Regular,,0
MED-01222,26,Female,Bachelor,Employed,Cardiovascular,2,5,14,Medium,1,2,5,Yes,Heart Disease,None,Moderate,4.0,Low,Easy,None,2.8,Low,Regular,9.0,1
MED-01223,62,Female,Bachelor,Unemployed,Antidiabetic,3,7,20,High,9,10,4,No,Diabetes,Mild,Moderate,8.0,Low,Moderate,Partial,6.5,High,Occasional,8.0,0
MED-01224,30,Female,High School,Employed,Antihypertensive,2,1,35,Low,4,3,7,No,Hypertension,Mild,High,9.0,Moderate,Easy,Partial,8.7,Moderate,Regular,7.0,0
MED-01225,46,Male,None,Self-Employed,Antihypertensive,2,6,42,Medium,3,4,5,No,Hypertension,Mild,High,9.0,Moderate,Easy,Partial,3.5,Moderate,Regular,10.0,1
MED-01226,68,Male,Doctorate,Retired,Antihypertensive,2,6,37,Medium,0,3,9,No,Multimorbidity,None,High,8.0,High,Moderate,Partial,,Moderate,Regular,10.0,1
MED-01227,53,Female,High School,Unemployed,Antihypertensive,1,6,20,Medium,2,4,4,No,Multimorbidity,None,Low,4.0,Low,Easy,Full,5.6,Moderate,Regular,8.0,1
MED-01228,37,Male,High School,Unemployed,Antihypertensive,3,3,23,Medium,2,10,10,Yes,Hypertension,Mild,Low,4.0,Low,Easy,None,4.7,High,Regular,5.0,0
MED-01229,42,Female,Bachelor,Employed,Antidiabetic,2,5,46,Medium,0,3,8,Yes,Multimorbidity,None,High,8.0,High,Moderate,Partial,6.5,High,Occasional,,1
MED-01230,62,Male,High School,Self-Employed,Antidiabetic,1,4,45,Low,2,6,9,Yes,Diabetes,None,High,8.0,Low,Easy,Full,1.5,High,Occasional,6.0,1
MED-01231,42,Male,Bachelor,Self-Employed,Antidiabetic,3,1,77,Low,5,4,4,No,Diabetes,Mild,High,10.0,Moderate,Easy,None,2.1,High,Regular,8.0,0
MED-01232,56,Other,Bachelor,Self-Employed,Antihypertensive,2,7,21,High,0,7,10,Yes,Hypertension,None,High,7.0,High,Easy,Partial,1.3,High,Regular,8.0,1
MED-01233,53,Male,High School,Unemployed,Antihypertensive,3,5,10,Medium,6,3,4,No,Hypertension,Moderate,Low,5.0,Moderate,Easy,Full,11.8,Moderate,Regular,6.0,0
MED-01234,43,Other,Master,Employed,Cardiovascular,2,3,28,Medium,6,5,6,No,Multimorbidity,Mild,High,6.0,Low,Easy,None,0.9,High,Regular,10.0,1
MED-01235,83,Female,High School,Retired,Antidiabetic,1,4,39,Low,0,6,9,No,Diabetes,None,High,10.0,Moderate,Easy,Full,8.9,Moderate,Occasional,6.0,1
MED-01236,61,Female,High School,Employed,Antidiabetic,3,5,48,Medium,1,3,7,Yes,Diabetes,Moderate,Low,1.0,Moderate,Moderate,Full,4.7,Low,Occasional,10.0,1
MED-01237,24,Female,Bachelor,Student,Cardiovascular,2,3,18,Medium,1,10,4,Yes,Heart Disease,Mild,Moderate,8.0,High,Moderate,Full,1.7,High,Occasional,9.0,0
MED-01238,55,Female,Bachelor,Employed,Respiratory,1,2,31,Low,0,6,9,Yes,Asthma/COPD,Mild,Low,4.0,Low,Easy,Partial,1.3,Moderate,Regular,8.0,1
MED-01239,43,Female,Bachelor,Self-Employed,Antidiabetic,1,6,41,Medium,0,4,7,No,Diabetes,Moderate,Moderate,6.0,Moderate,Easy,Partial,3.2,High,Regular,5.0,1
MED-01240,64,Male,High School,Employed,Cardiovascular,3,4,27,Medium,0,3,5,Yes,Heart Disease,None,High,9.0,High,Easy,None,2.8,High,Occasional,10.0,1
MED-01241,41,Male,Bachelor,Employed,Other Chronic,1,1,23,Low,4,5,3,No,Multimorbidity,Mild,Moderate,8.0,Low,Easy,Partial,4.5,Moderate,Rare,10.0,1
MED-01242,51,Female,High School,Employed,Respiratory,3,3,35,Medium,0,2,7,Yes,Asthma/COPD,Mild,Moderate,4.0,Low,Moderate,None,0.6,High,Regular,7.0,1
MED-01243,60,Male,Master,Retired,Antidiabetic,1,4,5,Low,5,8,6,No,Diabetes,None,High,9.0,Low,Difficult,None,2.9,Moderate,Occasional,9.0,0
MED-01244,65,Male,High School,Retired,Cardiovascular,2,2,22,Low,2,5,7,No,Heart Disease,Moderate,Moderate,6.0,Moderate,Difficult,None,1.7,High,Occasional,7.0,0
MED-01245,36,Male,Bachelor,Employed,Antihypertensive,3,3,84,Medium,6,4,3,No,Hypertension,None,High,8.0,High,Easy,Full,,Low,Occasional,10.0,0
MED-01246,48,Female,None,Employed,Cardiovascular,1,2,34,Low,3,7,5,Yes,Heart Disease,Mild,High,9.0,Low,Easy,Full,4.5,High,Regular,5.0,1
MED-01247,46,Female,High School,Retired,Other Chronic,2,3,86,Medium,5,3,7,No,Multimorbidity,None,Low,4.0,Low,Easy,Partial,,High,Rare,9.0,0
MED-01248,43,Male,High School,Self-Employed,Antidiabetic,3,6,30,High,0,2,10,Yes,Diabetes,None,High,10.0,High,Easy,Full,9.6,Moderate,Occasional,2.0,1
MED-01249,77,Female,Master,Retired,Psychiatric,3,10,55,High,4,4,6,Yes,Depression/Anxiety,Mild,High,9.0,Low,Easy,Partial,2.4,High,Rare,4.0,0
MED-01250,58,Female,Bachelor,Employed,Antidiabetic,2,4,20,Medium,0,5,9,Yes,Diabetes,None,High,9.0,Low,Moderate,None,3.1,High,Rare,5.0,1
MED-01251,35,Female,Master,Self-Employed,Other Chronic,2,3,22,Medium,2,6,8,Yes,Multimorbidity,None,Moderate,8.0,Moderate,Moderate,Full,4.1,High,Occasional,7.0,1
MED-01252,65,Female,High School,Retired,Cardiovascular,3,6,17,High,1,1,7,No,Heart Disease,Severe,Moderate,7.0,Low,Easy,Full,6.6,Low,Regular,5.0,1
MED-01253,82,Female,High School,Retired,Antihypertensive,3,3,52,Medium,5,3,4,No,Hypertension,None,Moderate,6.0,High,Easy,Partial,3.3,Moderate,Occasional,5.0,0
MED-01254,67,Male,High School,Retired,Cardiovascular,3,8,14,High,0,1,4,Yes,Multimorbidity,Mild,Moderate,10.0,Moderate,Difficult,Partial,,High,Regular,6.0,1
MED-01255,31,Female,Bachelor,Employed,Antihypertensive,1,3,6,Low,0,2,7,Yes,Hypertension,Mild,High,9.0,Moderate,Moderate,Partial,2.5,Moderate,Occasional,7.0,1
MED-01256,46,Male,High School,Student,Antihypertensive,4,3,48,Medium,4,6,5,Yes,Hypertension,None,Moderate,6.0,Low,Moderate,Full,1.6,Moderate,Regular,4.0,1
MED-01257,70,Female,Master,Retired,Respiratory,2,10,13,High,2,7,5,Yes,Asthma/COPD,Mild,High,10.0,Moderate,Difficult,Full,11.0,High,Regular,4.0,1
MED-01258,43,Other,Master,Employed,Antihypertensive,1,2,44,Low,0,2,6,Yes,Hypertension,Mild,Moderate,6.0,High,Moderate,Partial,2.6,Low,Regular,5.0,1
MED-01259,59,Male,Master,Employed,Respiratory,1,7,23,Medium,0,4,6,Yes,Asthma/COPD,None,High,7.0,Moderate,Difficult,Partial,5.2,High,Occasional,9.0,1
MED-01260,63,Male,Bachelor,Employed,Antihypertensive,1,3,112,Low,0,5,8,No,Hypertension,None,Moderate,6.0,Low,Moderate,Full,5.9,Moderate,Regular,10.0,1
MED-01261,40,Female,Bachelor,Employed,Antihypertensive,1,2,77,Low,5,7,5,No,Hypertension,None,High,8.0,Moderate,Easy,Full,15.8,Low,Regular,10.0,1
MED-01262,52,Male,Bachelor,Employed,Other Chronic,1,2,120,Low,2,8,8,Yes,Multimorbidity,Moderate,Low,5.0,Moderate,Easy,Full,2.7,High,Regular,6.0,1
MED-01263,18,Female,High School,Employed,Antidiabetic,1,3,12,Low,2,5,7,No,Multimorbidity,None,Low,4.0,High,Easy,Full,4.9,High,Regular,8.0,1
MED-01264,38,Male,Bachelor,Unemployed,Cardiovascular,2,5,26,Medium,4,4,3,Yes,Heart Disease,None,High,9.0,Moderate,Easy,Partial,1.8,Moderate,Rare,7.0,0
MED-01265,49,Male,None,Unemployed,Cardiovascular,1,3,6,Low,1,1,7,No,Multimorbidity,None,High,9.0,Low,Easy,Full,,Moderate,Occasional,7.0,1
MED-01266,35,Female,High School,Retired,Cardiovascular,1,3,36,Low,3,5,1,Yes,Multimorbidity,Moderate,High,10.0,Low,Moderate,None,1.9,Low,Occasional,7.0,1
MED-01267,75,Female,High School,Retired,Psychiatric,1,7,13,Medium,4,9,4,No,Multimorbidity,Mild,Low,4.0,Low,Easy,Full,6.3,High,Regular,7.0,0
MED-01268,32,Female,High School,Self-Employed,Cardiovascular,1,3,28,Low,2,7,7,Yes,Multimorbidity,Moderate,Moderate,6.0,Moderate,Moderate,Partial,6.6,Moderate,Occasional,3.0,0
MED-01269,46,Male,High School,Self-Employed,Antidiabetic,1,4,4,Low,5,5,6,No,Multimorbidity,Moderate,High,7.0,Low,Difficult,Partial,4.4,Moderate,Occasional,6.0,0
MED-01270,54,Female,High School,Self-Employed,Psychiatric,2,2,4,Low,4,5,2,Yes,Multimorbidity,Moderate,Moderate,5.0,Low,Easy,Partial,1.9,Moderate,Occasional,7.0,0
MED-01271,73,Female,Bachelor,Retired,Antihypertensive,4,2,14,Medium,3,3,4,Yes,Hypertension,Mild,High,10.0,Moderate,Easy,Full,2.0,Moderate,Rare,10.0,1
MED-01272,32,Female,None,Employed,Antidiabetic,3,6,16,High,3,4,1,No,Diabetes,None,Moderate,8.0,Low,Difficult,Full,2.0,Low,Occasional,8.0,0
MED-01273,69,Female,Bachelor,Self-Employed,Other Chronic,3,3,62,Medium,6,5,3,No,Multimorbidity,Moderate,Moderate,9.0,Low,Easy,Partial,4.3,Moderate,Regular,9.0,0
MED-01274,53,Female,High School,Employed,Cardiovascular,1,3,20,Low,0,5,7,Yes,Heart Disease,None,High,9.0,Moderate,Easy,Partial,1.0,Low,Occasional,7.0,1
MED-01275,39,Male,Bachelor,Employed,Respiratory,1,3,39,Low,3,7,5,Yes,Asthma/COPD,None,Moderate,7.0,Moderate,Easy,Full,2.5,High,Regular,10.0,1
MED-01276,59,Male,Bachelor,Employed,Cardiovascular,1,4,6,Low,0,7,7,Yes,Heart Disease,None,Moderate,8.0,High,Easy,Full,1.2,Moderate,Rare,7.0,1
MED-01277,55,Female,Bachelor,Employed,Respiratory,3,5,33,Medium,3,6,6,Yes,Multimorbidity,Mild,Moderate,6.0,Low,Moderate,Partial,4.9,High,Occasional,8.0,1
MED-01278,44,Male,Bachelor,Self-Employed,Psychiatric,1,2,31,Low,0,2,6,Yes,Multimorbidity,None,High,8.0,High,Moderate,Partial,1.6,Moderate,Occasional,,1
MED-01279,53,Female,High School,Employed,Antihypertensive,2,5,43,Medium,0,2,8,Yes,Hypertension,Moderate,Low,4.0,Low,Easy,Full,14.4,Moderate,Regular,8.0,1
MED-01280,47,Male,Bachelor,Employed,Antihypertensive,1,8,30,High,2,3,6,No,Hypertension,Moderate,Low,3.0,Moderate,Moderate,None,,Moderate,Regular,6.0,0
MED-01281,54,Female,High School,Unemployed,Antidiabetic,1,4,81,Low,2,5,8,No,Diabetes,None,High,8.0,Moderate,Easy,Partial,3.1,High,Regular,10.0,1
MED-01282,62,Female,High School,Employed,Cardiovascular,4,3,21,Medium,4,1,1,No,Heart Disease,None,High,10.0,Low,Easy,Full,4.5,High,Regular,6.0,1
MED-01283,75,Male,Bachelor,Employed,Antihypertensive,3,5,14,Medium,0,4,9,No,Hypertension,None,Moderate,7.0,Moderate,Moderate,Full,4.7,High,Regular,5.0,1
MED-01284,35,Male,None,Employed,Antihypertensive,3,5,44,Medium,3,8,3,No,Multimorbidity,None,High,10.0,High,Moderate,Partial,1.6,Moderate,Regular,7.0,0
MED-01285,82,Male,Bachelor,Retired,Antidiabetic,2,8,33,High,5,6,4,No,Multimorbidity,Mild,High,10.0,High,Easy,None,8.4,High,Occasional,10.0,0
MED-01286,25,Female,Bachelor,Employed,Other Chronic,3,7,14,High,4,4,5,No,Multimorbidity,Mild,High,8.0,Moderate,Moderate,Full,3.1,Moderate,Regular,5.0,0
MED-01287,50,Female,High School,Retired,Cardiovascular,2,3,39,Medium,2,3,8,No,Heart Disease,Moderate,Moderate,5.0,Moderate,Moderate,Partial,1.9,Moderate,Rare,6.0,0
MED-01288,61,Male,High School,Employed,Antidiabetic,4,7,53,High,4,6,4,No,Diabetes,None,Moderate,5.0,Low,Difficult,Partial,5.0,Moderate,Regular,7.0,0
MED-01289,56,Female,High School,Employed,Antihypertensive,1,2,34,Low,1,5,5,No,Multimorbidity,Mild,High,7.0,Low,Moderate,None,1.4,Moderate,Regular,4.0,1
MED-01290,44,Male,Master,Employed,Antidiabetic,2,4,30,Medium,3,4,4,Yes,Diabetes,Mild,High,10.0,Low,Easy,Full,5.4,Low,Rare,4.0,1
MED-01291,50,Male,Bachelor,Employed,Antihypertensive,2,9,9,High,1,3,7,No,Hypertension,Mild,Low,4.0,Moderate,Moderate,Partial,4.3,High,Rare,9.0,0
MED-01292,46,Female,High School,Self-Employed,Antihypertensive,1,4,21,Low,0,5,8,Yes,Multimorbidity,None,High,7.0,Low,Easy,Full,2.0,Moderate,Regular,7.0,1
MED-01293,44,Male,High School,Self-Employed,Psychiatric,3,3,13,Medium,3,4,10,No,Depression/Anxiety,None,Moderate,4.0,Moderate,Easy,Partial,6.8,High,Regular,5.0,0
MED-01294,64,Male,Bachelor,Employed,Other Chronic,4,6,40,High,3,6,10,No,Multimorbidity,None,High,7.0,Moderate,Moderate,Partial,5.6,Moderate,Regular,6.0,1
MED-01295,57,Male,Master,Employed,Antihypertensive,2,4,9,Medium,3,7,8,No,Hypertension,None,Moderate,6.0,Moderate,Difficult,Partial,2.6,Moderate,Regular,6.0,1
MED-01296,43,Male,None,Unemployed,Antihypertensive,1,5,10,Medium,0,1,7,No,Multimorbidity,None,High,9.0,Moderate,Easy,Full,5.0,Moderate,Regular,7.0,1
MED-01297,65,Male,High School,Retired,Antidiabetic,2,4,12,Medium,3,2,4,No,Diabetes,Mild,High,8.0,Moderate,Easy,Partial,1.2,Moderate,Regular,7.0,1
MED-01298,57,Male,Master,Employed,Antidiabetic,3,6,15,High,3,7,10,No,Diabetes,None,Moderate,8.0,High,Moderate,Full,4.8,High,Occasional,3.0,0
MED-01299,64,Female,None,Self-Employed,Antihypertensive,2,3,11,Medium,1,5,7,No,Hypertension,Moderate,Moderate,5.0,High,Difficult,Full,1.1,High,Rare,9.0,0
MED-01300,61,Male,High School,Employed,Antidiabetic,1,5,20,Medium,0,2,6,Yes,Diabetes,Severe,Low,4.0,Moderate,Moderate,Partial,3.7,Moderate,Rare,7.0,1
MED-01301,41,Female,Master,Self-Employed,Antihypertensive,2,3,21,Medium,1,7,7,No,Hypertension,Mild,High,9.0,Low,Moderate,None,5.6,Moderate,Regular,6.0,1
MED-01302,45,Male,Bachelor,Employed,Respiratory,1,4,49,Low,4,5,5,No,Asthma/COPD,None,High,9.0,Moderate,Difficult,Partial,4.3,High,Regular,9.0,1
MED-01303,63,Male,High School,Unemployed,Cardiovascular,3,8,14,High,4,9,1,Yes,Heart Disease,Mild,Moderate,6.0,Low,Easy,Full,10.6,High,Occasional,5.0,0
MED-01304,61,Female,None,Employed,Cardiovascular,1,6,16,Medium,0,4,7,Yes,Multimorbidity,None,High,10.0,Moderate,Moderate,Partial,,Moderate,Rare,,1
MED-01305,52,Female,None,Employed,Antidiabetic,2,3,38,Medium,3,7,9,Yes,Diabetes,Mild,High,7.0,Low,Moderate,Full,4.5,Low,Regular,,1
MED-01306,54,Male,High School,Employed,Psychiatric,3,6,43,High,3,1,7,No,Depression/Anxiety,None,High,7.0,High,Moderate,Full,0.7,Moderate,Rare,8.0,1
MED-01307,70,Female,Master,Retired,Other Chronic,1,5,29,Medium,1,8,6,Yes,Multimorbidity,None,Moderate,6.0,Moderate,Easy,Partial,2.3,High,Regular,9.0,1
MED-01308,44,Female,High School,Employed,Antihypertensive,1,3,38,Low,1,7,6,Yes,Hypertension,None,Low,6.0,Low,Moderate,Full,2.6,High,Regular,8.0,1
MED-01309,60,Female,Bachelor,Employed,Antihypertensive,1,1,6,Low,3,8,7,No,Hypertension,None,High,8.0,Moderate,Moderate,Partial,10.8,Moderate,Regular,6.0,1
MED-01310,50,Female,Master,Employed,Antidiabetic,1,2,46,Low,1,7,6,Yes,Multimorbidity,Mild,High,7.0,High,Moderate,Partial,3.3,Moderate,Rare,4.0,1
MED-01311,49,Male,High School,Unemployed,Antihypertensive,1,3,26,Low,2,4,6,No,Multimorbidity,None,High,9.0,Low,Easy,Partial,6.6,High,Regular,6.0,1
MED-01312,68,Male,High School,Retired,Antidiabetic,4,9,39,High,1,2,6,Yes,Diabetes,None,Moderate,7.0,Moderate,Easy,Full,1.7,High,Regular,7.0,1
MED-01313,64,Female,Bachelor,Employed,Cardiovascular,3,6,31,High,1,3,9,No,Heart Disease,None,High,7.0,Low,Moderate,Full,2.6,Moderate,Occasional,6.0,1
MED-01314,64,Male,Master,Employed,Antidiabetic,3,10,20,High,2,1,7,No,Diabetes,Mild,Moderate,7.0,Moderate,Easy,Partial,1.8,High,Rare,6.0,0
MED-01315,71,Female,Bachelor,Unemployed,Antidiabetic,4,1,34,Medium,3,2,6,No,Multimorbidity,None,High,9.0,Low,Easy,Full,1.6,Moderate,Regular,5.0,1
MED-01316,53,Male,None,Employed,Antidiabetic,1,1,18,Low,7,5,8,No,Diabetes,Moderate,Moderate,5.0,Low,Moderate,Full,1.7,Low,Occasional,5.0,1
MED-01317,62,Male,Bachelor,Employed,Other Chronic,1,8,91,High,0,4,8,Yes,Multimorbidity,Mild,High,7.0,Moderate,Easy,Full,2.1,Low,Rare,4.0,1
MED-01318,48,Female,Bachelor,Retired,Antihypertensive,1,1,8,Low,3,4,8,No,Hypertension,Mild,High,10.0,Low,Easy,Full,15.4,Moderate,Rare,7.0,1
MED-01319,57,Male,Master,Employed,Cardiovascular,3,3,45,Medium,1,3,5,Yes,Heart Disease,None,High,8.0,High,Moderate,Full,3.2,High,Rare,7.0,1
MED-01320,51,Female,High School,Employed,Antihypertensive,2,2,33,Low,0,1,5,Yes,Hypertension,None,High,4.0,Moderate,Moderate,Full,1.2,High,Rare,7.0,1
MED-01321,54,Female,Bachelor,Self-Employed,Antihypertensive,1,8,26,High,1,5,4,Yes,Hypertension,Mild,High,9.0,Low,Easy,None,2.2,High,Regular,6.0,1
MED-01322,61,Female,Master,Unemployed,Cardiovascular,1,4,15,Low,2,5,8,No,Multimorbidity,None,High,9.0,Moderate,Easy,None,7.1,High,Regular,6.0,1
MED-01323,41,Female,High School,Employed,Antihypertensive,2,1,34,Low,0,2,8,Yes,Hypertension,Moderate,High,9.0,High,Easy,Partial,2.0,High,Rare,6.0,1
MED-01324,82,Female,High School,Retired,Antihypertensive,2,5,26,Medium,4,3,4,No,Hypertension,Mild,Moderate,8.0,High,Easy,Partial,10.1,High,Occasional,6.0,0
MED-01325,38,Female,None,Employed,Antihypertensive,3,2,7,Medium,3,8,7,No,Hypertension,None,Moderate,7.0,Low,Easy,Full,7.2,Moderate,Regular,7.0,1
MED-01326,36,Female,High School,Self-Employed,Cardiovascular,1,1,40,Low,3,7,9,No,Multimorbidity,Moderate,Moderate,5.0,Low,Easy,Partial,2.9,Moderate,Occasional,10.0,1
MED-01327,69,Male,High School,Retired,Cardiovascular,3,6,34,High,0,1,6,Yes,Heart Disease,None,High,8.0,High,Easy,Full,2.0,High,Regular,6.0,1
MED-01328,64,Male,Master,Unemployed,Antihypertensive,2,7,13,High,3,4,7,No,Hypertension,None,High,10.0,Low,Difficult,Full,1.6,High,Occasional,6.0,1
MED-01329,61,Male,High School,Self-Employed,Cardiovascular,2,2,50,Low,3,8,8,No,Heart Disease,None,Moderate,7.0,Moderate,Moderate,Full,3.8,Moderate,Regular,6.0,1
MED-01330,61,Male,High School,Employed,Antihypertensive,4,4,48,High,0,4,3,Yes,Multimorbidity,None,Moderate,5.0,Low,Moderate,Full,4.5,High,Occasional,6.0,1
MED-01331,52,Female,Bachelor,Employed,Cardiovascular,3,4,11,Medium,0,4,7,Yes,Heart Disease,Moderate,High,7.0,Moderate,Moderate,Full,9.1,High,Rare,6.0,1
MED-01332,40,Female,High School,Employed,Antidiabetic,1,4,34,Low,0,7,9,Yes,Diabetes,None,Moderate,7.0,High,Easy,Full,4.3,High,Occasional,6.0,1
MED-01333,54,Female,High School,Employed,Cardiovascular,1,2,43,Low,4,7,5,No,Heart Disease,Mild,Low,2.0,Moderate,Easy,None,2.5,Moderate,Occasional,8.0,0
MED-01334,43,Male,Bachelor,Employed,Other Chronic,2,8,9,High,2,7,8,No,Multimorbidity,None,Moderate,8.0,Moderate,Difficult,Partial,9.3,Moderate,Regular,,0
MED-01335,66,Female,Master,Unemployed,Psychiatric,2,5,5,Medium,3,4,6,No,Depression/Anxiety,Severe,High,7.0,Low,Moderate,Partial,6.1,Moderate,Regular,9.0,0
MED-01336,50,Male,Bachelor,Employed,Antihypertensive,2,7,22,High,1,6,5,Yes,Hypertension,Moderate,Moderate,4.0,Low,Moderate,Full,2.0,High,Occasional,9.0,0
MED-01337,41,Female,Bachelor,Employed,Psychiatric,4,2,18,Medium,3,8,6,No,Depression/Anxiety,Mild,High,8.0,Low,Difficult,Full,3.1,Moderate,Occasional,6.0,0
MED-01338,48,Female,High School,Employed,Antihypertensive,1,1,25,Low,4,4,5,No,Hypertension,Mild,High,9.0,High,Moderate,Partial,5.4,High,Regular,4.0,0
MED-01339,58,Male,Master,Employed,Other Chronic,2,4,69,Medium,4,4,4,No,Multimorbidity,None,High,10.0,Moderate,Easy,Partial,4.2,Moderate,Rare,10.0,1
MED-01340,45,Male,High School,Employed,Antihypertensive,1,3,44,Low,1,7,6,Yes,Multimorbidity,None,Moderate,8.0,Low,Easy,None,1.6,Moderate,Occasional,2.0,1
MED-01341,41,Male,Bachelor,Self-Employed,Antidiabetic,3,4,16,Medium,6,9,6,Yes,Diabetes,None,Moderate,9.0,Low,Easy,Full,3.8,Moderate,Occasional,6.0,1
MED-01342,56,Female,High School,Employed,Antihypertensive,4,5,30,High,5,9,6,Yes,Hypertension,None,High,9.0,High,Difficult,Full,2.0,High,Regular,4.0,0
MED-01343,56,Female,Master,Employed,Antihypertensive,2,2,28,Low,2,4,6,No,Hypertension,Mild,High,8.0,Low,Easy,Partial,3.5,High,Rare,8.0,1
MED-01344,45,Female,Bachelor,Student,Cardiovascular,1,6,48,Medium,1,4,7,No,Heart Disease,None,Low,3.0,Low,Easy,None,1.3,High,Rare,5.0,0
MED-01345,46,Male,Bachelor,Student,Psychiatric,3,3,45,Medium,0,2,7,Yes,Depression/Anxiety,Mild,Moderate,6.0,Moderate,Moderate,Full,1.7,Moderate,Occasional,9.0,1
MED-01346,56,Male,High School,Employed,Cardiovascular,2,8,25,High,1,5,4,Yes,Heart Disease,Mild,Moderate,7.0,Low,Easy,Partial,16.0,Moderate,Regular,7.0,1
MED-01347,32,Female,High School,Self-Employed,Cardiovascular,1,2,39,Low,2,2,6,No,Multimorbidity,None,Moderate,7.0,Low,Easy,Full,2.4,High,Regular,10.0,1
MED-01348,33,Female,Bachelor,Employed,Respiratory,3,5,53,Medium,0,3,2,Yes,Asthma/COPD,Moderate,Moderate,8.0,High,Moderate,Partial,7.7,Moderate,Regular,7.0,1
MED-01349,42,Male,Bachelor,Self-Employed,Antihypertensive,4,3,40,Medium,0,6,6,Yes,Hypertension,None,Moderate,7.0,Moderate,Moderate,Partial,3.0,Moderate,Regular,9.0,1
MED-01350,50,Male,High School,Employed,Antihypertensive,2,6,16,Medium,1,5,7,Yes,Hypertension,None,High,6.0,Moderate,Easy,Full,1.3,High,Regular,5.0,1
MED-01351,57,Female,Master,Employed,Antihypertensive,2,4,16,Medium,0,1,7,Yes,Multimorbidity,None,High,7.0,Moderate,Easy,Partial,1.5,High,Regular,9.0,1
MED-01352,73,Male,Master,Employed,Antidiabetic,1,7,7,Medium,1,8,7,Yes,Multimorbidity,None,High,7.0,Low,Moderate,Partial,1.8,Low,Regular,7.0,1
MED-01353,65,Male,High School,Retired,Antihypertensive,2,4,15,Medium,0,2,7,Yes,Multimorbidity,None,Moderate,6.0,High,Moderate,Full,16.6,Moderate,Rare,7.0,1
MED-01354,50,Male,Bachelor,Employed,Antihypertensive,2,5,16,Medium,3,2,6,No,Hypertension,Mild,Moderate,3.0,Low,Moderate,Full,2.8,High,Occasional,9.0,1
MED-01355,52,Female,Bachelor,Employed,Antihypertensive,1,9,4,High,1,2,5,No,Hypertension,Severe,Moderate,7.0,High,Moderate,Full,3.8,Moderate,Regular,8.0,0
MED-01356,38,Female,High School,Employed,Antihypertensive,1,3,12,Low,1,3,4,Yes,Hypertension,Moderate,Low,1.0,Low,Easy,None,5.5,Low,Occasional,5.0,0
MED-01357,52,Female,High School,Self-Employed,Psychiatric,1,2,10,Low,0,3,6,Yes,Multimorbidity,None,High,8.0,High,Moderate,Full,4.8,High,Regular,6.0,1
MED-01358,48,Female,Bachelor,Self-Employed,Antihypertensive,1,2,19,Low,0,3,5,Yes,Hypertension,Moderate,Moderate,7.0,Moderate,Moderate,Full,6.4,Moderate,Rare,5.0,1
MED-01359,57,Female,Bachelor,Employed,Antidiabetic,2,2,28,Low,0,1,6,No,Diabetes,Severe,Low,3.0,Low,Difficult,Full,2.2,High,Occasional,8.0,1
MED-01360,41,Male,High School,Employed,Cardiovascular,2,4,15,Medium,4,5,5,No,Heart Disease,None,Low,2.0,Low,Easy,Partial,1.4,High,Regular,6.0,0
MED-01361,60,Female,Bachelor,Employed,Antidiabetic,2,4,64,Medium,0,5,7,Yes,Diabetes,Moderate,Low,5.0,Low,Moderate,Full,1.6,Moderate,Regular,6.0,1
MED-01362,74,Male,Bachelor,Retired,Antihypertensive,1,4,11,Low,1,9,6,Yes,Hypertension,Severe,Moderate,6.0,Low,Difficult,Partial,1.1,Moderate,Regular,7.0,1
MED-01363,51,Female,Bachelor,Self-Employed,Antidiabetic,2,6,3,Medium,6,6,7,No,Diabetes,Moderate,Moderate,6.0,Moderate,Easy,Full,2.2,Moderate,Occasional,6.0,0
MED-01364,58,Male,None,Employed,Antihypertensive,3,4,24,Medium,3,3,7,No,Hypertension,None,High,9.0,Moderate,Difficult,Full,0.3,Moderate,Occasional,9.0,1
MED-01365,62,Male,Master,Employed,Antidiabetic,2,3,42,Medium,0,2,6,Yes,Diabetes,Mild,High,7.0,Moderate,Easy,Full,5.7,High,Regular,8.0,1
MED-01366,47,Male,High School,Employed,Antihypertensive,4,4,19,High,3,4,6,Yes,Hypertension,None,Low,5.0,Low,Easy,Full,5.1,Moderate,Regular,8.0,0
MED-01367,56,Male,High School,Employed,Cardiovascular,2,5,20,Medium,4,5,7,No,Multimorbidity,Severe,Moderate,5.0,Low,Moderate,Full,1.6,Moderate,Regular,6.0,0
MED-01368,53,Male,High School,Employed,Cardiovascular,2,10,76,High,1,3,10,Yes,Heart Disease,None,High,8.0,Moderate,Easy,None,1.2,High,Regular,8.0,1
MED-01369,54,Male,High School,Employed,Antidiabetic,1,9,44,High,1,5,4,Yes,Diabetes,Moderate,Low,4.0,High,Moderate,Partial,10.4,High,Regular,8.0,0
MED-01370,42,Other,Master,Employed,Antidiabetic,2,2,30,Low,7,9,6,No,Diabetes,None,Moderate,7.0,Low,Easy,Partial,6.9,High,Regular,4.0,0
MED-01371,53,Male,High School,Employed,Antidiabetic,3,4,25,Medium,2,4,4,Yes,Diabetes,None,High,10.0,Low,Moderate,Full,2.7,High,Occasional,6.0,1
MED-01372,59,Female,Bachelor,Employed,Respiratory,4,4,4,High,1,1,6,No,Asthma/COPD,Moderate,High,6.0,Low,Moderate,Partial,2.0,Moderate,Occasional,6.0,0
MED-01373,73,Female,High School,Retired,Antihypertensive,4,9,56,High,6,6,5,No,Hypertension,Moderate,High,10.0,Low,Easy,Partial,3.4,Moderate,Rare,10.0,0
MED-01374,66,Other,High School,Employed,Respiratory,1,2,26,Low,1,5,6,Yes,Asthma/COPD,None,Moderate,6.0,Moderate,Easy,Full,1.1,High,Regular,6.0,1
MED-01375,83,Female,Doctorate,Retired,Respiratory,2,8,9,High,1,1,7,No,Asthma/COPD,Severe,Moderate,,Low,Difficult,Partial,4.1,High,Rare,8.0,0
MED-01376,42,Female,Bachelor,Employed,Antidiabetic,2,4,38,Medium,2,5,5,No,Diabetes,Moderate,Moderate,2.0,High,Moderate,Partial,1.3,High,Occasional,9.0,0
MED-01377,65,Male,High School,Retired,Antihypertensive,2,5,45,Medium,0,2,2,Yes,Multimorbidity,Moderate,Moderate,5.0,Low,Difficult,Full,0.6,Moderate,Regular,5.0,1
MED-01378,55,Male,Bachelor,Unemployed,Antidiabetic,1,4,20,Low,0,5,9,Yes,Multimorbidity,Mild,High,10.0,Low,Easy,Full,1.8,High,Occasional,7.0,1
MED-01379,83,Male,High School,Retired,Antihypertensive,3,6,17,High,5,9,8,No,Multimorbidity,Severe,Low,3.0,Low,Moderate,Partial,1.6,High,Occasional,10.0,0
MED-01380,41,Female,High School,Employed,Antihypertensive,3,1,23,Low,3,4,6,No,Hypertension,Moderate,Moderate,3.0,Moderate,Difficult,Full,12.9,High,Regular,4.0,0
MED-01381,41,Female,Bachelor,Employed,Antihypertensive,2,4,14,Medium,3,7,4,No,Hypertension,Moderate,Moderate,5.0,Moderate,Easy,Partial,11.7,Moderate,Regular,6.0,0
MED-01382,44,Male,Bachelor,Employed,Antihypertensive,1,4,11,Low,0,2,6,Yes,Hypertension,None,High,10.0,High,Moderate,Full,1.4,Moderate,Regular,7.0,1
MED-01383,23,Male,High School,Student,Antidiabetic,1,3,25,Low,0,1,7,No,Multimorbidity,Mild,High,10.0,Low,Easy,Partial,3.1,Low,Occasional,8.0,1
MED-01384,45,Female,Master,Employed,Respiratory,2,4,44,Medium,4,9,8,No,Asthma/COPD,Moderate,Low,5.0,Low,Easy,Partial,2.0,Moderate,Occasional,7.0,0
MED-01385,42,Male,Bachelor,Self-Employed,Antihypertensive,1,7,72,Medium,1,5,8,No,Hypertension,Mild,High,10.0,High,Easy,Partial,13.2,Low,Regular,8.0,1
MED-01386,55,Female,High School,Self-Employed,Psychiatric,3,3,26,Medium,3,6,8,No,Depression/Anxiety,Moderate,Low,1.0,Low,Easy,None,0.8,Moderate,Regular,9.0,0
MED-01387,57,Female,Bachelor,Employed,Other Chronic,2,5,64,Medium,8,7,3,Yes,Multimorbidity,Severe,Low,2.0,High,Easy,Full,4.7,Moderate,Regular,7.0,0
MED-01388,79,Female,Bachelor,Retired,Other Chronic,2,3,11,Medium,2,3,6,No,Multimorbidity,Moderate,Moderate,6.0,Moderate,Easy,Partial,8.7,Low,Regular,7.0,1
MED-01389,66,Female,Bachelor,Retired,Respiratory,2,4,43,Medium,1,6,8,Yes,Asthma/COPD,None,High,8.0,Low,Easy,Full,2.2,High,Occasional,8.0,1
MED-01390,44,Female,High School,Employed,Antidiabetic,1,3,20,Low,3,6,4,No,Diabetes,None,High,9.0,Low,Easy,Partial,3.4,Low,Rare,10.0,0
MED-01391,40,Female,Bachelor,Employed,Antihypertensive,4,5,89,High,1,2,9,Yes,Hypertension,None,High,10.0,Moderate,Easy,Full,7.3,High,Regular,8.0,1
MED-01392,59,Female,High School,Self-Employed,Cardiovascular,2,8,16,High,5,8,10,No,Heart Disease,Mild,Moderate,7.0,High,Easy,Full,1.4,Moderate,Regular,9.0,0
MED-01393,34,Female,Bachelor,Employed,Cardiovascular,4,3,30,Medium,3,7,9,No,Heart Disease,None,Moderate,4.0,Moderate,Difficult,Partial,5.4,Moderate,Regular,4.0,0
MED-01394,78,Male,Bachelor,Retired,Respiratory,2,8,7,High,0,2,8,No,Asthma/COPD,None,Moderate,8.0,Moderate,Easy,Full,1.0,High,Regular,6.0,1
MED-01395,69,Male,High School,Retired,Other Chronic,2,2,18,Low,4,5,5,No,Multimorbidity,None,High,9.0,Moderate,Moderate,Full,1.0,Low,Regular,4.0,1
MED-01396,46,Male,Bachelor,Retired,Antidiabetic,1,7,48,Medium,0,4,7,No,Diabetes,Moderate,Moderate,3.0,Moderate,Easy,Full,6.3,Low,Regular,7.0,0
MED-01397,29,Male,Master,Employed,Antidiabetic,2,3,42,Medium,5,8,3,Yes,Diabetes,None,High,8.0,Moderate,Easy,Partial,1.6,Moderate,Occasional,10.0,0
MED-01398,71,Female,Master,Retired,Antihypertensive,3,7,30,High,0,1,5,Yes,Hypertension,None,Moderate,4.0,Low,Easy,Partial,3.8,High,Regular,4.0,1
MED-01399,51,Female,High School,Employed,Antihypertensive,3,1,43,Low,6,10,5,No,Hypertension,Mild,Moderate,7.0,High,Difficult,None,1.4,Moderate,Rare,10.0,0
MED-01400,70,Male,High School,Retired,Antidiabetic,3,5,24,Medium,4,4,6,No,Diabetes,None,High,8.0,Low,Moderate,None,4.1,High,Regular,7.0,1
MED-01401,30,Male,Bachelor,Employed,Cardiovascular,1,4,68,Low,3,6,5,Yes,Heart Disease,None,Moderate,5.0,Low,Easy,Partial,1.0,Low,Regular,9.0,1
MED-01402,44,Female,High School,Employed,Respiratory,4,6,6,High,6,8,7,Yes,Asthma/COPD,None,High,9.0,Low,Easy,Full,8.8,High,Rare,9.0,0
MED-01403,53,Male,Master,Employed,Antidiabetic,4,4,30,High,5,4,8,No,Diabetes,Mild,Low,3.0,High,Moderate,Full,6.1,Moderate,Regular,10.0,0
MED-01404,53,Male,High School,Employed,Psychiatric,1,3,8,Low,3,4,5,Yes,Depression/Anxiety,None,High,10.0,Low,Easy,Full,2.1,Moderate,Occasional,8.0,1
MED-01405,46,Female,High School,Student,Cardiovascular,4,7,12,High,1,3,7,No,Heart Disease,Severe,Low,3.0,High,Difficult,Full,0.8,High,Regular,5.0,0
MED-01406,61,Female,High School,Employed,Respiratory,1,3,17,Low,1,3,5,Yes,Multimorbidity,None,Low,4.0,Moderate,Moderate,None,2.8,Moderate,Regular,9.0,1
MED-01407,38,Male,High School,Employed,Antihypertensive,2,5,20,Medium,2,5,7,No,Hypertension,Severe,Low,4.0,Moderate,Difficult,Partial,2.5,High,Rare,1.0,0
MED-01408,51,Male,Bachelor,Employed,Psychiatric,1,6,24,Medium,0,4,8,No,Depression/Anxiety,Mild,Moderate,7.0,Moderate,Easy,Full,2.2,High,Regular,5.0,1
MED-01409,54,Male,High School,Self-Employed,Cardiovascular,4,1,25,Medium,3,3,8,No,Heart Disease,Moderate,High,8.0,Low,Easy,None,7.3,Low,Occasional,6.0,0
MED-01410,60,Female,High School,Employed,Antihypertensive,1,5,17,Medium,0,4,8,Yes,Hypertension,None,Moderate,7.0,High,Difficult,Partial,8.2,High,Occasional,3.0,1
MED-01411,62,Female,High School,Employed,Antihypertensive,2,2,26,Low,4,6,7,No,Hypertension,Mild,High,8.0,High,Easy,None,4.6,High,Occasional,10.0,0
MED-01412,37,Male,Bachelor,Employed,Psychiatric,2,3,9,Medium,2,3,3,Yes,Depression/Anxiety,Moderate,High,8.0,Low,Easy,Full,10.2,High,Occasional,9.0,1
MED-01413,31,Female,High School,Self-Employed,Antihypertensive,1,5,45,Medium,3,4,4,No,Multimorbidity,Mild,Moderate,9.0,High,Moderate,Full,0.4,High,Occasional,8.0,0
MED-01414,70,Female,Bachelor,Retired,Antidiabetic,2,10,39,High,2,6,4,No,Diabetes,Mild,Moderate,2.0,Moderate,Easy,Full,2.6,Moderate,Regular,9.0,0
MED-01415,57,Male,Bachelor,Employed,Antidiabetic,1,6,68,Medium,3,5,7,No,Diabetes,None,Moderate,10.0,Moderate,Difficult,Full,2.6,High,Occasional,8.0,1
MED-01416,42,Female,Bachelor,Employed,Cardiovascular,2,6,34,Medium,2,2,3,No,Heart Disease,None,Moderate,5.0,Low,Difficult,Full,6.2,High,Regular,9.0,1
MED-01417,74,Female,Master,Retired,Respiratory,4,5,37,High,2,4,7,Yes,Asthma/COPD,None,High,9.0,Low,Easy,Full,2.6,Low,Regular,9.0,1
MED-01418,54,Male,Master,Employed,Antidiabetic,3,6,37,High,3,5,7,No,Multimorbidity,Severe,Low,1.0,Low,Easy,Partial,5.0,Moderate,Rare,4.0,0
MED-01419,69,Male,Master,Retired,Antidiabetic,3,5,13,Medium,2,7,2,Yes,Diabetes,Mild,High,10.0,Low,Easy,Full,2.3,High,Regular,9.0,1
MED-01420,53,Female,High School,Unemployed,Other Chronic,1,2,30,Low,2,3,4,No,Multimorbidity,None,High,7.0,High,Easy,Partial,2.0,Low,Regular,9.0,1
MED-01421,81,Female,High School,Self-Employed,Respiratory,1,6,19,Medium,0,3,8,Yes,Asthma/COPD,None,High,10.0,Low,Easy,None,6.1,Low,Regular,6.0,1
MED-01422,77,Female,High School,Retired,Psychiatric,2,3,32,Medium,0,3,8,Yes,Depression/Anxiety,Mild,High,8.0,Moderate,Easy,Partial,3.3,High,Rare,6.0,1
MED-01423,49,Female,Master,Employed,Antidiabetic,1,2,35,Low,2,3,4,No,Diabetes,None,High,9.0,Low,Easy,Partial,4.2,Low,Regular,5.0,1
MED-01424,66,Female,Doctorate,Retired,Antihypertensive,4,4,42,High,2,5,4,Yes,Hypertension,Mild,High,7.0,Moderate,Easy,Partial,1.3,Moderate,Occasional,,0
MED-01425,62,Male,Master,Unemployed,Antidiabetic,1,4,37,Low,4,6,1,Yes,Multimorbidity,None,High,10.0,Low,Moderate,Full,5.5,Low,Occasional,8.0,1
MED-01426,72,Female,High School,Retired,Cardiovascular,3,7,37,High,0,7,9,Yes,Heart Disease,None,High,,Moderate,Difficult,Full,1.5,Low,Regular,7.0,1
MED-01427,39,Male,Master,Employed,Antihypertensive,1,4,20,Low,1,4,6,No,Multimorbidity,Mild,Moderate,8.0,Moderate,Easy,Full,12.0,Moderate,Occasional,5.0,1
MED-01428,62,Male,High School,Employed,Antihypertensive,3,1,112,Low,0,1,10,Yes,Hypertension,None,Moderate,4.0,Low,Moderate,Full,2.7,High,Rare,10.0,1
MED-01429,67,Female,None,Retired,Antihypertensive,1,3,36,Low,2,6,6,No,Hypertension,None,Low,3.0,Moderate,Moderate,Partial,2.4,Low,Occasional,6.0,0
MED-01430,28,Female,High School,Employed,Antidiabetic,1,8,27,High,2,5,7,No,Diabetes,Moderate,Low,4.0,High,Easy,Full,6.5,Moderate,Regular,8.0,0
MED-01431,36,Male,None,Self-Employed,Respiratory,2,2,53,Low,1,5,8,Yes,Asthma/COPD,None,Moderate,5.0,Low,Moderate,Full,3.2,High,Occasional,8.0,1
MED-01432,24,Female,Bachelor,Unemployed,Antihypertensive,1,3,21,Low,0,2,10,Yes,Hypertension,Mild,Moderate,8.0,High,Easy,Partial,5.7,Moderate,Regular,3.0,1
MED-01433,49,Male,High School,Student,Cardiovascular,2,7,8,High,2,4,7,No,Heart Disease,Moderate,Moderate,5.0,Moderate,Easy,Partial,2.7,High,Rare,7.0,0
MED-01434,63,Male,High School,Employed,Psychiatric,2,5,16,Medium,3,2,6,No,Depression/Anxiety,None,Moderate,6.0,High,Easy,Full,5.7,Low,Regular,9.0,1
MED-01435,74,Male,Bachelor,Retired,Antihypertensive,1,3,11,Low,2,6,6,No,Hypertension,None,Moderate,8.0,High,Easy,Full,3.1,Moderate,Regular,7.0,1
MED-01436,54,Female,Master,Employed,Cardiovascular,4,1,32,Medium,4,4,4,No,Heart Disease,Moderate,Low,4.0,Low,Easy,Partial,6.4,High,Regular,9.0,0
MED-01437,75,Female,Bachelor,Retired,Other Chronic,2,1,44,Low,1,3,5,Yes,Multimorbidity,Mild,High,7.0,Moderate,Easy,Partial,7.9,High,Regular,5.0,1
MED-01438,33,Male,High School,Employed,Other Chronic,2,2,10,Low,2,1,6,No,Multimorbidity,Moderate,Moderate,8.0,Moderate,Easy,Partial,1.0,High,Regular,9.0,1
MED-01439,29,Female,Bachelor,Employed,Antihypertensive,2,5,38,Medium,0,7,9,Yes,Hypertension,None,High,10.0,Low,Easy,Full,4.3,Moderate,Occasional,5.0,1
MED-01440,52,Male,Master,Employed,Antihypertensive,2,5,37,Medium,1,4,5,Yes,Hypertension,Moderate,Moderate,3.0,High,Easy,Full,13.1,Moderate,Regular,7.0,0
MED-01441,58,Female,High School,Employed,Antihypertensive,1,4,66,Low,1,5,8,Yes,Hypertension,None,Low,4.0,Moderate,Easy,Full,5.3,Moderate,Rare,9.0,1
MED-01442,52,Male,Bachelor,Employed,Cardiovascular,1,3,50,Low,3,3,6,No,Heart Disease,Moderate,Low,4.0,Low,Moderate,Full,20.7,Moderate,Regular,9.0,1
MED-01443,24,Male,High School,Employed,Cardiovascular,2,1,16,Low,0,1,9,No,Heart Disease,Moderate,Low,3.0,Low,Easy,Full,1.7,High,Regular,4.0,1
MED-01444,51,Female,None,Self-Employed,Cardiovascular,2,2,20,Low,2,3,8,No,Heart Disease,Mild,Moderate,2.0,Moderate,Difficult,None,4.0,Moderate,Rare,6.0,1
MED-01445,34,Male,Bachelor,Employed,Antidiabetic,1,3,21,Low,0,4,7,No,Multimorbidity,Mild,High,9.0,Low,Easy,Partial,4.8,High,Regular,6.0,1
MED-01446,62,Male,Master,Student,Antihypertensive,2,2,60,Low,1,5,8,No,Multimorbidity,None,Moderate,8.0,Low,Easy,Partial,2.2,High,Occasional,9.0,1
MED-01447,58,Female,High School,Self-Employed,Cardiovascular,2,2,68,Low,0,4,8,Yes,Heart Disease,None,Moderate,7.0,High,Easy,Full,1.3,High,Regular,7.0,1
MED-01448,39,Female,Bachelor,Employed,Antidiabetic,1,3,36,Low,1,3,8,No,Multimorbidity,None,High,9.0,Moderate,Moderate,Full,16.9,High,Rare,7.0,1
MED-01449,45,Male,Master,Unemployed,Cardiovascular,1,5,9,Medium,0,1,10,Yes,Multimorbidity,Mild,Moderate,9.0,Moderate,Moderate,Full,7.7,Low,Regular,8.0,1
MED-01450,38,Male,Master,Employed,Antidiabetic,2,6,23,Medium,1,5,10,No,Diabetes,Severe,High,4.0,Low,Difficult,Full,5.0,Low,Occasional,4.0,0
MED-01451,52,Male,High School,Employed,Antidiabetic,1,6,86,Medium,0,3,7,Yes,Diabetes,Moderate,High,9.0,Low,Easy,Partial,3.4,Moderate,Rare,7.0,1
MED-01452,66,Female,Master,Retired,Antihypertensive,1,2,27,Low,3,7,5,Yes,Multimorbidity,None,High,9.0,Moderate,Easy,Partial,3.7,Moderate,Occasional,5.0,1
MED-01453,39,Male,High School,Self-Employed,Antihypertensive,1,4,2,Low,1,5,7,No,Hypertension,Mild,Moderate,5.0,Moderate,Difficult,Partial,5.3,Moderate,Occasional,6.0,1
MED-01454,60,Female,Bachelor,Employed,Antihypertensive,4,8,26,High,7,6,2,No,Hypertension,None,Low,6.0,Low,Moderate,Partial,9.8,Low,Rare,6.0,0
MED-01455,45,Other,None,Employed,Antihypertensive,2,3,55,Medium,3,4,8,No,Hypertension,None,Moderate,10.0,Low,Easy,None,2.0,High,Occasional,8.0,1
MED-01456,41,Male,None,Employed,Antidiabetic,1,1,7,Low,1,5,4,Yes,Diabetes,None,Moderate,8.0,High,Difficult,None,3.6,High,Occasional,5.0,1
MED-01457,51,Male,Bachelor,Self-Employed,Antihypertensive,1,4,9,Low,2,3,9,No,Hypertension,Severe,Low,3.0,High,Moderate,None,2.5,Moderate,Regular,6.0,0
MED-01458,38,Male,High School,Employed,Antihypertensive,2,5,59,Medium,0,2,10,Yes,Multimorbidity,None,Moderate,5.0,Moderate,Easy,Partial,1.5,Moderate,Regular,7.0,1
MED-01459,45,Male,High School,Unemployed,Respiratory,2,3,39,Medium,4,5,3,No,Asthma/COPD,None,High,8.0,Moderate,Easy,Full,2.1,Low,Occasional,10.0,1
MED-01460,36,Female,High School,Unemployed,Antidiabetic,3,3,39,Medium,4,6,6,No,Multimorbidity,None,Moderate,5.0,Low,Easy,Full,3.9,High,Regular,8.0,1
MED-01461,80,Male,Bachelor,Retired,Cardiovascular,3,3,5,Medium,1,1,4,No,Heart Disease,Mild,High,9.0,Low,Moderate,None,2.7,High,Rare,9.0,1
MED-01462,53,Male,None,Self-Employed,Cardiovascular,2,2,17,Low,5,3,3,No,Heart Disease,None,High,8.0,High,Easy,Full,3.4,Moderate,Regular,3.0,1
MED-01463,43,Female,Bachelor,Self-Employed,Cardiovascular,1,4,36,Low,4,9,6,No,Heart Disease,Moderate,High,7.0,Low,Easy,Full,5.7,High,Occasional,10.0,1
MED-01464,55,Male,None,Employed,Other Chronic,3,6,11,High,2,6,8,No,Multimorbidity,Mild,High,10.0,Moderate,Easy,Full,7.9,High,Regular,5.0,1
MED-01465,51,Female,High School,Employed,Antihypertensive,4,1,35,Medium,3,8,8,Yes,Multimorbidity,None,Moderate,10.0,Moderate,Moderate,Partial,24.3,High,Regular,6.0,1
MED-01466,49,Male,High School,Employed,Respiratory,2,3,11,Medium,4,3,7,No,Multimorbidity,Mild,High,9.0,Moderate,Easy,None,5.9,High,Occasional,10.0,1
MED-01467,61,Female,High School,Employed,Other Chronic,2,3,8,Medium,2,3,3,Yes,Multimorbidity,None,High,6.0,Low,Moderate,Full,2.1,High,Regular,7.0,1
MED-01468,63,Female,High School,Employed,Psychiatric,1,5,35,Medium,0,7,6,No,Depression/Anxiety,Mild,High,,Moderate,Moderate,Full,7.6,Moderate,Regular,5.0,1
MED-01469,45,Female,High School,Employed,Antihypertensive,1,8,28,High,3,6,3,No,Hypertension,Mild,High,9.0,Low,Moderate,Partial,2.6,Moderate,Regular,6.0,0
MED-01470,44,Female,Master,Employed,Antidiabetic,2,3,24,Medium,2,4,3,Yes,Diabetes,Mild,Moderate,8.0,Low,Moderate,Partial,2.0,Moderate,Regular,4.0,1
MED-01471,49,Male,Bachelor,Self-Employed,Antihypertensive,3,4,25,Medium,3,2,4,No,Hypertension,Moderate,Low,3.0,Moderate,Moderate,Full,5.3,High,Rare,7.0,0
MED-01472,20,Male,None,Employed,Cardiovascular,2,3,25,Medium,0,7,8,Yes,Heart Disease,Moderate,Moderate,7.0,Moderate,Easy,None,9.6,High,Occasional,6.0,0
MED-01473,31,Female,High School,Self-Employed,Cardiovascular,3,4,6,Medium,6,10,7,No,Heart Disease,Mild,High,10.0,Moderate,Easy,Partial,2.1,High,Occasional,8.0,0
MED-01474,72,Female,Master,Retired,Antidiabetic,1,5,44,Medium,0,1,7,Yes,Diabetes,Severe,Moderate,4.0,Moderate,Easy,Full,4.2,Low,Rare,10.0,1
MED-01475,76,Male,High School,Retired,Antidiabetic,1,2,56,Low,2,8,4,Yes,Diabetes,None,Moderate,8.0,Low,Easy,Full,4.7,High,Occasional,4.0,1
MED-01476,49,Male,High School,Self-Employed,Cardiovascular,2,2,72,Low,0,3,5,Yes,Heart Disease,Moderate,High,9.0,Low,Easy,Full,1.6,High,Regular,8.0,1
MED-01477,61,Male,Bachelor,Employed,Antidiabetic,1,2,32,Low,2,4,3,Yes,Diabetes,None,High,7.0,Low,Easy,Partial,1.1,Moderate,Rare,4.0,1
MED-01478,57,Male,Bachelor,Employed,Psychiatric,2,6,8,Medium,1,5,9,Yes,Depression/Anxiety,None,High,10.0,Moderate,Moderate,Full,,High,Regular,8.0,1
MED-01479,88,Male,Bachelor,Retired,Respiratory,1,6,43,Medium,0,2,10,Yes,Asthma/COPD,Moderate,Moderate,6.0,Low,Easy,Full,8.7,Low,Regular,4.0,1
MED-01480,68,Female,None,Retired,Antihypertensive,3,3,29,Medium,2,4,7,No,Hypertension,None,High,8.0,Low,Easy,Full,,Low,Regular,4.0,1
MED-01481,51,Male,High School,Self-Employed,Cardiovascular,3,3,30,Medium,1,1,8,No,Heart Disease,None,High,9.0,High,Moderate,Partial,2.1,Low,Regular,10.0,1
MED-01482,39,Male,Bachelor,Self-Employed,Antihypertensive,2,5,13,Medium,6,6,6,No,Hypertension,None,Moderate,9.0,Low,Moderate,Full,,Moderate,Regular,10.0,1
MED-01483,30,Female,High School,Employed,Cardiovascular,1,2,34,Low,6,9,3,No,Heart Disease,None,High,10.0,Low,Easy,Partial,8.8,High,Regular,5.0,0
MED-01484,55,Female,Bachelor,Employed,Other Chronic,2,4,44,Medium,3,3,4,No,Multimorbidity,None,Moderate,8.0,Moderate,Easy,Full,1.4,High,Occasional,10.0,1
MED-01485,42,Female,Bachelor,Employed,Psychiatric,4,4,29,High,1,4,5,Yes,Depression/Anxiety,None,High,9.0,Low,Easy,Partial,0.8,High,Regular,7.0,1
MED-01486,33,Female,High School,Employed,Antidiabetic,2,5,18,Medium,1,4,5,No,Diabetes,Mild,Moderate,7.0,Low,Easy,Partial,10.0,Moderate,Regular,4.0,1
MED-01487,43,Male,Master,Employed,Antihypertensive,1,2,20,Low,5,7,5,No,Multimorbidity,Mild,Moderate,10.0,High,Moderate,Full,4.9,Moderate,Rare,8.0,1
MED-01488,37,Female,Master,Employed,Antihypertensive,1,8,31,High,1,5,6,Yes,Hypertension,Mild,Moderate,6.0,High,Easy,Full,1.5,Low,Regular,9.0,1
MED-01489,76,Female,Bachelor,Retired,Antidiabetic,1,3,19,Low,8,7,4,No,Diabetes,None,High,8.0,Low,Moderate,Full,2.4,Moderate,Occasional,8.0,0
MED-01490,65,Male,None,Employed,Antihypertensive,1,9,10,High,0,3,10,No,Hypertension,Moderate,High,8.0,Low,Moderate,Partial,1.6,High,Regular,3.0,1
MED-01491,52,Female,High School,Employed,Antidiabetic,3,4,43,Medium,0,5,3,Yes,Diabetes,None,High,7.0,Moderate,Easy,Partial,5.4,High,Regular,5.0,1
MED-01492,73,Female,High School,Retired,Antihypertensive,3,2,27,Medium,1,1,8,Yes,Hypertension,None,Moderate,9.0,Low,Easy,Partial,7.2,High,Occasional,9.0,1
MED-01493,54,Male,High School,Employed,Antidiabetic,1,5,29,Medium,4,6,6,No,Diabetes,Severe,Low,1.0,Low,Easy,Full,5.5,High,Regular,4.0,0
MED-01494,40,Male,Doctorate,Self-Employed,Antihypertensive,1,8,16,High,4,2,7,No,Hypertension,Mild,High,8.0,Low,Easy,Full,3.8,Moderate,Rare,9.0,1
MED-01495,74,Male,High School,Retired,Other Chronic,1,4,10,Low,0,4,7,Yes,Multimorbidity,Severe,Low,2.0,Low,Moderate,Partial,4.4,High,Regular,6.0,1
MED-01496,60,Male,High School,Employed,Cardiovascular,3,5,14,Medium,4,6,7,No,Multimorbidity,None,Low,3.0,High,Easy,Partial,1.9,Moderate,Rare,4.0,0
MED-01497,38,Male,High School,Employed,Antidiabetic,2,4,18,Medium,4,1,4,No,Multimorbidity,Mild,High,10.0,Low,Moderate,Partial,2.4,Moderate,Occasional,4.0,1
MED-01498,50,Female,Bachelor,Self-Employed,Antihypertensive,2,3,19,Medium,1,7,6,Yes,Hypertension,None,Moderate,5.0,Low,Difficult,Full,3.3,Moderate,Rare,8.0,1
MED-01499,40,Male,High School,Self-Employed,Antidiabetic,2,6,24,Medium,1,4,7,No,Diabetes,Moderate,Moderate,5.0,Moderate,Easy,None,2.7,Low,Regular,8.0,0
MED-01500,33,Female,High School,Self-Employed,Antihypertensive,2,2,48,Low,7,8,6,No,Hypertension,None,Moderate,6.0,Low,Easy,Full,3.3,Moderate,Occasional,10.0,1
MED-01501,65,Female,High School,Unemployed,Antidiabetic,1,3,40,Low,1,3,4,Yes,Diabetes,None,High,10.0,Moderate,Moderate,Full,1.0,Moderate,Rare,7.0,1
MED-01502,79,Female,Master,Self-Employed,Respiratory,1,3,38,Low,0,1,9,No,Asthma/COPD,None,High,10.0,Low,Easy,Full,6.4,High,Rare,6.0,1
MED-01503,33,Female,None,Employed,Cardiovascular,2,5,11,Medium,2,4,1,Yes,Multimorbidity,Mild,Moderate,8.0,Moderate,Moderate,Full,1.5,Low,Regular,10.0,0
MED-01504,60,Male,Master,Unemployed,Cardiovascular,2,5,37,Medium,4,6,6,Yes,Heart Disease,None,High,7.0,Moderate,Difficult,Partial,0.7,High,Regular,5.0,0
MED-01505,43,Male,Master,Self-Employed,Antidiabetic,1,7,47,Medium,2,6,4,Yes,Multimorbidity,Severe,Low,1.0,Moderate,Easy,Full,1.9,Moderate,Occasional,6.0,0
MED-01506,46,Female,High School,Employed,Psychiatric,1,2,19,Low,1,2,7,No,Depression/Anxiety,Moderate,High,10.0,Low,Easy,Full,2.8,Low,Regular,8.0,1
MED-01507,44,Female,Bachelor,Self-Employed,Psychiatric,1,1,10,Low,0,1,8,No,Depression/Anxiety,Moderate,Low,4.0,Moderate,Moderate,Full,15.1,High,Regular,5.0,1
MED-01508,40,Female,None,Employed,Antidiabetic,2,4,35,Medium,2,4,3,No,Diabetes,Moderate,Moderate,4.0,Moderate,Easy,Full,2.3,High,Occasional,8.0,0
MED-01509,53,Male,Master,Self-Employed,Antidiabetic,2,4,40,Medium,6,6,10,No,Diabetes,Moderate,Low,7.0,Low,Difficult,None,3.9,High,Occasional,7.0,0
MED-01510,41,Female,Bachelor,Employed,Antidiabetic,3,5,25,Medium,3,6,7,Yes,Diabetes,Moderate,Moderate,5.0,High,Difficult,Partial,4.2,High,Occasional,9.0,0
MED-01511,56,Male,High School,Self-Employed,Antihypertensive,1,4,44,Low,2,8,7,No,Hypertension,Moderate,Moderate,6.0,High,Moderate,Full,1.1,Moderate,Regular,6.0,0
MED-01512,52,Female,High School,Employed,Cardiovascular,1,3,27,Low,2,4,3,Yes,Multimorbidity,Moderate,Moderate,5.0,Low,Easy,Full,3.1,High,Regular,6.0,1
MED-01513,49,Female,None,Unemployed,Antidiabetic,1,5,13,Medium,2,1,6,No,Diabetes,None,High,7.0,Moderate,Easy,Partial,2.7,High,Regular,10.0,1
MED-01514,40,Male,Doctorate,Employed,Antihypertensive,2,4,26,Medium,5,7,8,No,Hypertension,None,Moderate,9.0,Low,Easy,Partial,3.5,Low,Occasional,9.0,0
MED-01515,44,Female,None,Employed,Antihypertensive,2,2,28,Low,1,5,7,Yes,Multimorbidity,Mild,High,9.0,Low,Easy,Partial,4.6,High,Regular,9.0,1
MED-01516,63,Male,Bachelor,Employed,Antidiabetic,2,7,25,High,1,5,6,No,Diabetes,None,Moderate,7.0,Low,Easy,Partial,6.3,High,Regular,8.0,1
MED-01517,60,Male,High School,Unemployed,Psychiatric,1,2,9,Low,0,6,6,No,Depression/Anxiety,None,High,7.0,Moderate,Easy,Partial,1.7,High,Occasional,5.0,1
MED-01518,39,Female,Master,Employed,Cardiovascular,2,3,64,Medium,1,7,3,Yes,Heart Disease,Mild,High,8.0,Low,Moderate,Full,4.8,High,Occasional,5.0,1
MED-01519,54,Female,High School,Employed,Cardiovascular,3,4,86,Medium,6,4,3,No,Heart Disease,Mild,Moderate,6.0,Moderate,Moderate,Partial,1.9,High,Regular,5.0,0
MED-01520,63,Female,Bachelor,Employed,Antidiabetic,3,2,22,Medium,4,7,9,No,Multimorbidity,Mild,High,,Moderate,Difficult,Partial,1.7,Moderate,Occasional,6.0,1
MED-01521,29,Female,High School,Self-Employed,Cardiovascular,4,2,23,Medium,4,6,8,No,Heart Disease,Severe,Moderate,6.0,Moderate,Easy,Partial,12.4,High,Occasional,9.0,0
MED-01522,60,Female,Bachelor,Employed,Antidiabetic,3,5,26,Medium,0,3,8,Yes,Diabetes,Mild,Moderate,6.0,High,Easy,Full,0.9,High,Regular,7.0,1
MED-01523,43,Female,None,Employed,Cardiovascular,3,6,24,High,1,4,4,Yes,Heart Disease,None,Moderate,8.0,Moderate,Easy,Full,2.3,Moderate,Occasional,9.0,1
MED-01524,60,Female,High School,Employed,Antihypertensive,1,5,13,Medium,1,6,6,No,Hypertension,None,High,10.0,Low,Difficult,Full,3.9,High,Regular,8.0,1
MED-01525,42,Male,High School,Employed,Antidiabetic,1,2,42,Low,3,3,9,No,Diabetes,None,High,8.0,High,Easy,Partial,2.1,High,Rare,10.0,1
MED-01526,27,Other,Bachelor,Employed,Antihypertensive,1,5,43,Medium,2,6,4,No,Hypertension,None,Low,5.0,Low,Difficult,Partial,3.7,High,Regular,8.0,0
MED-01527,30,Male,High School,Employed,Antidiabetic,2,2,24,Low,0,5,9,Yes,Diabetes,None,High,8.0,Moderate,Difficult,Full,1.2,High,Occasional,7.0,1
MED-01528,53,Female,Bachelor,Self-Employed,Other Chronic,4,4,23,High,0,5,5,Yes,Multimorbidity,None,High,8.0,Moderate,Easy,Partial,0.8,High,Regular,4.0,1
MED-01529,56,Male,High School,Unemployed,Antihypertensive,1,2,22,Low,1,8,4,No,Hypertension,Moderate,Low,2.0,Low,Easy,Partial,1.7,Moderate,Occasional,10.0,0
MED-01530,40,Male,Master,Employed,Antidiabetic,2,2,41,Low,3,5,6,Yes,Diabetes,Mild,High,9.0,Low,Easy,Full,,Moderate,Occasional,,1
MED-01531,61,Male,Master,Employed,Antidiabetic,2,4,26,Medium,2,5,4,No,Diabetes,Mild,High,8.0,Low,Easy,Full,2.9,Moderate,Rare,8.0,1
MED-01532,29,Female,Bachelor,Unemployed,Psychiatric,3,3,22,Medium,1,4,2,Yes,Depression/Anxiety,Moderate,Moderate,8.0,Low,Easy,None,,Low,Regular,7.0,0
MED-01533,52,Male,High School,Employed,Antidiabetic,2,4,10,Medium,2,4,6,Yes,Multimorbidity,None,Moderate,9.0,High,Easy,Partial,1.1,Moderate,Occasional,3.0,1
MED-01534,36,Male,High School,Student,Respiratory,4,5,45,High,1,5,7,Yes,Asthma/COPD,Mild,Moderate,8.0,Moderate,Moderate,Partial,2.2,Low,Regular,8.0,0
MED-01535,43,Female,None,Employed,Psychiatric,1,8,15,High,3,7,9,No,Depression/Anxiety,None,High,9.0,Low,Easy,None,3.1,High,Regular,6.0,1
MED-01536,53,Female,High School,Employed,Antidiabetic,1,3,10,Low,2,3,7,No,Diabetes,Moderate,Moderate,6.0,Moderate,Easy,Full,1.6,Low,Rare,4.0,0
MED-01537,40,Male,Bachelor,Employed,Antidiabetic,2,4,37,Medium,0,3,10,No,Diabetes,None,High,10.0,High,Moderate,Full,3.7,High,Regular,6.0,1
MED-01538,47,Male,Bachelor,Self-Employed,Antidiabetic,1,2,26,Low,3,7,9,Yes,Multimorbidity,None,High,10.0,High,Easy,Full,2.7,High,Rare,7.0,1
MED-01539,67,Male,Master,Unemployed,Respiratory,1,5,89,Medium,0,3,8,Yes,Asthma/COPD,None,High,8.0,Low,Easy,Full,4.8,High,Regular,8.0,1
MED-01540,44,Male,High School,Employed,Antihypertensive,2,1,9,Low,3,5,7,No,Hypertension,Moderate,Moderate,6.0,Moderate,Easy,Partial,4.1,Moderate,Occasional,4.0,1
MED-01541,64,Female,Bachelor,Employed,Antidiabetic,3,4,17,Medium,0,3,9,No,Diabetes,None,High,9.0,High,Easy,Full,0.8,Low,Occasional,4.0,1
MED-01542,37,Female,High School,Unemployed,Cardiovascular,2,2,37,Low,0,1,2,Yes,Heart Disease,Moderate,Moderate,4.0,Moderate,Moderate,Full,10.0,Moderate,Rare,6.0,1
MED-01543,60,Female,Bachelor,Self-Employed,Cardiovascular,1,4,25,Low,0,5,5,Yes,Heart Disease,None,Low,2.0,High,Moderate,Full,0.7,High,Regular,8.0,1
MED-01544,73,Male,High School,Retired,Antidiabetic,2,2,29,Low,1,7,2,Yes,Diabetes,None,Low,2.0,High,Easy,None,1.0,High,Regular,5.0,0
MED-01545,18,Female,High School,Unemployed,Antidiabetic,1,2,29,Low,1,4,8,No,Diabetes,None,Moderate,7.0,Moderate,Easy,Partial,3.1,High,Regular,6.0,1
MED-01546,41,Female,High School,Self-Employed,Antihypertensive,1,2,7,Low,0,1,5,No,Hypertension,None,High,7.0,High,Easy,Partial,4.1,High,Occasional,7.0,1
MED-01547,61,Female,Bachelor,Employed,Antidiabetic,2,10,30,High,0,5,10,No,Diabetes,Mild,Moderate,9.0,Low,Easy,Full,2.7,High,Regular,5.0,1
MED-01548,50,Female,Master,Employed,Antidiabetic,1,7,40,Medium,0,3,5,Yes,Diabetes,Mild,Moderate,5.0,High,Moderate,Full,2.2,Low,Regular,3.0,1
MED-01549,58,Female,High School,Employed,Psychiatric,1,4,14,Low,0,1,6,No,Depression/Anxiety,None,High,7.0,Moderate,Easy,Partial,3.1,High,Occasional,7.0,1
MED-01550,44,Female,None,Unemployed,Antihypertensive,3,1,14,Low,1,4,5,Yes,Hypertension,None,High,6.0,Moderate,Easy,Partial,4.9,Moderate,Occasional,3.0,1
MED-01551,54,Male,High School,Employed,Psychiatric,1,2,19,Low,0,6,5,Yes,Multimorbidity,None,Low,4.0,High,Easy,Full,1.4,Moderate,Regular,,1
MED-01552,50,Female,Bachelor,Self-Employed,Cardiovascular,4,8,10,High,9,7,4,No,Multimorbidity,None,Moderate,6.0,High,Moderate,Partial,1.4,Low,Occasional,6.0,0
MED-01553,69,Female,High School,Retired,Antihypertensive,2,4,12,Medium,1,8,4,No,Hypertension,None,High,9.0,Moderate,Easy,Full,1.7,Moderate,Regular,6.0,1
MED-01554,56,Female,Bachelor,Employed,Cardiovascular,4,1,27,Medium,2,6,2,Yes,Heart Disease,Mild,Moderate,7.0,Low,Difficult,Full,8.9,High,Occasional,5.0,0
MED-01555,57,Male,Doctorate,Student,Antihypertensive,1,5,54,Medium,4,7,7,No,Multimorbidity,None,High,8.0,Moderate,Easy,Partial,4.4,Moderate,Regular,6.0,1
MED-01556,47,Female,Master,Employed,Other Chronic,2,4,18,Medium,0,2,5,No,Multimorbidity,Mild,High,7.0,High,Easy,Full,5.1,High,Regular,5.0,1
MED-01557,46,Female,High School,Employed,Psychiatric,1,5,68,Medium,0,8,10,Yes,Depression/Anxiety,Mild,Low,5.0,Moderate,Moderate,Partial,10.9,High,Occasional,10.0,1
MED-01558,46,Male,Master,Employed,Antihypertensive,3,3,17,Medium,4,7,4,No,Hypertension,None,High,7.0,High,Moderate,Partial,6.0,Moderate,Rare,5.0,0
MED-01559,58,Male,Bachelor,Self-Employed,Antihypertensive,1,4,43,Low,2,4,9,No,Hypertension,None,Moderate,8.0,High,Easy,Partial,3.7,Low,Regular,9.0,1
MED-01560,47,Female,High School,Self-Employed,Antidiabetic,1,5,15,Medium,2,6,10,No,Multimorbidity,Severe,High,4.0,Moderate,Easy,Full,10.7,Low,Regular,6.0,1
MED-01561,57,Female,Bachelor,Self-Employed,Antidiabetic,3,5,33,Medium,6,6,9,No,Diabetes,None,High,8.0,Low,Easy,Partial,,Moderate,Regular,7.0,1
MED-01562,82,Female,Master,Retired,Antidiabetic,1,4,62,Low,3,8,7,No,Diabetes,Moderate,High,10.0,Low,Moderate,Partial,2.7,Moderate,Rare,7.0,0
MED-01563,65,Male,High School,Employed,Antidiabetic,1,3,37,Low,0,4,5,Yes,Diabetes,Mild,Low,8.0,Moderate,Easy,Partial,7.9,Moderate,Rare,6.0,1
MED-01564,48,Female,High School,Employed,Cardiovascular,1,2,23,Low,2,3,9,No,Heart Disease,Mild,Moderate,5.0,Low,Difficult,Partial,0.6,Moderate,Rare,6.0,1
MED-01565,69,Male,High School,Retired,Antihypertensive,2,7,22,High,2,3,5,No,Multimorbidity,Mild,Moderate,9.0,Moderate,Easy,Partial,1.8,High,Regular,7.0,1
MED-01566,47,Male,Bachelor,Employed,Respiratory,1,5,33,Medium,2,6,7,No,Asthma/COPD,None,High,10.0,Moderate,Moderate,Full,6.0,High,Regular,10.0,1
MED-01567,24,Male,High School,Student,Respiratory,2,7,40,High,0,1,6,Yes,Asthma/COPD,None,High,10.0,Low,Moderate,Partial,3.6,High,Regular,5.0,1
MED-01568,38,Male,Master,Employed,Antidiabetic,1,4,42,Low,0,1,4,No,Diabetes,Moderate,High,8.0,Low,Easy,Full,4.9,High,Rare,3.0,1
MED-01569,26,Male,Bachelor,Employed,Psychiatric,2,2,27,Low,2,6,7,No,Depression/Anxiety,Mild,Moderate,4.0,High,Difficult,None,0.8,Low,Regular,5.0,0
MED-01570,48,Male,Bachelor,Self-Employed,Antihypertensive,3,5,32,Medium,5,5,8,No,Hypertension,Mild,Moderate,7.0,Moderate,Easy,Partial,1.8,High,Occasional,7.0,0
MED-01571,53,Male,High School,Employed,Antihypertensive,2,6,14,Medium,0,5,4,Yes,Hypertension,None,Moderate,8.0,Low,Easy,Partial,5.4,High,Regular,6.0,1
MED-01572,76,Male,Bachelor,Retired,Cardiovascular,2,8,35,High,1,2,7,No,Heart Disease,Mild,High,,Moderate,Easy,None,1.7,Low,Regular,10.0,1
MED-01573,57,Female,High School,Self-Employed,Antidiabetic,1,1,15,Low,0,1,2,Yes,Diabetes,Moderate,High,9.0,Moderate,Difficult,Partial,6.2,Moderate,Regular,10.0,1
MED-01574,49,Female,None,Employed,Cardiovascular,1,3,29,Low,3,3,4,No,Multimorbidity,None,High,8.0,Low,Easy,Partial,,Moderate,Regular,6.0,1
MED-01575,64,Male,Bachelor,Employed,Psychiatric,1,4,20,Low,2,5,5,Yes,Depression/Anxiety,Moderate,Low,3.0,Moderate,Difficult,Full,1.4,High,Regular,10.0,0
MED-01576,22,Female,High School,Student,Other Chronic,2,1,58,Low,1,3,7,No,Multimorbidity,None,High,5.0,Low,Easy,Full,4.3,Moderate,Regular,8.0,1
MED-01577,56,Male,Bachelor,Self-Employed,Cardiovascular,2,4,27,Medium,2,6,8,No,Heart Disease,Mild,Moderate,8.0,High,Moderate,Partial,5.8,High,Occasional,5.0,1
MED-01578,63,Female,High School,Student,Respiratory,4,5,62,High,6,2,6,No,Multimorbidity,None,High,7.0,High,Easy,Full,4.4,Moderate,Occasional,7.0,0
MED-01579,32,Male,High School,Student,Antihypertensive,1,6,25,Medium,2,3,7,No,Hypertension,Mild,Moderate,7.0,Low,Easy,Partial,5.0,High,Regular,6.0,1
MED-01580,69,Male,High School,Retired,Antihypertensive,2,5,69,Medium,1,6,6,Yes,Hypertension,None,High,9.0,High,Difficult,Full,0.9,Moderate,Regular,5.0,1
MED-01581,57,Female,Doctorate,Employed,Respiratory,2,4,36,Medium,1,4,7,No,Asthma/COPD,Mild,High,8.0,High,Easy,None,18.0,High,Regular,6.0,0
MED-01582,47,Female,Bachelor,Self-Employed,Antidiabetic,2,9,7,High,1,4,7,No,Diabetes,Moderate,Moderate,4.0,Low,Moderate,Partial,27.5,Moderate,Regular,8.0,0
MED-01583,61,Female,Bachelor,Self-Employed,Antidiabetic,3,5,21,Medium,4,3,5,No,Diabetes,Mild,Low,5.0,Low,Moderate,Full,9.7,Low,Occasional,6.0,0
MED-01584,84,Female,High School,Retired,Antidiabetic,1,5,16,Medium,0,3,5,Yes,Diabetes,None,Moderate,4.0,Moderate,Moderate,Full,3.6,Moderate,Regular,6.0,1
MED-01585,55,Female,High School,Employed,Cardiovascular,1,3,11,Low,1,5,7,No,Heart Disease,None,Moderate,8.0,Low,Moderate,Partial,2.5,High,Regular,6.0,1
MED-01586,56,Male,Doctorate,Self-Employed,Antihypertensive,2,1,15,Low,1,6,10,No,Hypertension,Mild,High,10.0,Low,Easy,Partial,2.5,Low,Regular,6.0,1
MED-01587,46,Male,High School,Self-Employed,Cardiovascular,1,2,18,Low,0,5,9,Yes,Multimorbidity,None,Moderate,6.0,Low,Easy,Full,,Moderate,Occasional,9.0,1
MED-01588,41,Male,High School,Self-Employed,Antihypertensive,1,1,7,Low,2,3,4,No,Hypertension,None,High,8.0,Low,Moderate,Full,7.4,High,Regular,5.0,1
MED-01589,64,Male,Bachelor,Self-Employed,Antihypertensive,1,2,23,Low,1,4,4,Yes,Hypertension,None,High,7.0,Low,Difficult,None,2.0,High,Regular,7.0,1
MED-01590,41,Female,None,Employed,Antidiabetic,1,3,35,Low,5,8,5,Yes,Diabetes,None,Moderate,6.0,Moderate,Easy,None,3.3,High,Rare,4.0,1
MED-01591,54,Female,Bachelor,Employed,Antihypertensive,2,2,90,Low,0,1,6,No,Hypertension,None,High,8.0,Moderate,Easy,Full,8.5,High,Regular,6.0,1
MED-01592,46,Male,Bachelor,Employed,Psychiatric,1,2,55,Low,2,9,6,Yes,Depression/Anxiety,Mild,High,8.0,Moderate,Easy,Full,3.1,High,Regular,4.0,1
MED-01593,59,Female,High School,Employed,Antihypertensive,2,5,23,Medium,1,5,9,Yes,Hypertension,None,Moderate,9.0,Moderate,Easy,Partial,3.6,Low,Regular,10.0,1
MED-01594,57,Female,None,Unemployed,Antihypertensive,2,7,26,High,2,4,9,No,Multimorbidity,None,Moderate,4.0,High,Easy,Partial,9.3,High,Occasional,7.0,1
MED-01595,67,Male,High School,Retired,Antidiabetic,2,5,37,Medium,3,7,6,No,Diabetes,Mild,Moderate,6.0,High,Easy,Partial,,Moderate,Regular,6.0,0
MED-01596,45,Male,Master,Employed,Antidiabetic,4,4,24,High,0,1,6,Yes,Diabetes,None,High,10.0,High,Moderate,Full,6.1,Moderate,Regular,3.0,1
MED-01597,49,Male,Bachelor,Employed,Antihypertensive,1,2,27,Low,3,8,7,Yes,Hypertension,None,Moderate,10.0,Low,Easy,Full,1.5,Moderate,Regular,4.0,1
MED-01598,39,Male,High School,Employed,Antihypertensive,4,4,15,High,8,9,8,No,Hypertension,Mild,High,8.0,Low,Easy,Partial,1.5,Low,Regular,9.0,0
MED-01599,46,Male,None,Employed,Other Chronic,2,4,26,Medium,1,7,7,No,Multimorbidity,Mild,High,10.0,High,Difficult,Full,1.9,Low,Regular,8.0,1
MED-01600,58,Female,Bachelor,Employed,Cardiovascular,3,6,28,High,2,1,5,No,Multimorbidity,None,High,7.0,High,Easy,Full,2.2,Moderate,Regular,4.0,0
MED-01601,63,Male,Bachelor,Employed,Antidiabetic,2,4,11,Medium,2,6,5,Yes,Multimorbidity,Mild,High,8.0,Moderate,Easy,Partial,3.9,Moderate,Regular,,1
MED-01602,40,Male,High School,Employed,Antidiabetic,2,2,36,Low,4,8,4,No,Diabetes,Severe,Moderate,5.0,Moderate,Easy,Full,3.1,High,Regular,10.0,0
MED-01603,65,Other,High School,Self-Employed,Antihypertensive,3,7,37,High,7,8,7,Yes,Hypertension,Severe,Low,1.0,Moderate,Moderate,Partial,2.9,Moderate,Regular,10.0,0
MED-01604,71,Female,High School,Retired,Antidiabetic,3,6,38,High,0,1,8,No,Diabetes,Mild,High,8.0,Low,Moderate,Partial,2.7,High,Regular,7.0,1
MED-01605,58,Female,Bachelor,Employed,Cardiovascular,1,5,16,Medium,2,7,8,Yes,Multimorbidity,None,Moderate,5.0,Low,Easy,Full,1.7,Moderate,Occasional,7.0,1
MED-01606,79,Male,Doctorate,Retired,Psychiatric,1,2,62,Low,5,8,9,No,Depression/Anxiety,None,High,10.0,Low,Moderate,Partial,2.3,High,Occasional,6.0,1
MED-01607,42,Male,High School,Employed,Antihypertensive,2,5,21,Medium,0,5,9,Yes,Hypertension,None,High,7.0,Moderate,Easy,Partial,20.6,High,Regular,4.0,1
MED-01608,35,Female,Bachelor,Employed,Respiratory,3,4,12,Medium,2,1,3,No,Asthma/COPD,None,High,8.0,Moderate,Moderate,Full,5.6,High,Occasional,9.0,1
MED-01609,28,Male,High School,Student,Antihypertensive,1,2,60,Low,0,6,7,Yes,Hypertension,Moderate,Low,2.0,Low,Easy,Partial,3.4,Moderate,Regular,6.0,1
MED-01610,73,Male,High School,Retired,Antihypertensive,2,7,13,High,5,7,7,No,Hypertension,None,Low,3.0,Low,Difficult,Full,1.1,High,Occasional,8.0,0
MED-01611,62,Female,High School,Employed,Antihypertensive,2,3,32,Medium,3,4,6,No,Multimorbidity,Mild,Moderate,7.0,High,Easy,Full,1.6,Moderate,Regular,6.0,0
MED-01612,52,Female,Bachelor,Employed,Antihypertensive,3,5,17,Medium,2,2,4,Yes,Hypertension,None,Moderate,7.0,Low,Easy,Full,3.2,Low,Regular,8.0,1
MED-01613,56,Male,High School,Self-Employed,Psychiatric,2,4,8,Medium,1,7,9,Yes,Depression/Anxiety,None,High,10.0,High,Moderate,Partial,9.2,High,Occasional,6.0,1
MED-01614,37,Female,Bachelor,Self-Employed,Antidiabetic,2,5,13,Medium,0,3,5,Yes,Diabetes,Severe,Low,2.0,Moderate,Easy,Partial,3.9,Moderate,Occasional,7.0,0
MED-01615,87,Male,High School,Retired,Antihypertensive,4,1,56,Medium,5,5,2,Yes,Hypertension,None,High,9.0,Low,Easy,Full,3.9,Moderate,Regular,8.0,1
MED-01616,54,Male,High School,Employed,Other Chronic,2,9,27,High,1,8,6,Yes,Multimorbidity,None,High,10.0,Low,Moderate,None,7.6,Moderate,Rare,6.0,1
MED-01617,54,Male,High School,Employed,Psychiatric,2,5,19,Medium,2,1,6,No,Depression/Anxiety,Mild,High,9.0,Moderate,Easy,Full,1.6,High,Occasional,10.0,1
MED-01618,63,Male,Bachelor,Employed,Respiratory,1,8,22,High,0,6,10,No,Asthma/COPD,Mild,High,9.0,Moderate,Easy,Full,9.5,Low,Regular,6.0,1
MED-01619,59,Male,High School,Employed,Psychiatric,2,8,12,High,4,4,7,No,Depression/Anxiety,None,Moderate,7.0,Low,Easy,Full,2.5,Low,Occasional,7.0,0
MED-01620,56,Female,Bachelor,Employed,Antihypertensive,1,4,15,Low,0,4,6,Yes,Hypertension,Mild,Low,5.0,Low,Difficult,Full,7.9,High,Occasional,10.0,1
MED-01621,41,Female,High School,Employed,Respiratory,1,6,43,Medium,2,6,6,Yes,Asthma/COPD,None,Low,6.0,Low,Easy,None,11.6,High,Regular,10.0,1
MED-01622,59,Female,High School,Employed,Cardiovascular,2,4,30,Medium,3,3,6,No,Multimorbidity,Mild,Moderate,9.0,Moderate,Moderate,Partial,1.7,Moderate,Regular,8.0,1
MED-01623,79,Male,High School,Retired,Psychiatric,2,4,26,Medium,0,2,10,No,Depression/Anxiety,None,Moderate,9.0,Low,Easy,Partial,3.3,Moderate,Rare,7.0,1
MED-01624,71,Male,High School,Retired,Respiratory,2,10,23,High,0,1,8,Yes,Asthma/COPD,Mild,High,10.0,Moderate,Easy,Full,6.0,Low,Rare,7.0,1
MED-01625,75,Male,High School,Retired,Antidiabetic,1,7,7,Medium,4,7,3,Yes,Multimorbidity,None,Moderate,7.0,High,Easy,Full,2.7,Moderate,Regular,10.0,1
MED-01626,45,Male,High School,Self-Employed,Respiratory,2,3,24,Medium,1,4,6,Yes,Asthma/COPD,Moderate,Moderate,9.0,Low,Easy,None,2.7,Low,Regular,9.0,1
MED-01627,39,Male,Bachelor,Employed,Antihypertensive,2,4,43,Medium,0,6,6,Yes,Multimorbidity,Mild,High,8.0,Low,Easy,Full,2.5,Moderate,Regular,9.0,1
MED-01628,51,Female,Bachelor,Self-Employed,Antidiabetic,2,7,17,High,1,3,4,No,Diabetes,Severe,High,8.0,Low,Easy,Full,0.8,High,Occasional,10.0,1
MED-01629,53,Female,High School,Employed,Antihypertensive,1,6,24,Medium,1,2,2,Yes,Multimorbidity,Mild,High,10.0,Low,Easy,Full,7.3,Low,Occasional,8.0,1
MED-01630,68,Female,High School,Unemployed,Psychiatric,2,3,4,Medium,2,6,7,No,Depression/Anxiety,None,High,10.0,Low,Easy,Full,1.6,Moderate,Regular,6.0,1
MED-01631,29,Male,High School,Employed,Antihypertensive,3,5,53,Medium,3,5,5,No,Multimorbidity,Mild,High,8.0,Low,Moderate,Partial,0.6,High,Regular,8.0,1
MED-01632,74,Female,High School,Retired,Antidiabetic,1,6,63,Medium,0,4,9,No,Diabetes,Mild,Moderate,10.0,Moderate,Moderate,Full,7.3,High,Regular,7.0,1
MED-01633,50,Male,None,Self-Employed,Antidiabetic,1,6,62,Medium,0,5,6,Yes,Diabetes,None,High,10.0,Low,Easy,Partial,4.8,High,Regular,6.0,1
MED-01634,47,Male,Master,Employed,Other Chronic,2,3,8,Medium,1,2,5,Yes,Multimorbidity,Mild,Moderate,9.0,Low,Moderate,Full,1.2,High,Occasional,6.0,1
MED-01635,38,Male,High School,Employed,Antidiabetic,2,5,45,Medium,4,7,1,No,Diabetes,None,Low,3.0,High,Moderate,Full,7.5,Moderate,Regular,8.0,0
MED-01636,29,Female,High School,Employed,Respiratory,2,4,3,Medium,2,7,9,Yes,Asthma/COPD,Mild,High,10.0,Moderate,Moderate,Partial,5.5,Moderate,Regular,8.0,1
MED-01637,64,Other,High School,Employed,Psychiatric,2,7,46,High,8,6,7,No,Depression/Anxiety,Moderate,Moderate,3.0,High,Moderate,Partial,3.3,High,Regular,5.0,0
MED-01638,54,Male,High School,Employed,Antidiabetic,1,6,25,Medium,0,4,5,Yes,Diabetes,None,High,8.0,Low,Easy,Partial,2.6,Low,Regular,7.0,1
MED-01639,34,Female,Bachelor,Unemployed,Antidiabetic,1,1,20,Low,5,5,4,No,Diabetes,Moderate,Moderate,6.0,Low,Easy,Full,3.0,Moderate,Occasional,10.0,0
MED-01640,34,Female,None,Retired,Respiratory,1,3,45,Low,1,8,10,No,Asthma/COPD,None,High,8.0,Moderate,Easy,Full,3.9,High,Regular,5.0,1
MED-01641,48,Male,High School,Self-Employed,Psychiatric,1,2,28,Low,6,7,4,No,Depression/Anxiety,None,Moderate,9.0,Moderate,Moderate,None,1.8,High,Rare,10.0,0
MED-01642,76,Male,Bachelor,Self-Employed,Respiratory,2,9,15,High,3,9,5,No,Asthma/COPD,None,High,9.0,High,Easy,Partial,7.7,Moderate,Rare,5.0,0
MED-01643,49,Male,High School,Employed,Antihypertensive,1,3,39,Low,1,3,7,No,Hypertension,None,High,7.0,Moderate,Easy,Full,5.0,Moderate,Occasional,8.0,1
MED-01644,31,Female,Bachelor,Unemployed,Psychiatric,4,4,52,High,2,3,9,No,Depression/Anxiety,Mild,Moderate,8.0,Moderate,Moderate,Full,3.0,High,Occasional,3.0,0
MED-01645,49,Male,Bachelor,Employed,Antidiabetic,3,4,43,Medium,4,5,6,Yes,Diabetes,Mild,Moderate,8.0,Moderate,Difficult,Full,12.3,High,Regular,8.0,1
MED-01646,49,Female,High School,Unemployed,Cardiovascular,3,3,44,Medium,2,5,5,Yes,Heart Disease,None,High,6.0,High,Moderate,Partial,2.6,High,Occasional,6.0,1
MED-01647,18,Male,Bachelor,Unemployed,Respiratory,3,1,12,Low,0,4,6,Yes,Asthma/COPD,None,High,10.0,High,Easy,Partial,10.6,Low,Occasional,3.0,1
MED-01648,52,Female,High School,Self-Employed,Antihypertensive,2,4,18,Medium,2,4,8,No,Hypertension,None,High,9.0,Low,Difficult,Partial,4.1,High,Regular,6.0,1
MED-01649,49,Male,Bachelor,Unemployed,Respiratory,3,6,30,High,3,7,9,Yes,Asthma/COPD,Severe,Moderate,6.0,Moderate,Moderate,Partial,5.9,High,Rare,10.0,0
MED-01650,62,Female,High School,Self-Employed,Cardiovascular,1,8,59,High,2,4,3,Yes,Heart Disease,Mild,High,9.0,Moderate,Moderate,None,2.5,Moderate,Occasional,8.0,0
MED-01651,78,Female,High School,Retired,Psychiatric,1,5,15,Medium,0,2,6,Yes,Multimorbidity,Moderate,High,7.0,High,Easy,Partial,0.8,High,Rare,7.0,1
MED-01652,68,Female,Bachelor,Retired,Antihypertensive,3,4,57,Medium,5,2,3,No,Hypertension,Mild,High,9.0,High,Difficult,Full,4.8,Moderate,Regular,,0
MED-01653,49,Female,Master,Self-Employed,Antidiabetic,1,3,7,Low,0,5,8,No,Multimorbidity,None,Moderate,7.0,Low,Easy,Full,1.4,Moderate,Regular,,1
MED-01654,37,Male,Doctorate,Employed,Respiratory,4,3,53,Medium,6,10,7,No,Asthma/COPD,Mild,High,9.0,High,Easy,Partial,2.1,High,Regular,10.0,0
MED-01655,88,Female,Bachelor,Retired,Antihypertensive,2,8,50,High,1,2,4,Yes,Hypertension,Mild,Moderate,8.0,High,Easy,Full,3.5,High,Occasional,6.0,1
MED-01656,53,Male,High School,Employed,Antihypertensive,3,4,77,Medium,1,4,9,No,Multimorbidity,None,High,9.0,Low,Moderate,Partial,2.1,Moderate,Rare,8.0,1
MED-01657,53,Male,High School,Employed,Other Chronic,1,2,46,Low,2,10,7,No,Multimorbidity,None,High,9.0,Moderate,Moderate,Full,3.2,Low,Occasional,8.0,1
MED-01658,52,Female,High School,Employed,Antihypertensive,2,4,32,Medium,3,3,7,No,Multimorbidity,Mild,Low,4.0,Low,Difficult,Full,3.9,Moderate,Regular,7.0,1
MED-01659,55,Male,High School,Employed,Other Chronic,1,1,20,Low,1,6,6,Yes,Multimorbidity,Mild,High,8.0,Low,Easy,Full,1.1,Low,Regular,6.0,1
MED-01660,50,Female,High School,Employed,Antihypertensive,3,3,19,Medium,4,9,6,Yes,Hypertension,None,High,10.0,Moderate,Easy,Full,4.1,Low,Regular,10.0,1
MED-01661,44,Other,Master,Self-Employed,Antidiabetic,1,4,25,Low,0,2,5,No,Diabetes,Moderate,High,10.0,Low,Moderate,Full,2.1,Moderate,Regular,7.0,1
MED-01662,45,Male,High School,Self-Employed,Respiratory,2,5,20,Medium,2,4,5,No,Asthma/COPD,Mild,High,8.0,High,Easy,Full,1.5,Moderate,Occasional,4.0,0
MED-01663,52,Female,High School,Employed,Cardiovascular,1,5,39,Medium,1,3,9,Yes,Heart Disease,Mild,Low,5.0,Low,Easy,Full,0.7,Low,Occasional,1.0,1
MED-01664,45,Male,High School,Employed,Cardiovascular,1,6,45,Medium,0,1,5,No,Multimorbidity,Mild,Moderate,5.0,Moderate,Easy,Full,1.0,Moderate,Regular,9.0,1
MED-01665,43,Male,Master,Employed,Antidiabetic,2,4,14,Medium,3,8,5,Yes,Diabetes,None,Moderate,10.0,Low,Moderate,Partial,3.4,High,Regular,6.0,1
MED-01666,54,Male,Bachelor,Employed,Respiratory,1,7,47,Medium,0,3,6,Yes,Asthma/COPD,Moderate,Moderate,8.0,Moderate,Moderate,Full,3.4,High,Regular,6.0,1
MED-01667,49,Female,Bachelor,Student,Antihypertensive,2,6,33,Medium,2,3,9,No,Hypertension,None,Moderate,6.0,Moderate,Easy,Full,4.9,High,Regular,8.0,1
MED-01668,74,Female,High School,Retired,Antidiabetic,1,4,21,Low,0,4,9,Yes,Diabetes,None,High,8.0,High,Easy,Partial,12.0,Moderate,Regular,10.0,1
MED-01669,18,Female,Bachelor,Student,Antihypertensive,1,1,52,Low,0,7,5,Yes,Multimorbidity,Moderate,Moderate,8.0,High,Easy,Partial,9.2,High,Rare,10.0,0
MED-01670,68,Other,None,Retired,Cardiovascular,2,6,16,Medium,0,5,9,Yes,Heart Disease,None,High,9.0,Low,Moderate,Full,7.0,High,Occasional,6.0,1
MED-01671,70,Male,Master,Retired,Antihypertensive,1,2,10,Low,0,3,6,No,Hypertension,Moderate,Moderate,7.0,Moderate,Moderate,Full,8.1,Moderate,Regular,8.0,1
MED-01672,23,Male,Bachelor,Employed,Antidiabetic,1,3,15,Low,1,5,4,Yes,Diabetes,None,Moderate,6.0,Low,Moderate,Partial,3.8,Low,Regular,6.0,1
MED-01673,48,Female,High School,Unemployed,Antidiabetic,3,9,18,High,1,6,5,Yes,Diabetes,Mild,Moderate,8.0,Moderate,Difficult,Full,3.8,Moderate,Regular,,0
MED-01674,47,Female,High School,Employed,Antihypertensive,1,9,51,High,1,4,9,No,Multimorbidity,None,High,9.0,Low,Difficult,Partial,10.5,High,Rare,5.0,1
MED-01675,33,Male,Bachelor,Employed,Antihypertensive,1,3,49,Low,0,4,10,Yes,Hypertension,Mild,High,9.0,Low,Easy,Full,3.9,Moderate,Occasional,7.0,1
MED-01676,42,Male,None,Employed,Cardiovascular,1,1,27,Low,1,7,7,Yes,Multimorbidity,None,High,8.0,Moderate,Moderate,Partial,4.0,Moderate,Regular,7.0,1
MED-01677,37,Female,Master,Employed,Antidiabetic,2,4,6,Medium,6,4,5,No,Diabetes,Moderate,Moderate,6.0,Low,Moderate,Partial,8.0,Moderate,Regular,5.0,0
MED-01678,77,Female,High School,Retired,Psychiatric,2,6,16,Medium,2,8,6,Yes,Depression/Anxiety,None,High,9.0,Low,Moderate,Full,2.7,Moderate,Regular,6.0,1
MED-01679,66,Male,High School,Retired,Cardiovascular,1,7,73,Medium,1,3,5,Yes,Multimorbidity,None,Moderate,6.0,High,Difficult,Full,3.0,Moderate,Regular,2.0,1
MED-01680,70,Male,High School,Retired,Antihypertensive,3,6,44,High,6,3,5,No,Hypertension,None,Moderate,10.0,Low,Easy,Full,1.2,Low,Regular,6.0,0
MED-01681,63,Female,High School,Retired,Cardiovascular,1,5,5,Medium,2,3,5,No,Heart Disease,Severe,Low,1.0,Moderate,Easy,Partial,2.3,Low,Regular,9.0,1
MED-01682,37,Female,High School,Employed,Antihypertensive,2,8,4,High,1,4,6,Yes,Hypertension,Moderate,Moderate,7.0,Moderate,Easy,None,2.6,Moderate,Occasional,10.0,0
MED-01683,45,Male,High School,Employed,Respiratory,1,6,42,Medium,0,5,6,No,Asthma/COPD,None,Moderate,7.0,High,Easy,Full,2.7,High,Regular,10.0,1
MED-01684,59,Female,Bachelor,Self-Employed,Other Chronic,2,1,58,Low,0,2,6,No,Multimorbidity,Moderate,Moderate,7.0,Moderate,Moderate,Full,6.1,High,Occasional,6.0,1
MED-01685,35,Male,High School,Employed,Antidiabetic,4,3,12,Medium,0,5,6,No,Diabetes,Moderate,High,4.0,Low,Easy,Partial,1.6,Moderate,Occasional,7.0,1
MED-01686,62,Male,Master,Self-Employed,Cardiovascular,2,6,16,Medium,4,6,8,No,Heart Disease,Mild,Moderate,4.0,High,Moderate,Full,10.1,High,Regular,7.0,1
MED-01687,49,Female,Bachelor,Employed,Antihypertensive,4,9,48,High,0,1,6,Yes,Multimorbidity,None,Moderate,6.0,Moderate,Easy,Full,0.7,Low,Rare,6.0,1
MED-01688,47,Female,Bachelor,Employed,Antidiabetic,1,2,21,Low,0,3,6,Yes,Diabetes,Mild,Low,6.0,Low,Moderate,None,5.2,High,Regular,9.0,1
MED-01689,62,Male,High School,Employed,Psychiatric,1,6,23,Medium,4,6,6,No,Depression/Anxiety,None,Low,4.0,Low,Difficult,None,6.1,Low,Occasional,6.0,0
MED-01690,59,Female,High School,Employed,Antihypertensive,1,6,23,Medium,0,2,9,No,Hypertension,None,High,8.0,Low,Moderate,Partial,5.6,Moderate,Regular,10.0,1
MED-01691,47,Female,High School,Employed,Antihypertensive,1,4,29,Low,2,4,5,No,Multimorbidity,Moderate,High,8.0,Low,Easy,Full,7.6,Moderate,Occasional,7.0,1
MED-01692,69,Female,Bachelor,Retired,Antidiabetic,1,1,32,Low,2,7,7,Yes,Diabetes,None,Low,3.0,Moderate,Easy,Full,2.8,High,Occasional,4.0,1
MED-01693,37,Female,Master,Employed,Cardiovascular,1,3,76,Low,3,8,5,Yes,Heart Disease,Moderate,Moderate,7.0,Low,Moderate,Partial,8.5,High,Occasional,7.0,1
MED-01694,61,Female,None,Employed,Antidiabetic,2,2,20,Low,5,5,7,No,Diabetes,Moderate,Moderate,6.0,Low,Difficult,Full,2.0,High,Regular,8.0,1
MED-01695,61,Female,None,Employed,Psychiatric,1,3,23,Low,0,4,7,No,Depression/Anxiety,Moderate,Low,4.0,Low,Moderate,Full,2.1,Moderate,Regular,9.0,1
MED-01696,48,Male,Master,Employed,Antihypertensive,1,3,12,Low,0,3,8,Yes,Hypertension,Mild,High,10.0,Low,Moderate,Partial,15.7,Low,Regular,8.0,1
MED-01697,57,Male,High School,Employed,Antidiabetic,1,4,28,Low,6,7,5,No,Diabetes,Mild,High,8.0,Low,Moderate,Partial,3.8,Moderate,Occasional,6.0,1
MED-01698,35,Male,Bachelor,Employed,Cardiovascular,3,4,50,Medium,5,7,4,No,Heart Disease,Moderate,High,8.0,High,Moderate,Partial,6.8,Low,Regular,6.0,0
MED-01699,65,Female,Bachelor,Employed,Antihypertensive,1,4,16,Low,0,2,5,Yes,Multimorbidity,None,High,7.0,Low,Moderate,Full,4.8,Low,Occasional,10.0,1
MED-01700,50,Female,Master,Employed,Cardiovascular,2,3,14,Medium,3,7,8,Yes,Heart Disease,Mild,Moderate,5.0,High,Moderate,Partial,5.7,High,Regular,7.0,1
MED-01701,45,Male,High School,Unemployed,Antihypertensive,2,2,48,Low,1,3,10,Yes,Multimorbidity,Mild,Moderate,7.0,High,Moderate,Partial,0.7,Moderate,Regular,5.0,1
MED-01702,67,Male,High School,Retired,Antihypertensive,2,4,32,Medium,2,3,8,No,Hypertension,None,High,9.0,Moderate,Easy,Full,4.4,High,Regular,6.0,1
MED-01703,43,Female,Bachelor,Student,Antihypertensive,1,1,14,Low,1,4,4,Yes,Multimorbidity,Mild,Moderate,8.0,Low,Difficult,Full,3.4,High,Regular,3.0,1
MED-01704,33,Male,Master,Employed,Psychiatric,1,7,29,Medium,4,7,8,No,Multimorbidity,None,High,10.0,Low,Moderate,Partial,6.9,High,Regular,4.0,1
MED-01705,31,Female,High School,Employed,Cardiovascular,2,3,13,Medium,5,5,4,No,Heart Disease,Moderate,Moderate,6.0,Low,Moderate,Full,1.8,High,Rare,6.0,0
MED-01706,61,Male,High School,Employed,Respiratory,1,8,21,High,1,5,5,Yes,Asthma/COPD,Mild,Moderate,10.0,Moderate,Moderate,Full,8.1,Moderate,Regular,5.0,1
MED-01707,35,Female,Bachelor,Unemployed,Antidiabetic,1,7,22,Medium,0,5,7,Yes,Diabetes,Mild,Moderate,7.0,Low,Easy,Full,1.3,High,Regular,,1
MED-01708,77,Female,Master,Retired,Cardiovascular,1,4,47,Low,2,6,7,No,Multimorbidity,Mild,Moderate,7.0,Low,Moderate,Partial,2.4,High,Regular,8.0,1
MED-01709,23,Male,Master,Employed,Antidiabetic,3,6,38,High,3,4,6,No,Multimorbidity,None,High,9.0,Low,Difficult,Full,1.0,Low,Regular,9.0,0
MED-01710,76,Male,Doctorate,Retired,Psychiatric,2,5,49,Medium,3,6,5,Yes,Depression/Anxiety,Mild,Moderate,5.0,Low,Moderate,Full,1.5,High,Regular,4.0,1
MED-01711,55,Male,None,Employed,Respiratory,2,3,21,Medium,0,3,8,Yes,Asthma/COPD,Mild,High,10.0,Low,Easy,Full,3.3,Moderate,Regular,10.0,1
MED-01712,51,Female,High School,Employed,Respiratory,2,10,35,High,3,6,5,No,Asthma/COPD,None,High,9.0,Low,Moderate,None,,Low,Regular,7.0,0
MED-01713,45,Female,Bachelor,Employed,Antihypertensive,3,4,7,Medium,5,6,9,No,Hypertension,None,High,9.0,Low,Easy,None,3.4,Moderate,Occasional,7.0,1
MED-01714,58,Male,Bachelor,Employed,Antidiabetic,2,6,14,Medium,4,6,3,Yes,Diabetes,Moderate,Moderate,7.0,Moderate,Moderate,Full,1.3,Moderate,Rare,5.0,0
MED-01715,52,Female,High School,Employed,Antidiabetic,2,7,10,High,8,6,7,No,Diabetes,Mild,Moderate,8.0,Low,Difficult,None,0.7,High,Rare,6.0,0
MED-01716,68,Female,High School,Retired,Psychiatric,3,4,43,Medium,5,6,4,No,Depression/Anxiety,Mild,Moderate,8.0,Moderate,Easy,Partial,5.5,Moderate,Regular,10.0,0
MED-01717,54,Male,Bachelor,Unemployed,Antihypertensive,2,3,69,Medium,4,7,4,Yes,Multimorbidity,None,High,8.0,Moderate,Easy,Partial,2.0,High,Regular,5.0,1
MED-01718,55,Male,None,Unemployed,Antihypertensive,1,7,23,Medium,2,1,5,No,Hypertension,Mild,High,10.0,Moderate,Easy,Full,2.2,Moderate,Occasional,7.0,1
MED-01719,47,Female,High School,Employed,Antidiabetic,1,5,37,Medium,3,6,9,No,Diabetes,Moderate,Low,1.0,Moderate,Easy,Full,7.4,Moderate,Occasional,6.0,0
MED-01720,52,Female,Bachelor,Unemployed,Antihypertensive,3,8,36,High,3,9,9,Yes,Hypertension,None,High,8.0,High,Easy,Partial,3.0,High,Regular,3.0,0
MED-01721,57,Female,Bachelor,Self-Employed,Antihypertensive,3,6,65,High,5,3,8,No,Multimorbidity,None,Moderate,,Low,Easy,Full,2.7,Moderate,Occasional,4.0,1
MED-01722,29,Female,Bachelor,Employed,Psychiatric,2,1,21,Low,0,3,6,No,Depression/Anxiety,None,Moderate,6.0,Moderate,Difficult,None,3.7,Low,Occasional,8.0,0
MED-01723,34,Female,High School,Employed,Cardiovascular,2,7,28,High,4,7,7,No,Heart Disease,Mild,High,6.0,Low,Moderate,Partial,10.1,Moderate,Regular,3.0,0
MED-01724,63,Male,Bachelor,Retired,Psychiatric,2,2,14,Low,0,2,9,Yes,Depression/Anxiety,Mild,Moderate,9.0,High,Easy,Partial,4.0,Moderate,Regular,4.0,1
MED-01725,55,Female,Bachelor,Employed,Respiratory,2,2,11,Low,1,3,8,No,Asthma/COPD,None,High,10.0,Low,Moderate,Full,0.7,Low,Occasional,8.0,1
MED-01726,50,Female,Bachelor,Employed,Antihypertensive,2,5,40,Medium,1,5,6,Yes,Multimorbidity,None,Moderate,6.0,Moderate,Moderate,Full,1.8,Low,Occasional,8.0,1
MED-01727,53,Female,Bachelor,Self-Employed,Antidiabetic,1,5,16,Medium,0,3,9,Yes,Multimorbidity,Mild,Moderate,8.0,Low,Easy,Full,2.7,High,Occasional,7.0,1
MED-01728,57,Male,High School,Employed,Antihypertensive,4,5,17,High,4,6,8,Yes,Hypertension,None,High,9.0,Moderate,Difficult,None,6.3,High,Occasional,4.0,0
MED-01729,45,Male,High School,Unemployed,Psychiatric,3,6,35,High,2,3,7,No,Depression/Anxiety,None,Low,4.0,Moderate,Difficult,Partial,1.3,Low,Regular,4.0,0
MED-01730,42,Male,High School,Retired,Antidiabetic,2,8,22,High,2,5,5,Yes,Diabetes,Mild,High,7.0,Moderate,Easy,Full,3.7,High,Occasional,4.0,1
MED-01731,55,Male,High School,Self-Employed,Antidiabetic,1,8,41,High,5,5,5,No,Multimorbidity,Mild,High,9.0,High,Difficult,Partial,3.1,Low,Regular,7.0,0
MED-01732,39,Male,Bachelor,Employed,Antidiabetic,1,3,41,Low,3,8,5,Yes,Diabetes,Mild,High,,Low,Moderate,Full,7.1,High,Regular,8.0,1
MED-01733,58,Female,Master,Employed,Antidiabetic,2,5,30,Medium,5,7,7,No,Diabetes,Mild,Moderate,6.0,Low,Easy,Full,1.6,High,Regular,6.0,1
MED-01734,29,Female,Bachelor,Employed,Antihypertensive,2,1,27,Low,0,3,8,Yes,Hypertension,Mild,High,10.0,High,Moderate,Full,3.8,Moderate,Rare,9.0,1
MED-01735,67,Male,Bachelor,Retired,Antidiabetic,2,3,68,Medium,0,2,3,Yes,Diabetes,Moderate,Moderate,5.0,Low,Moderate,Partial,10.5,High,Occasional,10.0,1
MED-01736,59,Female,High School,Employed,Respiratory,1,7,24,Medium,2,6,2,No,Asthma/COPD,Moderate,Moderate,,High,Moderate,Partial,6.5,High,Regular,8.0,0
MED-01737,56,Male,High School,Employed,Respiratory,2,3,42,Medium,1,3,4,Yes,Asthma/COPD,Moderate,Moderate,5.0,Moderate,Moderate,Full,5.2,Moderate,Regular,4.0,1
MED-01738,66,Male,High School,Retired,Antidiabetic,3,1,13,Low,1,4,5,No,Multimorbidity,Mild,Moderate,5.0,Low,Difficult,Full,2.6,High,Occasional,7.0,1
MED-01739,76,Male,High School,Unemployed,Antidiabetic,1,3,27,Low,0,2,9,No,Multimorbidity,Severe,Low,3.0,Low,Difficult,Full,3.7,High,Occasional,10.0,1
MED-01740,67,Female,None,Retired,Psychiatric,2,3,42,Medium,4,6,6,No,Depression/Anxiety,None,Low,4.0,Moderate,Easy,Partial,3.1,High,Regular,6.0,0
MED-01741,27,Male,Bachelor,Unemployed,Antihypertensive,3,3,15,Medium,0,3,7,No,Hypertension,None,High,6.0,High,Moderate,Full,6.3,Moderate,Regular,5.0,0
MED-01742,35,Male,Doctorate,Retired,Psychiatric,2,2,25,Low,2,4,7,No,Multimorbidity,Moderate,High,8.0,Low,Moderate,Full,4.9,Low,Regular,9.0,1
MED-01743,44,Male,High School,Self-Employed,Antihypertensive,2,6,26,Medium,1,4,4,No,Hypertension,Moderate,Low,2.0,Low,Difficult,Full,2.1,High,Rare,4.0,0
MED-01744,53,Female,None,Employed,Cardiovascular,2,6,15,Medium,1,5,9,Yes,Heart Disease,Moderate,Moderate,3.0,High,Moderate,None,12.3,Moderate,Regular,7.0,0
MED-01745,60,Male,Bachelor,Self-Employed,Cardiovascular,4,4,17,High,2,6,5,Yes,Multimorbidity,Moderate,Low,5.0,Moderate,Difficult,Full,8.2,Moderate,Regular,,0
MED-01746,42,Female,High School,Self-Employed,Cardiovascular,1,5,13,Medium,0,4,9,Yes,Heart Disease,None,High,10.0,Low,Easy,None,1.7,High,Regular,6.0,1
MED-01747,55,Female,Bachelor,Employed,Psychiatric,2,4,5,Medium,0,3,6,Yes,Depression/Anxiety,Moderate,Moderate,5.0,Moderate,Difficult,Full,2.6,High,Regular,10.0,1
MED-01748,42,Female,Bachelor,Employed,Antihypertensive,1,7,13,Medium,0,1,5,Yes,Multimorbidity,None,Moderate,9.0,High,Easy,Partial,2.9,High,Occasional,6.0,1
MED-01749,44,Female,Master,Employed,Antidiabetic,1,4,29,Low,0,5,4,Yes,Multimorbidity,Moderate,Moderate,7.0,Moderate,Moderate,Partial,6.1,Moderate,Occasional,7.0,1
MED-01750,33,Male,High School,Employed,Antidiabetic,1,6,17,Medium,1,4,7,Yes,Multimorbidity,Mild,High,10.0,Low,Difficult,Partial,1.8,Low,Regular,9.0,1
MED-01751,40,Male,Bachelor,Employed,Respiratory,1,4,25,Low,0,3,10,Yes,Asthma/COPD,None,High,9.0,Low,Easy,Full,2.0,Moderate,Regular,4.0,1
MED-01752,34,Female,High School,Employed,Antihypertensive,4,1,28,Medium,5,5,7,No,Hypertension,Mild,High,8.0,Moderate,Difficult,Full,6.4,High,Regular,8.0,0
MED-01753,39,Male,Bachelor,Unemployed,Respiratory,4,2,23,Medium,2,6,7,Yes,Asthma/COPD,None,High,9.0,Low,Moderate,Full,5.0,High,Occasional,6.0,1
MED-01754,67,Female,High School,Retired,Antidiabetic,1,7,42,Medium,4,7,5,No,Diabetes,None,Low,5.0,Moderate,Difficult,Full,0.8,Low,Regular,4.0,0
MED-01755,39,Female,High School,Employed,Antihypertensive,2,1,82,Low,1,1,7,No,Multimorbidity,None,Moderate,5.0,Moderate,Easy,None,5.4,High,Regular,6.0,1
MED-01756,88,Female,Bachelor,Retired,Respiratory,2,4,14,Medium,1,4,7,Yes,Multimorbidity,None,High,8.0,Moderate,Moderate,Full,1.1,Moderate,Occasional,7.0,1
MED-01757,59,Female,Bachelor,Employed,Antihypertensive,3,2,47,Medium,5,7,6,Yes,Multimorbidity,Mild,High,9.0,Low,Easy,None,2.1,High,Occasional,7.0,0
MED-01758,55,Other,Bachelor,Self-Employed,Antidiabetic,2,1,15,Low,3,8,7,No,Diabetes,Mild,Moderate,7.0,Moderate,Easy,Partial,,High,Occasional,5.0,1
MED-01759,40,Female,Bachelor,Employed,Antihypertensive,1,4,33,Low,2,3,2,No,Multimorbidity,Severe,Low,1.0,Moderate,Moderate,Partial,2.3,High,Occasional,6.0,0
MED-01760,62,Male,Bachelor,Self-Employed,Antidiabetic,3,5,10,Medium,2,8,6,Yes,Multimorbidity,None,Low,3.0,Low,Easy,Full,2.0,Low,Rare,4.0,0
MED-01761,44,Female,High School,Employed,Cardiovascular,2,8,32,High,3,2,4,Yes,Heart Disease,Moderate,Moderate,6.0,Low,Difficult,Full,1.5,Moderate,Regular,5.0,1
MED-01762,54,Male,Bachelor,Employed,Cardiovascular,2,7,20,High,3,7,6,Yes,Heart Disease,Severe,Low,2.0,Low,Moderate,Full,4.9,High,Occasional,4.0,0
MED-01763,88,Male,Bachelor,Employed,Antidiabetic,3,2,20,Medium,4,4,5,No,Diabetes,None,High,8.0,Low,Easy,Partial,1.0,High,Occasional,7.0,1
MED-01764,51,Female,Master,Unemployed,Antidiabetic,3,7,29,High,5,8,5,No,Diabetes,None,Moderate,8.0,Moderate,Easy,None,2.2,Moderate,Occasional,5.0,0
MED-01765,69,Male,Master,Retired,Antihypertensive,2,4,13,Medium,3,3,3,No,Multimorbidity,None,Moderate,5.0,Moderate,Easy,Full,6.0,High,Occasional,10.0,1
MED-01766,43,Male,None,Employed,Antidiabetic,2,2,12,Low,2,4,9,No,Diabetes,Moderate,High,8.0,High,Easy,Partial,4.5,High,Occasional,8.0,1
MED-01767,52,Male,Bachelor,Self-Employed,Other Chronic,4,10,21,High,2,4,5,No,Multimorbidity,Moderate,Moderate,3.0,Moderate,Moderate,Full,1.2,Moderate,Occasional,4.0,0
MED-01768,77,Female,None,Retired,Psychiatric,1,2,46,Low,0,1,5,Yes,Depression/Anxiety,None,High,9.0,Moderate,Difficult,None,0.8,Moderate,Regular,5.0,1
MED-01769,44,Female,High School,Employed,Antihypertensive,1,1,21,Low,0,1,9,No,Multimorbidity,None,Moderate,4.0,Low,Moderate,Partial,1.5,Low,Regular,8.0,1
MED-01770,78,Female,Bachelor,Retired,Antihypertensive,1,8,83,High,2,6,7,Yes,Multimorbidity,Moderate,Moderate,5.0,Low,Moderate,Full,0.6,Moderate,Occasional,7.0,1
MED-01771,62,Male,High School,Employed,Psychiatric,3,2,97,Medium,7,7,2,Yes,Depression/Anxiety,Mild,Moderate,7.0,Low,Easy,Partial,3.6,Moderate,Regular,4.0,0
MED-01772,45,Female,Bachelor,Employed,Antidiabetic,2,4,25,Medium,1,6,9,Yes,Multimorbidity,None,Moderate,5.0,Moderate,Easy,Partial,2.4,Moderate,Regular,5.0,1
MED-01773,61,Female,None,Self-Employed,Antidiabetic,1,6,66,Medium,0,2,10,No,Multimorbidity,Moderate,Low,1.0,Moderate,Easy,Partial,2.5,High,Occasional,8.0,1
MED-01774,66,Male,High School,Retired,Respiratory,4,8,14,High,0,6,9,No,Multimorbidity,Severe,Low,4.0,Moderate,Moderate,Full,4.9,High,Regular,8.0,0
MED-01775,61,Male,Bachelor,Self-Employed,Antidiabetic,2,2,27,Low,0,2,8,No,Diabetes,None,Moderate,5.0,Low,Easy,Partial,6.4,Moderate,Occasional,8.0,1
MED-01776,31,Male,Bachelor,Self-Employed,Antidiabetic,3,2,30,Medium,1,5,4,Yes,Diabetes,None,Moderate,7.0,Moderate,Easy,Full,4.0,High,Regular,6.0,1
MED-01777,42,Female,Master,Employed,Other Chronic,1,7,38,Medium,1,7,6,Yes,Multimorbidity,Moderate,Moderate,8.0,Moderate,Easy,Partial,2.8,High,Rare,5.0,0
MED-01778,49,Female,Bachelor,Self-Employed,Cardiovascular,2,3,9,Medium,1,5,3,Yes,Heart Disease,Mild,Moderate,7.0,Low,Easy,Full,2.0,High,Regular,4.0,1
MED-01779,51,Female,Bachelor,Employed,Antihypertensive,2,5,29,Medium,5,8,4,Yes,Hypertension,Severe,Low,2.0,Low,Difficult,Partial,2.6,Low,Regular,9.0,0
MED-01780,61,Male,High School,Self-Employed,Antihypertensive,2,3,55,Medium,1,4,4,Yes,Multimorbidity,Moderate,Moderate,5.0,Moderate,Easy,None,3.9,Low,Regular,10.0,1
MED-01781,55,Female,None,Employed,Antihypertensive,2,2,5,Low,2,4,5,Yes,Hypertension,None,Moderate,6.0,Moderate,Moderate,Full,6.6,Moderate,Regular,7.0,1
MED-01782,34,Female,High School,Employed,Respiratory,3,4,15,Medium,0,5,7,No,Multimorbidity,Mild,High,9.0,Moderate,Easy,Partial,1.2,Low,Regular,9.0,1
MED-01783,58,Female,Bachelor,Employed,Antihypertensive,1,6,56,Medium,0,2,5,No,Hypertension,Mild,Low,2.0,Low,Easy,Full,1.4,Low,Occasional,5.0,1
MED-01784,61,Female,Bachelor,Employed,Antihypertensive,3,10,17,High,0,4,5,Yes,Hypertension,None,Moderate,9.0,High,Moderate,Full,3.3,High,Occasional,7.0,0
MED-01785,60,Male,High School,Employed,Psychiatric,1,5,28,Medium,1,4,6,No,Depression/Anxiety,None,High,9.0,Low,Easy,Full,0.7,High,Regular,7.0,1
MED-01786,68,Male,Bachelor,Retired,Antihypertensive,1,4,34,Low,0,4,9,Yes,Hypertension,Mild,High,6.0,High,Difficult,Partial,4.1,Moderate,Regular,8.0,1
MED-01787,64,Female,Bachelor,Self-Employed,Antihypertensive,1,5,15,Medium,0,5,10,Yes,Hypertension,None,High,10.0,High,Moderate,Full,7.3,High,Regular,7.0,1
MED-01788,59,Female,None,Employed,Antihypertensive,1,5,11,Medium,1,1,5,No,Multimorbidity,Mild,Moderate,8.0,Moderate,Moderate,None,19.5,High,Occasional,10.0,1
MED-01789,52,Female,High School,Student,Antihypertensive,1,8,23,High,2,2,7,No,Hypertension,None,High,9.0,Moderate,Moderate,Full,3.5,Moderate,Rare,8.0,1
MED-01790,29,Male,Master,Employed,Antidiabetic,3,3,49,Medium,1,7,4,Yes,Diabetes,Mild,High,10.0,High,Difficult,Partial,6.3,High,Occasional,9.0,1
MED-01791,59,Female,Bachelor,Employed,Psychiatric,2,3,29,Medium,1,1,8,No,Multimorbidity,None,High,9.0,Moderate,Moderate,Partial,3.4,Low,Regular,7.0,1
MED-01792,55,Male,Master,Employed,Psychiatric,2,3,11,Medium,2,6,5,No,Multimorbidity,Moderate,Moderate,8.0,Moderate,Easy,Full,11.2,High,Regular,3.0,0
MED-01793,56,Male,High School,Self-Employed,Antidiabetic,2,6,42,Medium,1,4,5,Yes,Diabetes,None,High,9.0,High,Easy,Partial,2.4,High,Occasional,8.0,1
MED-01794,35,Female,Doctorate,Unemployed,Antidiabetic,1,3,12,Low,0,5,10,No,Diabetes,Moderate,Low,4.0,High,Moderate,Full,4.3,High,Occasional,9.0,1
MED-01795,37,Female,High School,Employed,Cardiovascular,1,4,33,Low,3,8,3,Yes,Heart Disease,None,Moderate,6.0,Low,Easy,Partial,5.2,Moderate,Regular,,1
MED-01796,67,Male,None,Retired,Antihypertensive,2,6,23,Medium,1,4,1,No,Multimorbidity,Mild,Moderate,4.0,High,Easy,Full,4.4,High,Occasional,7.0,1
MED-01797,52,Male,Doctorate,Employed,Antihypertensive,2,3,19,Medium,1,6,8,No,Hypertension,None,High,6.0,High,Easy,Full,1.9,High,Regular,4.0,1
MED-01798,62,Male,High School,Employed,Psychiatric,3,5,22,Medium,1,5,5,No,Depression/Anxiety,Moderate,Moderate,6.0,Low,Moderate,None,1.2,Moderate,Regular,6.0,0
MED-01799,53,Male,Bachelor,Employed,Antihypertensive,2,3,24,Medium,1,4,5,Yes,Hypertension,Moderate,Low,3.0,Moderate,Easy,Partial,7.1,Moderate,Occasional,4.0,0
MED-01800,53,Female,High School,Employed,Antihypertensive,2,3,25,Medium,0,4,10,Yes,Hypertension,Moderate,Moderate,4.0,Low,Easy,Partial,4.0,Low,Regular,9.0,1
MED-01801,66,Female,Bachelor,Retired,Antidiabetic,2,10,30,High,5,6,8,No,Diabetes,Mild,High,8.0,Low,Moderate,Full,3.5,Moderate,Regular,8.0,0
MED-01802,45,Male,Master,Self-Employed,Antidiabetic,4,2,46,Medium,2,3,6,Yes,Multimorbidity,None,High,9.0,Moderate,Moderate,Full,6.5,Low,Regular,6.0,1
MED-01803,54,Female,High School,Employed,Antihypertensive,1,3,72,Low,0,2,5,No,Multimorbidity,Mild,Moderate,9.0,Moderate,Easy,Partial,6.3,High,Regular,8.0,1
MED-01804,46,Female,Bachelor,Employed,Antihypertensive,2,1,26,Low,0,5,7,Yes,Multimorbidity,Severe,High,6.0,Moderate,Moderate,Partial,4.3,High,Regular,10.0,1
MED-01805,46,Female,High School,Employed,Antidiabetic,2,2,43,Low,2,5,3,Yes,Multimorbidity,Mild,Low,5.0,Moderate,Easy,Full,5.3,Moderate,Occasional,8.0,1
MED-01806,48,Male,Bachelor,Self-Employed,Cardiovascular,4,5,28,High,0,1,5,Yes,Multimorbidity,Severe,High,9.0,Moderate,Difficult,Full,2.2,Moderate,Occasional,10.0,1
MED-01807,56,Female,High School,Unemployed,Antihypertensive,1,3,21,Low,3,4,6,No,Hypertension,None,Moderate,8.0,Low,Easy,None,5.0,High,Occasional,5.0,1
MED-01808,46,Male,High School,Self-Employed,Antidiabetic,2,6,31,Medium,0,2,7,Yes,Diabetes,Moderate,Moderate,5.0,Moderate,Easy,None,1.0,Moderate,Regular,9.0,1
MED-01809,70,Male,High School,Retired,Cardiovascular,1,5,9,Medium,0,6,6,Yes,Multimorbidity,Mild,Moderate,7.0,Moderate,Difficult,Full,3.4,High,Regular,4.0,1
MED-01810,40,Male,High School,Retired,Psychiatric,2,3,13,Medium,0,1,5,Yes,Depression/Anxiety,Moderate,Moderate,6.0,Low,Easy,Partial,5.8,Low,Regular,10.0,1
MED-01811,50,Female,Master,Employed,Antidiabetic,1,5,11,Medium,0,9,8,Yes,Diabetes,Mild,Moderate,8.0,Low,Easy,Full,1.9,Moderate,Rare,8.0,0
MED-01812,46,Male,High School,Employed,Antihypertensive,1,2,30,Low,6,4,3,No,Hypertension,Mild,Moderate,7.0,Low,Easy,Partial,3.7,High,Occasional,6.0,0
MED-01813,73,Male,High School,Retired,Antidiabetic,2,2,6,Low,0,3,6,Yes,Multimorbidity,Mild,High,10.0,High,Easy,Full,4.2,High,Regular,4.0,1
MED-01814,55,Male,High School,Employed,Respiratory,1,6,10,Medium,0,4,5,Yes,Asthma/COPD,Moderate,High,9.0,Low,Moderate,Partial,1.7,Low,Regular,6.0,1
MED-01815,67,Female,High School,Retired,Antihypertensive,1,8,7,High,3,6,8,Yes,Hypertension,None,Moderate,5.0,Low,Moderate,Partial,7.7,Low,Rare,6.0,1
MED-01816,32,Female,Bachelor,Self-Employed,Antidiabetic,1,3,26,Low,4,6,5,No,Multimorbidity,Severe,Moderate,3.0,Moderate,Moderate,Full,4.2,Moderate,Regular,7.0,0
MED-01817,56,Male,Doctorate,Employed,Antihypertensive,1,4,19,Low,1,4,7,Yes,Hypertension,None,Moderate,8.0,High,Difficult,Partial,0.9,High,Occasional,7.0,1
MED-01818,65,Female,High School,Retired,Antihypertensive,4,4,22,High,2,1,7,No,Hypertension,None,High,9.0,Moderate,Moderate,Full,3.6,High,Rare,,1
MED-01819,54,Female,Master,Employed,Antidiabetic,2,2,33,Low,3,2,2,Yes,Multimorbidity,Mild,Moderate,8.0,Low,Moderate,Full,9.9,Moderate,Regular,9.0,1
MED-01820,67,Female,Bachelor,Retired,Antihypertensive,3,6,25,High,4,5,6,Yes,Hypertension,Moderate,Moderate,8.0,Low,Easy,Full,3.3,Moderate,Occasional,3.0,0
MED-01821,45,Male,High School,Employed,Respiratory,2,8,20,High,5,7,3,No,Asthma/COPD,None,High,6.0,Low,Easy,None,2.0,Low,Occasional,8.0,0
MED-01822,72,Female,Bachelor,Retired,Cardiovascular,3,3,6,Medium,2,7,7,No,Heart Disease,Mild,Moderate,6.0,Low,Easy,None,2.2,Moderate,Occasional,7.0,0
MED-01823,85,Female,Bachelor,Self-Employed,Antidiabetic,2,4,33,Medium,2,5,5,Yes,Diabetes,Mild,Moderate,7.0,Low,Easy,Partial,2.9,High,Regular,7.0,1
MED-01824,47,Female,Bachelor,Unemployed,Antidiabetic,2,2,5,Low,7,7,9,No,Multimorbidity,None,High,7.0,Moderate,Moderate,Partial,1.3,High,Occasional,8.0,1
MED-01825,46,Male,Master,Self-Employed,Antidiabetic,2,5,29,Medium,5,9,6,No,Diabetes,None,High,8.0,High,Easy,Full,9.5,Moderate,Regular,5.0,0
MED-01826,73,Female,High School,Retired,Antihypertensive,2,7,120,High,3,7,5,No,Hypertension,None,Moderate,5.0,Moderate,Easy,Full,6.6,High,Regular,5.0,0
MED-01827,75,Female,Master,Retired,Psychiatric,2,5,37,Medium,6,7,9,No,Multimorbidity,Mild,Moderate,6.0,Moderate,Easy,None,7.4,Low,Regular,6.0,0
MED-01828,45,Female,Bachelor,Employed,Other Chronic,1,6,16,Medium,4,3,4,No,Multimorbidity,None,High,7.0,Moderate,Easy,Full,1.1,High,Regular,6.0,1
MED-01829,47,Male,High School,Employed,Antihypertensive,1,1,45,Low,6,7,8,No,Hypertension,None,High,9.0,Moderate,Moderate,None,3.7,Moderate,Regular,6.0,1
MED-01830,49,Male,Bachelor,Unemployed,Antihypertensive,2,2,79,Low,2,6,7,No,Hypertension,Severe,Moderate,6.0,Low,Difficult,Partial,7.5,High,Rare,8.0,1
MED-01831,34,Female,High School,Employed,Antihypertensive,2,4,50,Medium,7,6,5,No,Multimorbidity,Moderate,Moderate,7.0,Low,Easy,Partial,1.6,High,Regular,7.0,0
MED-01832,40,Female,Doctorate,Employed,Cardiovascular,1,3,60,Low,5,7,3,No,Heart Disease,Mild,High,10.0,Moderate,Easy,Full,3.1,High,Rare,7.0,0
MED-01833,38,Male,Bachelor,Employed,Cardiovascular,1,5,14,Medium,3,5,9,No,Heart Disease,Mild,High,10.0,Moderate,Difficult,Full,1.5,High,Regular,7.0,1
MED-01834,42,Female,None,Self-Employed,Respiratory,2,6,19,Medium,0,4,7,Yes,Asthma/COPD,None,Moderate,8.0,High,Moderate,Partial,6.2,High,Regular,6.0,1
MED-01835,52,Male,High School,Employed,Respiratory,3,7,40,High,0,2,5,No,Asthma/COPD,Mild,High,9.0,Moderate,Easy,Full,2.8,Moderate,Regular,9.0,1
MED-01836,56,Female,Bachelor,Retired,Antidiabetic,1,4,24,Low,2,4,7,No,Diabetes,Severe,Low,2.0,Moderate,Easy,Full,3.1,High,Regular,8.0,1
MED-01837,74,Female,None,Retired,Cardiovascular,1,8,13,High,0,5,8,Yes,Heart Disease,Moderate,Moderate,8.0,Low,Moderate,Full,1.4,High,Occasional,7.0,1
MED-01838,39,Female,None,Employed,Cardiovascular,3,6,37,High,5,5,6,No,Heart Disease,None,High,8.0,Moderate,Moderate,Partial,10.6,Moderate,Rare,5.0,0
MED-01839,66,Female,High School,Retired,Antidiabetic,2,4,40,Medium,2,5,7,No,Diabetes,None,Moderate,7.0,High,Easy,Partial,3.4,Low,Occasional,9.0,0
MED-01840,50,Male,High School,Self-Employed,Antidiabetic,1,3,21,Low,1,7,8,Yes,Diabetes,Severe,Low,2.0,Moderate,Easy,Full,6.0,Moderate,Regular,8.0,1
MED-01841,52,Female,High School,Employed,Cardiovascular,3,3,12,Medium,3,6,9,No,Heart Disease,None,High,10.0,Moderate,Moderate,Full,4.4,Low,Regular,8.0,1
MED-01842,62,Male,High School,Self-Employed,Cardiovascular,2,3,19,Medium,2,4,6,Yes,Multimorbidity,Mild,Low,6.0,High,Moderate,Full,1.7,Low,Regular,10.0,1
MED-01843,37,Female,High School,Employed,Cardiovascular,2,3,20,Medium,5,3,3,No,Heart Disease,None,Moderate,9.0,Low,Easy,Full,1.0,High,Occasional,8.0,1
MED-01844,58,Female,Bachelor,Employed,Cardiovascular,4,6,28,High,5,5,3,No,Multimorbidity,Moderate,Moderate,6.0,High,Difficult,Full,2.9,Moderate,Regular,7.0,0
MED-01845,55,Female,Bachelor,Self-Employed,Cardiovascular,4,4,10,High,7,9,5,No,Heart Disease,None,High,9.0,Low,Easy,Partial,7.6,High,Regular,6.0,0
MED-01846,59,Male,High School,Self-Employed,Cardiovascular,1,5,23,Medium,3,5,4,No,Multimorbidity,Mild,Low,5.0,Low,Easy,Partial,0.8,Low,Occasional,6.0,0
MED-01847,57,Female,High School,Self-Employed,Antidiabetic,1,1,18,Low,1,4,3,No,Multimorbidity,None,High,10.0,Moderate,Easy,Partial,14.3,High,Regular,7.0,1
MED-01848,87,Male,Bachelor,Retired,Cardiovascular,1,4,38,Low,2,6,10,No,Multimorbidity,None,Moderate,4.0,Low,Moderate,Partial,6.2,High,Regular,9.0,1
MED-01849,44,Male,None,Self-Employed,Antidiabetic,1,3,120,Low,1,6,7,Yes,Diabetes,Mild,High,9.0,High,Difficult,Partial,3.8,Low,Regular,9.0,1
MED-01850,45,Female,High School,Self-Employed,Antihypertensive,1,1,29,Low,3,6,5,No,Multimorbidity,None,High,8.0,Low,Easy,Full,3.0,Low,Regular,4.0,1
MED-01851,44,Male,None,Self-Employed,Antihypertensive,1,3,25,Low,2,8,6,No,Multimorbidity,None,Moderate,6.0,Low,Easy,Full,6.3,High,Regular,9.0,1
MED-01852,45,Female,Bachelor,Employed,Cardiovascular,4,6,33,High,6,5,2,Yes,Heart Disease,None,High,8.0,Low,Moderate,Full,1.3,High,Occasional,6.0,0
MED-01853,44,Male,Bachelor,Employed,Cardiovascular,3,5,41,Medium,1,7,9,Yes,Heart Disease,None,High,10.0,High,Easy,None,4.6,Moderate,Occasional,6.0,1
MED-01854,69,Male,Bachelor,Retired,Other Chronic,2,6,3,Medium,4,5,2,No,Multimorbidity,Severe,Moderate,1.0,Low,Easy,Full,4.2,High,Regular,8.0,0
MED-01855,72,Female,Bachelor,Retired,Antidiabetic,2,3,25,Medium,2,8,7,No,Diabetes,None,High,9.0,Moderate,Difficult,Partial,12.8,Low,Occasional,8.0,0
MED-01856,45,Female,Bachelor,Employed,Antidiabetic,1,3,44,Low,1,7,2,No,Diabetes,Moderate,High,5.0,High,Moderate,Partial,2.5,Low,Regular,4.0,0
MED-01857,41,Male,High School,Employed,Antihypertensive,1,3,7,Low,6,7,5,Yes,Hypertension,None,High,8.0,Low,Easy,Partial,3.4,High,Rare,7.0,1
MED-01858,59,Female,Bachelor,Employed,Antihypertensive,1,4,29,Low,3,6,9,No,Hypertension,None,Moderate,7.0,Low,Easy,Full,3.2,High,Regular,4.0,1
MED-01859,45,Female,None,Employed,Respiratory,3,3,47,Medium,8,10,3,No,Asthma/COPD,Mild,High,8.0,Low,Easy,Partial,2.3,High,Occasional,8.0,0
MED-01860,61,Female,Bachelor,Employed,Antihypertensive,1,2,77,Low,1,7,6,No,Hypertension,None,Moderate,8.0,Moderate,Easy,Full,10.1,High,Regular,5.0,1
MED-01861,55,Male,Bachelor,Self-Employed,Cardiovascular,3,5,31,Medium,3,3,8,No,Multimorbidity,Mild,High,10.0,Low,Easy,Full,1.6,Moderate,Regular,7.0,1
MED-01862,31,Female,Bachelor,Employed,Cardiovascular,2,3,37,Medium,0,5,7,Yes,Heart Disease,None,Moderate,10.0,Moderate,Moderate,Full,1.1,Moderate,Occasional,6.0,1
MED-01863,74,Female,High School,Retired,Antidiabetic,1,9,35,High,2,4,6,No,Diabetes,Mild,High,9.0,High,Easy,Partial,4.0,Moderate,Regular,6.0,0
MED-01864,78,Female,High School,Retired,Psychiatric,1,3,9,Low,2,9,7,Yes,Depression/Anxiety,Moderate,Moderate,8.0,Moderate,Easy,Partial,1.9,High,Occasional,3.0,1
MED-01865,44,Male,Bachelor,Employed,Antidiabetic,2,5,95,Medium,3,7,5,No,Diabetes,Severe,Low,4.0,Moderate,Moderate,Partial,4.0,High,Regular,4.0,0
MED-01866,47,Female,Bachelor,Employed,Antihypertensive,3,2,33,Medium,4,9,10,No,Hypertension,Mild,High,8.0,High,Moderate,None,5.3,High,Regular,7.0,0
MED-01867,57,Female,Master,Unemployed,Psychiatric,2,2,22,Low,1,3,3,No,Depression/Anxiety,Mild,High,10.0,Low,Moderate,Partial,3.7,Moderate,Regular,5.0,1
MED-01868,57,Female,High School,Employed,Psychiatric,1,5,56,Medium,1,7,9,Yes,Depression/Anxiety,None,Moderate,4.0,Moderate,Easy,Full,3.4,Low,Rare,6.0,1
MED-01869,62,Male,Bachelor,Self-Employed,Antihypertensive,2,4,15,Medium,1,1,7,No,Multimorbidity,Mild,Low,5.0,Low,Easy,Partial,0.7,High,Occasional,5.0,1
MED-01870,81,Female,Bachelor,Retired,Antihypertensive,1,8,36,High,0,1,7,Yes,Hypertension,Severe,Moderate,7.0,Moderate,Difficult,Full,5.1,Low,Regular,6.0,1
MED-01871,50,Female,Master,Employed,Antihypertensive,4,6,21,High,1,4,8,Yes,Hypertension,None,High,9.0,Moderate,Easy,Full,3.8,High,Regular,4.0,1
MED-01872,41,Male,Bachelor,Employed,Antihypertensive,2,5,15,Medium,1,8,7,Yes,Hypertension,Moderate,Moderate,6.0,Low,Moderate,Full,13.5,Low,Occasional,6.0,1
MED-01873,33,Male,Bachelor,Employed,Other Chronic,2,3,26,Medium,5,2,4,No,Multimorbidity,Moderate,Moderate,6.0,High,Easy,Partial,7.8,High,Occasional,6.0,0
MED-01874,42,Female,Bachelor,Student,Cardiovascular,2,3,29,Medium,1,4,6,No,Multimorbidity,Moderate,High,10.0,Low,Moderate,None,1.1,Low,Occasional,7.0,0
MED-01875,52,Male,Bachelor,Self-Employed,Antidiabetic,2,1,24,Low,5,7,3,No,Diabetes,Mild,Moderate,5.0,Moderate,Moderate,Partial,7.4,Low,Occasional,3.0,0
MED-01876,78,Female,Master,Retired,Psychiatric,1,1,101,Low,5,6,6,No,Depression/Anxiety,None,High,8.0,Moderate,Moderate,Full,1.3,Moderate,Occasional,7.0,1
MED-01877,45,Female,None,Employed,Antidiabetic,1,3,29,Low,3,9,7,Yes,Diabetes,Mild,High,10.0,Low,Difficult,Partial,6.2,High,Regular,5.0,1
MED-01878,56,Female,None,Employed,Antidiabetic,1,5,20,Medium,4,5,7,No,Diabetes,None,Moderate,7.0,Low,Difficult,Partial,9.9,Moderate,Occasional,4.0,0
MED-01879,52,Male,Master,Employed,Psychiatric,4,1,28,Medium,3,4,7,No,Depression/Anxiety,Mild,High,10.0,Moderate,Easy,Partial,13.5,Moderate,Occasional,9.0,1
MED-01880,69,Male,Bachelor,Self-Employed,Respiratory,2,2,41,Low,4,2,3,No,Asthma/COPD,None,Moderate,8.0,Low,Easy,Full,2.5,Moderate,Occasional,8.0,1
MED-01881,88,Female,Bachelor,Retired,Respiratory,1,4,34,Low,1,4,5,Yes,Asthma/COPD,Moderate,Moderate,5.0,High,Easy,Full,5.6,Moderate,Rare,8.0,1
MED-01882,45,Male,High School,Unemployed,Antidiabetic,3,4,66,Medium,1,2,5,Yes,Multimorbidity,Moderate,Moderate,7.0,Low,Easy,Full,7.1,Moderate,Regular,6.0,1
MED-01883,46,Female,High School,Employed,Respiratory,1,3,31,Low,0,1,3,Yes,Multimorbidity,Mild,Low,3.0,Low,Easy,Partial,4.7,High,Occasional,6.0,1
MED-01884,67,Male,Bachelor,Retired,Antihypertensive,1,8,4,High,0,9,4,No,Multimorbidity,None,Moderate,4.0,Low,Difficult,Partial,0.9,High,Occasional,10.0,0
MED-01885,62,Male,Bachelor,Employed,Cardiovascular,1,4,29,Low,2,5,6,Yes,Heart Disease,Moderate,Low,3.0,Moderate,Easy,Partial,3.7,High,Rare,7.0,0
MED-01886,78,Male,High School,Employed,Other Chronic,2,7,29,High,4,10,9,No,Multimorbidity,Moderate,High,8.0,Low,Difficult,Full,5.1,Moderate,Regular,5.0,0
MED-01887,61,Female,High School,Student,Antihypertensive,2,6,48,Medium,2,3,4,Yes,Hypertension,Mild,Moderate,6.0,Low,Easy,Full,3.3,High,Regular,5.0,1
MED-01888,47,Female,Master,Employed,Respiratory,2,5,5,Medium,0,4,4,Yes,Asthma/COPD,Severe,Moderate,5.0,Low,Easy,Partial,1.7,High,Regular,7.0,1
MED-01889,61,Male,None,Unemployed,Antidiabetic,2,5,36,Medium,0,3,5,Yes,Diabetes,None,High,9.0,Moderate,Moderate,Full,2.9,Moderate,Rare,6.0,1
MED-01890,68,Male,Master,Employed,Antihypertensive,1,4,44,Low,1,3,7,Yes,Hypertension,Mild,Moderate,4.0,High,Moderate,Partial,6.5,Moderate,Regular,9.0,1
MED-01891,64,Male,High School,Self-Employed,Respiratory,3,3,29,Medium,1,6,9,No,Asthma/COPD,Mild,High,8.0,Low,Easy,None,4.5,Low,Regular,7.0,1
MED-01892,60,Female,Bachelor,Employed,Antihypertensive,1,4,42,Low,0,6,6,Yes,Hypertension,None,Moderate,8.0,Low,Easy,Full,4.7,Moderate,Occasional,4.0,1
MED-01893,67,Male,Master,Retired,Cardiovascular,3,8,13,High,6,6,3,No,Multimorbidity,Mild,Moderate,8.0,Low,Difficult,Full,2.8,High,Regular,10.0,0
MED-01894,69,Female,Bachelor,Retired,Antihypertensive,2,1,46,Low,6,7,4,No,Hypertension,Moderate,Moderate,5.0,High,Moderate,Partial,4.6,Moderate,Occasional,5.0,0
MED-01895,72,Female,High School,Self-Employed,Psychiatric,2,8,12,High,5,7,7,Yes,Depression/Anxiety,None,High,10.0,Moderate,Easy,Full,0.7,Low,Regular,4.0,0
MED-01896,62,Female,Bachelor,Employed,Antihypertensive,2,1,17,Low,0,2,8,Yes,Hypertension,Moderate,Moderate,9.0,High,Easy,None,,Moderate,Regular,7.0,1
MED-01897,50,Male,High School,Unemployed,Antihypertensive,2,1,39,Low,1,3,10,No,Multimorbidity,None,High,8.0,Moderate,Easy,Partial,2.5,High,Regular,8.0,1
MED-01898,55,Other,High School,Employed,Antihypertensive,1,7,82,Medium,4,5,4,No,Multimorbidity,Mild,Low,6.0,High,Moderate,Full,3.4,Low,Regular,5.0,0
MED-01899,69,Male,Doctorate,Retired,Psychiatric,3,3,74,Medium,5,10,6,Yes,Depression/Anxiety,Moderate,Moderate,7.0,High,Difficult,Partial,1.4,Low,Regular,8.0,0
MED-01900,41,Male,Bachelor,Employed,Cardiovascular,1,2,33,Low,2,6,4,No,Heart Disease,None,High,8.0,Low,Easy,Full,4.4,High,Occasional,6.0,1
MED-01901,58,Female,Bachelor,Employed,Respiratory,1,5,8,Medium,4,5,4,No,Asthma/COPD,Mild,High,7.0,Moderate,Moderate,Full,14.0,Moderate,Rare,10.0,0
MED-01902,47,Female,High School,Self-Employed,Antidiabetic,2,8,18,High,3,6,4,No,Diabetes,None,High,10.0,Moderate,Difficult,Partial,3.5,High,Rare,7.0,0
MED-01903,53,Male,None,Employed,Antidiabetic,2,8,21,High,1,3,5,No,Diabetes,Mild,High,10.0,Low,Easy,Full,3.4,High,Rare,5.0,1
MED-01904,70,Male,None,Retired,Antihypertensive,1,5,3,Medium,4,5,4,No,Multimorbidity,None,Moderate,7.0,Low,Moderate,None,21.8,High,Rare,5.0,0
MED-01905,55,Female,Bachelor,Employed,Cardiovascular,3,3,12,Medium,1,7,10,Yes,Multimorbidity,None,High,10.0,High,Easy,Partial,1.6,Moderate,Occasional,8.0,1
MED-01906,53,Male,Bachelor,Employed,Antihypertensive,4,6,46,High,2,4,5,No,Hypertension,None,High,10.0,High,Difficult,Partial,4.8,Moderate,Occasional,5.0,0
MED-01907,33,Female,Bachelor,Unemployed,Other Chronic,2,2,71,Low,0,3,8,Yes,Multimorbidity,Moderate,High,10.0,High,Easy,Full,10.9,High,Regular,7.0,1
MED-01908,63,Female,Master,Employed,Respiratory,2,5,51,Medium,1,4,5,Yes,Asthma/COPD,None,Moderate,4.0,High,Easy,Partial,2.5,High,Regular,10.0,1
MED-01909,62,Male,None,Employed,Antidiabetic,2,4,18,Medium,1,4,10,No,Multimorbidity,None,Moderate,6.0,Moderate,Easy,Full,6.3,High,Regular,8.0,1
MED-01910,83,Male,High School,Retired,Antihypertensive,1,2,40,Low,2,2,7,No,Hypertension,None,High,10.0,Low,Easy,Partial,3.8,Low,Occasional,8.0,1
MED-01911,48,Male,High School,Self-Employed,Respiratory,2,10,26,High,1,3,8,No,Asthma/COPD,None,Moderate,10.0,Moderate,Difficult,Partial,1.5,High,Regular,10.0,1
MED-01912,56,Female,High School,Retired,Antihypertensive,3,4,11,Medium,1,1,5,Yes,Hypertension,None,Moderate,6.0,Low,Moderate,Full,2.9,Moderate,Regular,5.0,1
MED-01913,56,Female,None,Self-Employed,Antihypertensive,4,4,32,High,2,2,8,No,Hypertension,None,Moderate,6.0,Low,Moderate,Full,3.2,Moderate,Occasional,7.0,1
MED-01914,75,Male,Master,Employed,Antihypertensive,3,9,38,High,0,2,7,Yes,Multimorbidity,None,High,10.0,Moderate,Moderate,Full,2.1,Moderate,Occasional,6.0,1
MED-01915,51,Female,High School,Employed,Cardiovascular,1,6,13,Medium,1,7,5,Yes,Heart Disease,None,Moderate,8.0,Moderate,Easy,Partial,1.0,Moderate,Regular,6.0,1
MED-01916,56,Other,Master,Employed,Respiratory,1,3,9,Low,3,8,4,No,Asthma/COPD,None,High,10.0,Moderate,Easy,Partial,2.4,High,Regular,6.0,1
MED-01917,61,Male,High School,Employed,Antidiabetic,1,5,19,Medium,0,1,6,No,Diabetes,None,Moderate,4.0,Low,Moderate,Partial,1.1,Low,Rare,6.0,1
MED-01918,55,Female,Doctorate,Employed,Antihypertensive,2,6,56,Medium,1,8,6,No,Hypertension,Mild,High,8.0,High,Moderate,Partial,5.0,High,Occasional,5.0,0
MED-01919,46,Male,Bachelor,Unemployed,Antidiabetic,1,2,43,Low,0,2,8,No,Diabetes,Mild,Moderate,8.0,Low,Moderate,Partial,5.0,High,Occasional,6.0,1
MED-01920,55,Male,Master,Employed,Respiratory,1,2,20,Low,3,6,6,No,Asthma/COPD,Mild,Moderate,3.0,Moderate,Moderate,Full,1.3,Moderate,Occasional,5.0,0
MED-01921,68,Male,None,Retired,Antihypertensive,2,4,14,Medium,0,5,2,Yes,Hypertension,Mild,High,6.0,Low,Moderate,Partial,3.5,Moderate,Regular,7.0,1
MED-01922,38,Male,Bachelor,Self-Employed,Antihypertensive,3,5,26,Medium,4,6,8,No,Hypertension,None,Moderate,4.0,Moderate,Easy,Partial,1.2,Low,Occasional,5.0,0
MED-01923,54,Male,Master,Unemployed,Psychiatric,2,5,11,Medium,0,2,9,Yes,Depression/Anxiety,Mild,High,10.0,Low,Moderate,Full,2.5,High,Regular,9.0,1
MED-01924,43,Male,High School,Employed,Other Chronic,3,6,30,High,3,1,3,No,Multimorbidity,Moderate,High,6.0,Low,Easy,Full,2.0,Low,Regular,8.0,0
MED-01925,69,Female,High School,Retired,Other Chronic,1,7,23,Medium,0,3,10,Yes,Multimorbidity,Mild,High,7.0,High,Moderate,None,4.8,Moderate,Occasional,8.0,1
MED-01926,31,Female,High School,Employed,Respiratory,1,6,3,Medium,0,5,9,Yes,Multimorbidity,None,Moderate,7.0,High,Easy,Partial,1.0,Moderate,Regular,6.0,1
MED-01927,45,Female,Master,Employed,Antihypertensive,3,2,20,Medium,6,9,5,No,Multimorbidity,Mild,Moderate,5.0,Moderate,Easy,None,6.9,High,Regular,7.0,0
MED-01928,58,Male,Bachelor,Employed,Antihypertensive,2,1,3,Low,3,2,4,No,Hypertension,Mild,High,9.0,Low,Easy,Partial,8.3,Moderate,Occasional,7.0,1
MED-01929,74,Male,Bachelor,Retired,Antidiabetic,2,7,31,High,0,4,8,Yes,Diabetes,None,High,10.0,Moderate,Moderate,Full,3.0,High,Occasional,7.0,1
MED-01930,52,Male,High School,Self-Employed,Antidiabetic,1,5,10,Medium,0,3,3,Yes,Diabetes,Mild,Moderate,6.0,Low,Easy,Full,1.2,Low,Regular,4.0,1
MED-01931,45,Female,None,Retired,Other Chronic,1,3,7,Low,2,4,5,Yes,Multimorbidity,Mild,Moderate,4.0,Moderate,Easy,Partial,0.7,Moderate,Occasional,7.0,1
MED-01932,79,Female,Bachelor,Retired,Respiratory,2,6,22,Medium,2,1,3,No,Asthma/COPD,None,Low,4.0,Low,Moderate,Partial,7.5,Moderate,Occasional,7.0,1
MED-01933,32,Male,High School,Employed,Cardiovascular,3,7,21,High,5,8,6,Yes,Heart Disease,Mild,High,10.0,Low,Easy,Full,14.7,Moderate,Regular,10.0,1
MED-01934,22,Male,Bachelor,Employed,Antihypertensive,3,2,32,Medium,0,5,9,No,Hypertension,Moderate,Moderate,7.0,Moderate,Easy,Full,3.4,Moderate,Regular,5.0,1
MED-01935,59,Female,Master,Student,Psychiatric,2,5,11,Medium,5,7,7,No,Depression/Anxiety,Mild,High,10.0,Low,Easy,Full,1.4,High,Occasional,4.0,1
MED-01936,45,Male,High School,Employed,Respiratory,2,2,60,Low,1,4,8,No,Asthma/COPD,None,High,8.0,Moderate,Easy,Full,1.5,High,Occasional,9.0,1
MED-01937,38,Male,Bachelor,Employed,Antihypertensive,3,3,41,Medium,4,5,5,No,Hypertension,Mild,High,8.0,Low,Moderate,Partial,8.1,Low,Regular,4.0,0
MED-01938,62,Female,None,Employed,Psychiatric,2,8,62,High,5,7,6,No,Depression/Anxiety,Severe,Low,1.0,Moderate,Easy,None,3.8,Low,Occasional,10.0,0
MED-01939,56,Female,Bachelor,Employed,Antihypertensive,2,6,23,Medium,0,5,4,Yes,Hypertension,Moderate,Moderate,7.0,Low,Difficult,Partial,1.6,Low,Occasional,9.0,1
MED-01940,45,Male,High School,Student,Antihypertensive,3,5,13,Medium,7,5,6,No,Hypertension,None,High,7.0,Moderate,Easy,Full,18.6,High,Occasional,8.0,0
MED-01941,35,Male,Bachelor,Employed,Cardiovascular,3,4,71,Medium,1,3,5,Yes,Heart Disease,Mild,High,9.0,Low,Easy,Full,7.3,High,Occasional,4.0,1
MED-01942,65,Other,High School,Retired,Cardiovascular,3,4,41,Medium,2,3,6,No,Heart Disease,Mild,Low,3.0,Low,Moderate,Full,5.0,High,Regular,6.0,0
MED-01943,62,Male,High School,Employed,Antihypertensive,1,3,21,Low,0,2,6,Yes,Hypertension,Mild,Moderate,7.0,Low,Difficult,Full,2.2,Low,Regular,7.0,1
MED-01944,51,Male,Bachelor,Employed,Antidiabetic,2,8,25,High,1,3,6,Yes,Diabetes,Mild,High,10.0,Moderate,Easy,Full,8.4,High,Regular,7.0,1
MED-01945,78,Male,High School,Retired,Other Chronic,3,5,19,Medium,2,7,10,No,Multimorbidity,None,Low,4.0,Low,Moderate,None,6.4,High,Occasional,8.0,0
MED-01946,38,Male,Bachelor,Self-Employed,Cardiovascular,1,1,47,Low,2,8,10,Yes,Heart Disease,Moderate,Moderate,5.0,Low,Moderate,Partial,3.1,High,Occasional,5.0,1
MED-01947,31,Male,High School,Employed,Respiratory,3,3,33,Medium,1,2,9,No,Asthma/COPD,Moderate,Moderate,6.0,Moderate,Easy,Full,7.5,Low,Occasional,9.0,1
MED-01948,43,Female,Bachelor,Employed,Antihypertensive,1,4,36,Low,0,5,10,Yes,Hypertension,None,High,8.0,Low,Moderate,Full,7.3,Moderate,Rare,8.0,1
MED-01949,52,Male,High School,Employed,Antihypertensive,3,2,12,Medium,0,4,9,No,Hypertension,None,High,7.0,Low,Easy,Full,4.1,Moderate,Occasional,8.0,1
MED-01950,56,Male,Bachelor,Employed,Antihypertensive,2,2,24,Low,4,8,6,No,Hypertension,Mild,High,10.0,Low,Moderate,Partial,1.4,Moderate,Regular,6.0,0
MED-01951,49,Female,High School,Employed,Antihypertensive,1,3,29,Low,0,5,6,Yes,Hypertension,None,Moderate,4.0,Low,Moderate,Partial,1.5,Moderate,Regular,8.0,1
MED-01952,57,Female,High School,Unemployed,Antihypertensive,2,5,7,Medium,1,4,7,Yes,Hypertension,Mild,Low,5.0,Moderate,Easy,Partial,1.0,High,Regular,3.0,0
MED-01953,35,Female,High School,Employed,Antihypertensive,2,4,33,Medium,1,3,6,Yes,Hypertension,None,Moderate,7.0,Low,Easy,None,9.0,High,Regular,8.0,1
MED-01954,73,Female,Bachelor,Retired,Cardiovascular,2,7,27,High,0,1,4,Yes,Heart Disease,None,Low,3.0,Low,Moderate,Full,1.1,High,Regular,10.0,1
MED-01955,51,Male,High School,Employed,Antidiabetic,2,4,45,Medium,1,6,7,Yes,Diabetes,Moderate,Moderate,7.0,Moderate,Easy,Full,,High,Regular,8.0,1
MED-01956,68,Female,Master,Retired,Respiratory,3,5,50,Medium,4,5,3,Yes,Asthma/COPD,Mild,High,9.0,Moderate,Easy,Full,1.0,Moderate,Occasional,8.0,1
MED-01957,57,Male,Master,Employed,Antihypertensive,2,6,81,Medium,1,5,6,Yes,Hypertension,None,High,10.0,Low,Easy,Full,11.7,Moderate,Regular,8.0,1
MED-01958,59,Other,High School,Unemployed,Antidiabetic,2,5,29,Medium,0,3,4,Yes,Diabetes,Mild,Moderate,5.0,Moderate,Easy,Partial,1.4,Moderate,Regular,9.0,1
MED-01959,60,Female,Bachelor,Employed,Antihypertensive,1,4,20,Low,1,4,6,Yes,Hypertension,Mild,Moderate,6.0,Moderate,Moderate,Full,4.2,Moderate,Regular,,1
MED-01960,59,Other,High School,Employed,Antidiabetic,3,5,11,Medium,2,6,7,No,Diabetes,None,High,10.0,Moderate,Easy,Full,1.0,High,Regular,9.0,1
MED-01961,61,Female,High School,Unemployed,Antihypertensive,1,5,9,Medium,4,7,5,Yes,Multimorbidity,Severe,Moderate,4.0,Low,Moderate,Partial,6.4,Moderate,Regular,8.0,0
MED-01962,71,Male,Bachelor,Retired,Other Chronic,2,7,25,High,0,2,3,No,Multimorbidity,None,Low,5.0,High,Easy,Partial,7.5,Moderate,Occasional,7.0,0
MED-01963,55,Female,Bachelor,Student,Respiratory,3,1,9,Low,2,3,4,No,Multimorbidity,Severe,Moderate,7.0,Moderate,Moderate,Full,3.4,High,Regular,10.0,0
MED-01964,62,Other,Bachelor,Employed,Antidiabetic,1,6,10,Medium,0,1,7,No,Diabetes,None,High,10.0,Low,Moderate,Full,3.2,High,Regular,5.0,1
MED-01965,51,Female,High School,Employed,Antihypertensive,2,5,25,Medium,0,5,5,Yes,Hypertension,Mild,Moderate,6.0,Low,Easy,Full,6.1,High,Occasional,6.0,1
MED-01966,73,Male,High School,Retired,Cardiovascular,1,6,19,Medium,3,6,7,No,Multimorbidity,Mild,Moderate,6.0,Moderate,Easy,Partial,2.1,Moderate,Occasional,2.0,0
MED-01967,43,Female,High School,Employed,Respiratory,3,5,13,Medium,3,4,6,Yes,Asthma/COPD,Severe,Moderate,7.0,Low,Easy,Full,7.5,High,Regular,5.0,1
MED-01968,78,Male,Bachelor,Retired,Antihypertensive,2,5,20,Medium,0,3,6,No,Hypertension,None,High,9.0,Low,Easy,Full,4.1,Moderate,Occasional,6.0,1
MED-01969,52,Male,Bachelor,Employed,Cardiovascular,3,2,42,Medium,0,4,7,No,Multimorbidity,None,High,8.0,Low,Difficult,Partial,1.0,Moderate,Occasional,7.0,1
MED-01970,32,Male,Bachelor,Unemployed,Respiratory,3,6,33,High,12,10,5,No,Asthma/COPD,Moderate,Moderate,7.0,Low,Difficult,Full,13.3,Low,Regular,8.0,0
MED-01971,54,Male,High School,Employed,Respiratory,2,7,49,High,4,7,7,No,Asthma/COPD,None,High,7.0,Low,Easy,Full,3.8,Moderate,Occasional,9.0,1
MED-01972,43,Female,High School,Employed,Respiratory,2,3,23,Medium,5,6,5,No,Asthma/COPD,Moderate,Moderate,6.0,Moderate,Easy,Full,2.6,High,Occasional,4.0,0
MED-01973,64,Male,High School,Employed,Psychiatric,2,5,19,Medium,0,5,10,Yes,Depression/Anxiety,None,High,9.0,Moderate,Easy,Full,3.8,High,Regular,7.0,1
MED-01974,43,Female,None,Employed,Psychiatric,1,7,28,Medium,0,4,4,No,Depression/Anxiety,Mild,Low,4.0,Moderate,Difficult,None,1.9,High,Regular,5.0,0
MED-01975,46,Male,High School,Employed,Antidiabetic,2,1,10,Low,2,3,5,Yes,Diabetes,Mild,Moderate,6.0,Low,Easy,Partial,3.0,High,Rare,4.0,1
MED-01976,26,Male,Bachelor,Unemployed,Cardiovascular,3,2,21,Medium,2,2,6,No,Heart Disease,None,Moderate,7.0,Moderate,Moderate,Full,6.0,High,Rare,7.0,0
MED-01977,46,Male,Master,Student,Respiratory,2,5,20,Medium,0,3,3,Yes,Asthma/COPD,Moderate,High,8.0,High,Easy,Partial,5.6,High,Occasional,7.0,1
MED-01978,19,Male,Bachelor,Employed,Cardiovascular,1,1,111,Low,0,2,8,Yes,Heart Disease,Mild,High,10.0,Low,Moderate,Full,5.3,High,Regular,8.0,1
MED-01979,30,Male,High School,Self-Employed,Other Chronic,1,4,54,Low,2,3,5,No,Multimorbidity,None,Moderate,4.0,Moderate,Difficult,Full,2.1,High,Occasional,8.0,1
MED-01980,63,Male,None,Employed,Antihypertensive,2,1,39,Low,3,4,1,Yes,Hypertension,None,High,10.0,Moderate,Moderate,Full,1.7,Low,Occasional,6.0,1
MED-01981,64,Female,Master,Self-Employed,Antidiabetic,1,4,34,Low,2,4,8,No,Diabetes,None,High,9.0,Moderate,Moderate,Partial,,Moderate,Occasional,9.0,1
MED-01982,58,Male,None,Unemployed,Antihypertensive,2,2,67,Low,1,3,5,No,Hypertension,Mild,High,9.0,Low,Easy,Full,5.9,High,Regular,5.0,1
MED-01983,39,Male,Master,Unemployed,Antihypertensive,2,1,34,Low,5,6,6,No,Hypertension,None,Moderate,6.0,Low,Moderate,Partial,1.9,Moderate,Rare,5.0,0
MED-01984,52,Male,High School,Employed,Antihypertensive,2,2,15,Low,0,4,8,Yes,Hypertension,None,High,10.0,Low,Easy,Partial,2.8,High,Regular,8.0,1
MED-01985,52,Female,High School,Employed,Cardiovascular,1,4,14,Low,3,5,5,No,Heart Disease,Severe,High,8.0,Low,Moderate,Full,4.5,High,Regular,7.0,1
MED-01986,36,Female,Master,Employed,Antihypertensive,2,2,43,Low,6,3,5,No,Hypertension,None,Moderate,4.0,High,Difficult,Partial,3.1,Moderate,Regular,5.0,0
MED-01987,74,Female,None,Retired,Respiratory,3,6,38,High,2,6,10,Yes,Asthma/COPD,Moderate,Moderate,9.0,Moderate,Moderate,None,7.9,High,Regular,5.0,0
MED-01988,65,Male,Bachelor,Retired,Cardiovascular,4,6,34,High,3,3,2,No,Multimorbidity,Severe,High,7.0,High,Easy,Partial,1.2,Moderate,Regular,8.0,0
MED-01989,49,Male,Bachelor,Student,Antihypertensive,2,5,50,Medium,5,8,3,Yes,Hypertension,Moderate,Moderate,6.0,Moderate,Difficult,Partial,1.1,High,Rare,7.0,0
MED-01990,53,Female,High School,Employed,Antihypertensive,1,3,48,Low,2,4,4,Yes,Multimorbidity,None,Moderate,5.0,Moderate,Moderate,Partial,7.6,Moderate,Occasional,5.0,1
MED-01991,55,Male,High School,Self-Employed,Cardiovascular,4,5,6,High,0,4,10,Yes,Heart Disease,Moderate,Low,3.0,High,Easy,Partial,5.3,Moderate,Regular,6.0,1
MED-01992,24,Male,Bachelor,Employed,Respiratory,2,4,23,Medium,3,6,5,No,Asthma/COPD,None,Moderate,9.0,High,Moderate,None,3.6,Low,Occasional,5.0,0
MED-01993,49,Male,Bachelor,Employed,Psychiatric,1,3,36,Low,0,6,7,Yes,Depression/Anxiety,None,High,,Moderate,Moderate,Full,2.6,High,Regular,,1
MED-01994,43,Male,None,Employed,Psychiatric,1,3,58,Low,1,7,5,Yes,Depression/Anxiety,Severe,Low,3.0,Low,Easy,Partial,4.7,High,Occasional,10.0,1
MED-01995,38,Male,Master,Employed,Other Chronic,1,3,40,Low,6,8,7,No,Multimorbidity,None,Moderate,6.0,Low,Moderate,Full,3.8,Moderate,Regular,7.0,0
MED-01996,49,Female,High School,Employed,Cardiovascular,1,3,43,Low,0,6,6,Yes,Heart Disease,Mild,Low,7.0,Moderate,Difficult,Full,4.2,Low,Rare,9.0,1
MED-01997,78,Male,High School,Retired,Psychiatric,1,7,11,Medium,1,4,7,No,Depression/Anxiety,None,Moderate,7.0,Low,Easy,Partial,3.2,High,Regular,6.0,1
MED-01998,61,Female,High School,Employed,Respiratory,3,6,8,High,0,3,9,Yes,Asthma/COPD,None,Moderate,9.0,Moderate,Moderate,Partial,5.0,High,Occasional,5.0,1
MED-01999,45,Male,None,Employed,Psychiatric,2,2,33,Low,0,4,7,Yes,Multimorbidity,Mild,High,9.0,Low,Easy,Full,6.6,High,Regular,5.0,1
MED-02000,61,Male,High School,Self-Employed,Antihypertensive,2,5,19,Medium,3,8,5,Yes,Hypertension,Severe,Low,3.0,High,Moderate,Full,6.5,High,Rare,5.0,0
MED-02001,72,Female,Doctorate,Employed,Other Chronic,3,5,37,Medium,3,1,7,No,Multimorbidity,None,High,9.0,Low,Moderate,Full,4.7,Low,Occasional,6.0,1
MED-02002,65,Male,High School,Retired,Antidiabetic,3,6,16,High,0,3,10,No,Diabetes,None,Moderate,8.0,Moderate,Easy,None,3.3,Moderate,Regular,4.0,1
MED-02003,53,Female,High School,Self-Employed,Respiratory,3,2,18,Medium,2,4,7,No,Asthma/COPD,None,High,10.0,Low,Easy,Full,4.6,Moderate,Regular,6.0,1
MED-02004,43,Female,High School,Employed,Antihypertensive,4,2,42,Medium,2,3,7,No,Hypertension,None,Moderate,6.0,High,Difficult,Full,8.1,Low,Occasional,6.0,0
MED-02005,62,Male,Bachelor,Employed,Antidiabetic,2,7,26,High,3,4,3,Yes,Diabetes,None,Moderate,9.0,Low,Easy,Partial,3.0,High,Occasional,9.0,1
MED-02006,58,Female,Master,Employed,Antihypertensive,4,3,16,Medium,6,8,8,No,Hypertension,None,High,7.0,High,Moderate,Partial,2.7,Low,Regular,8.0,0
MED-02007,65,Male,High School,Retired,Antihypertensive,2,3,24,Medium,0,4,8,No,Hypertension,Mild,Moderate,,Low,Easy,None,4.8,Moderate,Regular,6.0,1
MED-02008,61,Female,None,Employed,Antihypertensive,1,3,39,Low,3,5,7,No,Hypertension,None,High,8.0,Low,Moderate,None,5.8,High,Regular,8.0,1
MED-02009,67,Male,High School,Retired,Respiratory,2,6,25,Medium,2,1,6,No,Multimorbidity,Mild,High,9.0,Moderate,Easy,Full,3.1,Moderate,Occasional,5.0,1
MED-02010,45,Female,None,Retired,Antihypertensive,2,4,36,Medium,1,2,10,No,Hypertension,None,High,7.0,High,Easy,Partial,4.7,Low,Rare,4.0,0
MED-02011,71,Male,High School,Unemployed,Antidiabetic,3,3,22,Medium,4,7,8,Yes,Diabetes,Moderate,High,8.0,Moderate,Easy,Partial,1.8,High,Occasional,7.0,1
MED-02012,55,Female,High School,Self-Employed,Antihypertensive,1,2,55,Low,4,8,9,No,Hypertension,None,Low,2.0,Moderate,Easy,Partial,3.3,Low,Regular,7.0,1
MED-02013,82,Female,High School,Retired,Cardiovascular,2,4,24,Medium,0,5,6,Yes,Heart Disease,None,High,8.0,Moderate,Easy,Partial,10.6,Low,Rare,7.0,1
MED-02014,43,Female,Bachelor,Employed,Antihypertensive,1,1,18,Low,1,4,6,Yes,Hypertension,Moderate,Moderate,7.0,Low,Easy,Full,5.2,Moderate,Regular,10.0,1
MED-02015,77,Female,High School,Retired,Antihypertensive,1,4,63,Low,0,6,8,Yes,Multimorbidity,None,Low,3.0,Low,Easy,None,2.0,High,Rare,8.0,1
MED-02016,55,Female,Master,Unemployed,Antidiabetic,1,4,27,Low,0,1,6,Yes,Multimorbidity,Moderate,Moderate,4.0,Low,Easy,Full,2.3,High,Regular,9.0,1
MED-02017,43,Female,Master,Employed,Cardiovascular,2,5,36,Medium,2,5,6,Yes,Heart Disease,None,High,9.0,Low,Easy,Full,1.3,Moderate,Occasional,6.0,1
MED-02018,46,Male,Bachelor,Employed,Antihypertensive,3,2,18,Medium,1,2,7,No,Multimorbidity,Mild,Moderate,6.0,Moderate,Difficult,Full,11.2,Moderate,Regular,7.0,1
MED-02019,48,Male,High School,Employed,Antihypertensive,1,5,35,Medium,5,6,5,Yes,Hypertension,None,High,10.0,Low,Easy,Partial,1.6,High,Regular,5.0,1
MED-02020,58,Male,High School,Employed,Antihypertensive,2,6,39,Medium,0,1,7,No,Hypertension,Mild,Moderate,7.0,Moderate,Difficult,None,0.5,Low,Regular,5.0,0
MED-02021,60,Male,High School,Self-Employed,Other Chronic,1,6,15,Medium,0,3,6,Yes,Multimorbidity,None,High,10.0,Low,Easy,Full,1.2,Low,Regular,7.0,1
MED-02022,44,Male,Bachelor,Employed,Antidiabetic,1,4,45,Low,0,4,8,Yes,Multimorbidity,Mild,High,7.0,Low,Easy,Partial,3.5,High,Regular,5.0,1
MED-02023,52,Female,High School,Unemployed,Cardiovascular,2,5,25,Medium,0,3,5,Yes,Heart Disease,Mild,Low,5.0,Moderate,Easy,Full,1.9,Moderate,Occasional,5.0,1
MED-02024,82,Male,Master,Retired,Antihypertensive,1,5,45,Medium,5,4,2,No,Hypertension,None,Moderate,5.0,High,Easy,Full,3.7,Moderate,Occasional,8.0,0
MED-02025,77,Female,Master,Employed,Antidiabetic,2,5,16,Medium,1,6,6,Yes,Multimorbidity,Mild,High,9.0,Moderate,Moderate,None,4.3,High,Regular,5.0,1
MED-02026,59,Male,High School,Self-Employed,Antihypertensive,1,2,18,Low,3,4,7,No,Hypertension,Mild,Low,3.0,Low,Easy,None,2.1,High,Regular,9.0,0
MED-02027,53,Male,Bachelor,Self-Employed,Antihypertensive,1,2,29,Low,0,2,8,No,Hypertension,Mild,Moderate,9.0,Low,Easy,Partial,1.7,Moderate,Regular,6.0,1
MED-02028,54,Female,High School,Employed,Antidiabetic,2,4,14,Medium,1,7,5,Yes,Diabetes,None,High,9.0,Low,Easy,Partial,6.6,Moderate,Occasional,6.0,1
MED-02029,61,Female,High School,Employed,Antidiabetic,2,6,30,Medium,1,5,7,Yes,Diabetes,None,Moderate,7.0,Low,Difficult,Full,4.2,Moderate,Regular,7.0,1
MED-02030,38,Female,High School,Employed,Antihypertensive,1,5,33,Medium,0,5,9,Yes,Hypertension,Mild,Moderate,9.0,Low,Difficult,Partial,0.4,Moderate,Regular,7.0,1
MED-02031,49,Female,High School,Employed,Cardiovascular,2,6,29,Medium,1,3,8,No,Multimorbidity,Moderate,Moderate,6.0,Moderate,Easy,Partial,1.0,High,Regular,7.0,1
MED-02032,29,Male,Master,Employed,Other Chronic,3,5,28,Medium,1,1,5,No,Multimorbidity,Mild,Moderate,9.0,Low,Easy,Full,0.9,High,Occasional,5.0,1
MED-02033,58,Female,High School,Employed,Antidiabetic,2,3,12,Medium,2,3,5,No,Diabetes,Mild,Low,7.0,Low,Easy,None,2.9,Moderate,Occasional,1.0,0
MED-02034,62,Male,High School,Self-Employed,Cardiovascular,1,6,9,Medium,0,2,7,Yes,Heart Disease,Mild,High,9.0,Low,Easy,Partial,3.9,Moderate,Regular,4.0,1
MED-02035,46,Male,Bachelor,Employed,Other Chronic,2,4,26,Medium,2,3,10,No,Multimorbidity,Mild,High,9.0,Moderate,Easy,Partial,2.9,High,Occasional,6.0,1
MED-02036,75,Male,Bachelor,Retired,Respiratory,2,7,7,High,2,3,6,Yes,Asthma/COPD,Severe,Moderate,6.0,Low,Easy,Full,2.1,High,Rare,8.0,1
MED-02037,35,Male,High School,Unemployed,Antidiabetic,1,2,6,Low,0,5,6,Yes,Multimorbidity,None,High,10.0,Low,Easy,Full,7.1,High,Occasional,10.0,1
MED-02038,32,Male,Master,Employed,Respiratory,3,6,18,High,4,6,3,No,Multimorbidity,None,Moderate,7.0,Moderate,Easy,Partial,4.2,High,Occasional,6.0,0
MED-02039,56,Female,Bachelor,Self-Employed,Antihypertensive,3,7,14,High,5,7,5,Yes,Hypertension,Severe,High,6.0,Moderate,Moderate,Partial,1.7,High,Rare,5.0,0
MED-02040,67,Female,High School,Retired,Antidiabetic,3,4,34,Medium,7,6,5,No,Diabetes,None,High,10.0,Low,Easy,Partial,1.8,High,Regular,7.0,1
MED-02041,76,Male,None,Retired,Antihypertensive,3,3,26,Medium,0,3,6,Yes,Multimorbidity,Mild,High,10.0,Moderate,Moderate,Full,1.9,High,Occasional,7.0,1
MED-02042,46,Male,High School,Employed,Antihypertensive,2,7,33,High,6,5,3,Yes,Multimorbidity,Mild,High,10.0,Moderate,Moderate,Full,2.6,Moderate,Occasional,7.0,1
MED-02043,68,Male,Bachelor,Unemployed,Antidiabetic,2,5,44,Medium,5,8,6,Yes,Diabetes,Mild,High,10.0,Moderate,Moderate,Partial,3.4,High,Occasional,6.0,0
MED-02044,52,Male,Bachelor,Self-Employed,Antihypertensive,2,9,55,High,1,1,4,No,Hypertension,Mild,High,9.0,Low,Easy,Partial,4.5,Moderate,Regular,3.0,1
MED-02045,50,Female,Master,Employed,Cardiovascular,3,4,41,Medium,4,7,8,No,Heart Disease,None,High,9.0,Low,Easy,Partial,1.8,Low,Occasional,7.0,0
MED-02046,65,Male,High School,Retired,Antidiabetic,2,6,29,Medium,2,2,4,No,Multimorbidity,Mild,High,10.0,Moderate,Easy,Partial,1.2,High,Regular,7.0,1
MED-02047,62,Female,High School,Self-Employed,Antidiabetic,1,3,13,Low,3,5,5,No,Multimorbidity,Mild,High,7.0,Low,Easy,Partial,4.5,Moderate,Regular,4.0,1
MED-02048,30,Male,None,Employed,Antihypertensive,1,3,52,Low,2,5,7,No,Hypertension,Moderate,Moderate,8.0,Low,Moderate,Partial,6.2,High,Rare,8.0,1
MED-02049,73,Other,High School,Retired,Antihypertensive,3,2,11,Medium,2,5,5,Yes,Hypertension,None,High,9.0,Moderate,Moderate,Full,12.0,High,Occasional,8.0,1
MED-02050,72,Male,Bachelor,Retired,Cardiovascular,1,4,45,Low,0,9,10,Yes,Heart Disease,None,Moderate,6.0,Low,Easy,Full,4.5,Moderate,Occasional,8.0,1
MED-02051,44,Female,Bachelor,Employed,Other Chronic,2,4,59,Medium,0,4,8,No,Multimorbidity,None,High,9.0,Low,Moderate,Full,1.9,Low,Regular,6.0,1
MED-02052,58,Male,High School,Student,Antihypertensive,4,4,34,High,1,1,6,No,Multimorbidity,Mild,Moderate,9.0,Moderate,Moderate,Partial,5.2,Moderate,Regular,7.0,1
MED-02053,59,Female,High School,Employed,Antihypertensive,2,7,13,High,2,5,7,No,Hypertension,None,High,9.0,Moderate,Easy,Full,3.0,High,Regular,5.0,1
MED-02054,56,Male,High School,Employed,Psychiatric,4,2,19,Medium,2,4,1,Yes,Depression/Anxiety,None,Low,3.0,Moderate,Moderate,Partial,1.2,High,Regular,4.0,0
MED-02055,45,Male,High School,Unemployed,Antihypertensive,2,6,31,Medium,5,6,9,No,Hypertension,None,High,7.0,High,Moderate,Full,3.2,High,Regular,7.0,0
MED-02056,43,Female,High School,Employed,Psychiatric,1,3,15,Low,5,6,7,No,Multimorbidity,Moderate,Low,7.0,Low,Easy,Partial,4.1,Moderate,Regular,4.0,0
MED-02057,52,Female,High School,Self-Employed,Antidiabetic,3,3,5,Medium,1,4,6,Yes,Diabetes,None,High,6.0,Moderate,Moderate,Full,9.7,High,Regular,7.0,1
MED-02058,69,Female,High School,Retired,Antidiabetic,1,5,29,Medium,2,5,7,No,Diabetes,None,High,9.0,Moderate,Easy,Full,3.5,Moderate,Regular,7.0,1
MED-02059,60,Female,None,Self-Employed,Antidiabetic,2,3,34,Medium,5,5,8,No,Multimorbidity,Mild,High,8.0,High,Easy,None,1.8,Moderate,Regular,5.0,0
MED-02060,47,Female,High School,Employed,Antihypertensive,1,6,36,Medium,2,8,5,Yes,Hypertension,None,High,10.0,Low,Moderate,Full,0.8,High,Regular,10.0,1
MED-02061,63,Male,None,Employed,Antidiabetic,1,8,19,High,0,4,7,No,Diabetes,None,High,7.0,Moderate,Moderate,None,1.3,Moderate,Regular,6.0,1
MED-02062,18,Male,Bachelor,Student,Psychiatric,2,3,27,Medium,0,3,8,Yes,Depression/Anxiety,Mild,Moderate,9.0,High,Easy,Full,1.6,Moderate,Rare,7.0,1
MED-02063,69,Male,High School,Unemployed,Cardiovascular,1,5,30,Medium,3,6,7,Yes,Heart Disease,Mild,Moderate,7.0,High,Easy,Full,11.6,Low,Rare,6.0,0
MED-02064,28,Female,Doctorate,Self-Employed,Cardiovascular,2,5,8,Medium,3,2,6,No,Multimorbidity,Mild,High,8.0,Low,Easy,Full,2.9,High,Regular,9.0,1
MED-02065,47,Male,High School,Employed,Respiratory,3,2,18,Medium,4,5,7,Yes,Asthma/COPD,None,Moderate,7.0,High,Easy,Partial,3.1,High,Rare,6.0,0
MED-02066,37,Male,High School,Retired,Antihypertensive,1,1,28,Low,0,4,9,No,Multimorbidity,None,High,8.0,Moderate,Easy,Full,7.6,Low,Regular,4.0,1
MED-02067,34,Female,High School,Employed,Cardiovascular,1,3,34,Low,2,4,8,No,Heart Disease,Moderate,Low,3.0,Low,Moderate,None,5.2,High,Regular,8.0,1
MED-02068,69,Female,None,Retired,Antidiabetic,2,5,62,Medium,9,10,4,No,Diabetes,None,Moderate,8.0,High,Moderate,Partial,2.7,Moderate,Occasional,4.0,0
MED-02069,46,Male,Master,Employed,Respiratory,2,6,32,Medium,1,7,7,No,Multimorbidity,Mild,High,6.0,Low,Moderate,Partial,7.8,High,Occasional,5.0,1
MED-02070,57,Male,None,Employed,Antidiabetic,3,8,11,High,3,7,7,No,Multimorbidity,Moderate,High,7.0,Low,Easy,None,2.0,Moderate,Regular,6.0,0
MED-02071,52,Male,Master,Employed,Cardiovascular,1,1,15,Low,0,6,9,Yes,Heart Disease,None,Low,7.0,Low,Difficult,Full,4.1,High,Occasional,6.0,1
MED-02072,59,Male,Master,Employed,Psychiatric,3,2,46,Medium,2,3,6,No,Depression/Anxiety,None,Moderate,7.0,High,Difficult,Partial,1.3,High,Occasional,6.0,0
MED-02073,54,Male,Bachelor,Self-Employed,Antidiabetic,2,3,76,Medium,1,5,5,Yes,Diabetes,Mild,High,8.0,Low,Moderate,Partial,4.0,Moderate,Rare,6.0,1
MED-02074,35,Female,Bachelor,Employed,Antihypertensive,2,8,13,High,4,6,3,No,Hypertension,None,Low,3.0,Moderate,Easy,Partial,7.1,High,Rare,7.0,0
MED-02075,66,Female,Bachelor,Retired,Antidiabetic,1,7,18,Medium,0,5,5,Yes,Multimorbidity,Moderate,Low,2.0,Moderate,Easy,Full,6.4,Moderate,Rare,5.0,0
MED-02076,46,Female,High School,Employed,Antidiabetic,2,6,78,Medium,4,5,9,No,Diabetes,None,High,10.0,Low,Moderate,Partial,6.5,Moderate,Regular,8.0,1
MED-02077,31,Male,Bachelor,Employed,Cardiovascular,1,4,67,Low,0,4,7,Yes,Heart Disease,None,Moderate,6.0,Low,Easy,None,,Moderate,Occasional,5.0,1
MED-02078,47,Female,None,Self-Employed,Other Chronic,1,3,38,Low,0,5,6,Yes,Multimorbidity,Moderate,Moderate,7.0,Low,Easy,Full,2.7,Low,Rare,4.0,1
MED-02079,74,Male,None,Retired,Antidiabetic,2,3,18,Medium,0,3,9,No,Diabetes,None,High,7.0,Low,Moderate,Full,1.7,Moderate,Regular,5.0,1
MED-02080,64,Male,High School,Employed,Antidiabetic,3,1,12,Low,1,6,8,Yes,Diabetes,Moderate,High,8.0,High,Easy,Partial,4.7,High,Occasional,6.0,1
MED-02081,48,Female,Bachelor,Employed,Cardiovascular,2,1,17,Low,0,1,5,No,Heart Disease,None,High,9.0,High,Difficult,Partial,1.7,High,Regular,9.0,1
MED-02082,48,Male,Master,Employed,Antihypertensive,2,3,21,Medium,1,7,9,No,Hypertension,Moderate,Moderate,5.0,High,Moderate,Full,1.4,Moderate,Rare,7.0,0
MED-02083,48,Male,High School,Employed,Antihypertensive,2,3,21,Medium,3,2,3,Yes,Hypertension,None,High,9.0,Low,Moderate,Partial,2.7,Moderate,Regular,6.0,1
MED-02084,82,Female,Bachelor,Retired,Psychiatric,2,3,8,Medium,0,2,7,No,Depression/Anxiety,None,High,6.0,Moderate,Moderate,None,14.7,Low,Occasional,7.0,1
MED-02085,58,Male,High School,Employed,Cardiovascular,4,2,14,Medium,1,5,7,Yes,Heart Disease,None,Moderate,7.0,High,Easy,Full,5.6,High,Occasional,4.0,1
MED-02086,59,Female,High School,Employed,Antihypertensive,2,7,28,High,1,6,9,No,Hypertension,None,High,9.0,High,Moderate,None,4.4,High,Regular,3.0,0
MED-02087,67,Male,High School,Retired,Antihypertensive,1,6,18,Medium,8,9,7,No,Multimorbidity,None,Low,3.0,Low,Moderate,Full,0.9,Moderate,Occasional,5.0,0
MED-02088,56,Female,High School,Employed,Cardiovascular,1,7,10,Medium,0,5,6,Yes,Heart Disease,None,Low,5.0,Low,Easy,Full,2.1,High,Regular,5.0,1
MED-02089,49,Male,High School,Self-Employed,Respiratory,2,4,13,Medium,1,4,6,Yes,Multimorbidity,Mild,High,9.0,High,Easy,Full,9.7,High,Regular,10.0,1
MED-02090,50,Male,Bachelor,Employed,Respiratory,2,4,23,Medium,3,5,10,No,Asthma/COPD,Moderate,Moderate,6.0,Moderate,Moderate,Full,2.7,Moderate,Regular,10.0,1
MED-02091,51,Female,Bachelor,Self-Employed,Antihypertensive,1,1,9,Low,0,8,6,No,Hypertension,Moderate,Moderate,4.0,High,Easy,None,,High,Occasional,10.0,0
MED-02092,52,Male,High School,Employed,Psychiatric,3,5,56,Medium,7,10,7,No,Depression/Anxiety,Mild,Moderate,,Moderate,Easy,Full,4.6,High,Regular,4.0,0
MED-02093,63,Male,High School,Employed,Cardiovascular,2,6,9,Medium,6,4,2,Yes,Multimorbidity,None,Moderate,4.0,Low,Easy,Partial,3.0,Moderate,Rare,10.0,0
MED-02094,53,Male,Master,Employed,Cardiovascular,2,6,40,Medium,4,6,4,No,Heart Disease,None,High,8.0,Moderate,Difficult,Full,2.6,High,Regular,5.0,1
MED-02095,63,Male,Bachelor,Employed,Cardiovascular,1,8,75,High,0,4,7,Yes,Heart Disease,None,High,9.0,Moderate,Easy,Full,3.2,High,Regular,10.0,1
MED-02096,51,Male,High School,Employed,Antihypertensive,1,4,10,Low,2,4,3,No,Multimorbidity,None,Moderate,7.0,Low,Moderate,None,1.1,High,Regular,8.0,1
MED-02097,54,Male,High School,Employed,Other Chronic,4,6,12,High,5,9,7,Yes,Multimorbidity,Mild,Low,3.0,Low,Easy,Partial,6.9,Moderate,Occasional,5.0,0
MED-02098,25,Female,Master,Employed,Antihypertensive,3,3,23,Medium,0,2,5,Yes,Multimorbidity,Moderate,Moderate,6.0,Low,Easy,Partial,4.6,Moderate,Regular,10.0,1
MED-02099,65,Male,Bachelor,Retired,Antihypertensive,1,5,19,Medium,0,1,4,No,Multimorbidity,Moderate,Moderate,7.0,Moderate,Easy,Partial,2.7,High,Occasional,10.0,1
MED-02100,57,Female,High School,Employed,Respiratory,1,4,47,Low,2,5,5,Yes,Asthma/COPD,Moderate,Moderate,5.0,Moderate,Moderate,Full,3.1,High,Occasional,5.0,1
MED-02101,66,Male,High School,Retired,Cardiovascular,2,1,22,Low,2,7,9,No,Heart Disease,Mild,High,6.0,Moderate,Moderate,Full,6.1,Moderate,Regular,7.0,1
MED-02102,18,Male,Bachelor,Student,Respiratory,1,3,14,Low,0,5,7,No,Asthma/COPD,Severe,Low,3.0,Low,Difficult,Full,15.2,Moderate,Regular,3.0,0
MED-02103,82,Female,None,Retired,Antidiabetic,2,7,42,High,4,6,4,No,Diabetes,Mild,High,7.0,High,Easy,None,10.5,Low,Regular,6.0,0
MED-02104,51,Male,Doctorate,Employed,Antidiabetic,4,5,21,High,3,6,8,Yes,Diabetes,Moderate,Moderate,5.0,Moderate,Difficult,Partial,3.8,High,Rare,6.0,0
MED-02105,68,Female,High School,Retired,Psychiatric,1,2,13,Low,3,5,8,Yes,Depression/Anxiety,None,High,9.0,Low,Easy,Full,1.8,Moderate,Regular,6.0,1
MED-02106,38,Male,Bachelor,Employed,Antihypertensive,1,5,15,Medium,1,6,5,No,Hypertension,None,Moderate,7.0,Low,Moderate,Full,1.1,High,Occasional,10.0,1
MED-02107,61,Female,High School,Self-Employed,Psychiatric,3,2,10,Medium,2,6,8,Yes,Multimorbidity,Mild,Moderate,9.0,Moderate,Easy,None,3.6,High,Occasional,4.0,1
MED-02108,38,Female,High School,Employed,Antihypertensive,1,4,5,Low,0,1,8,Yes,Hypertension,None,Moderate,7.0,Low,Moderate,Full,1.8,High,Regular,6.0,1
MED-02109,44,Female,Master,Employed,Respiratory,4,2,11,Medium,6,5,8,No,Asthma/COPD,None,High,9.0,Low,Moderate,Full,3.7,Moderate,Regular,8.0,0
MED-02110,79,Female,High School,Retired,Antihypertensive,2,8,22,High,0,1,5,No,Hypertension,None,Moderate,4.0,High,Moderate,Full,4.1,Moderate,Occasional,4.0,0
MED-02111,50,Female,Bachelor,Employed,Cardiovascular,4,4,20,High,3,4,4,Yes,Heart Disease,Moderate,High,9.0,Low,Easy,None,5.7,High,Occasional,5.0,1
MED-02112,56,Male,None,Self-Employed,Psychiatric,1,7,8,Medium,2,3,3,No,Depression/Anxiety,Moderate,High,7.0,Moderate,Moderate,Partial,1.4,Low,Rare,9.0,0
MED-02113,65,Male,None,Retired,Antidiabetic,1,5,14,Medium,7,7,5,No,Diabetes,None,Low,9.0,Moderate,Difficult,Partial,1.7,High,Rare,9.0,0
MED-02114,59,Female,High School,Employed,Respiratory,2,2,38,Low,1,5,5,No,Multimorbidity,Severe,Moderate,4.0,Low,Moderate,Full,2.6,High,Regular,6.0,1
MED-02115,55,Male,Bachelor,Employed,Respiratory,2,4,36,Medium,1,6,6,Yes,Multimorbidity,Moderate,Low,4.0,Low,Difficult,Full,4.0,Moderate,Regular,9.0,1
MED-02116,58,Male,High School,Employed,Respiratory,1,3,27,Low,1,4,6,Yes,Asthma/COPD,None,High,10.0,High,Moderate,Full,3.9,Low,Regular,10.0,1
MED-02117,86,Female,High School,Retired,Psychiatric,4,4,11,High,2,7,10,No,Depression/Anxiety,Mild,Moderate,7.0,Low,Moderate,None,23.0,Low,Rare,6.0,0
MED-02118,52,Male,High School,Employed,Antidiabetic,3,5,47,Medium,1,1,5,No,Diabetes,Severe,High,7.0,Moderate,Moderate,None,0.6,High,Rare,8.0,0
MED-02119,55,Female,Bachelor,Unemployed,Antihypertensive,2,3,23,Medium,0,3,6,Yes,Hypertension,Moderate,Moderate,9.0,High,Easy,Full,7.6,High,Occasional,6.0,1
MED-02120,67,Female,Bachelor,Retired,Antihypertensive,1,4,15,Low,4,7,2,No,Hypertension,None,Moderate,6.0,Low,Moderate,Full,7.3,Moderate,Rare,4.0,1
MED-02121,68,Female,High School,Retired,Antihypertensive,2,2,12,Low,0,4,10,Yes,Multimorbidity,None,High,5.0,Moderate,Moderate,None,1.7,Moderate,Regular,7.0,1
MED-02122,69,Female,None,Employed,Antihypertensive,2,5,40,Medium,4,1,3,No,Multimorbidity,Moderate,Moderate,4.0,Moderate,Moderate,Full,2.3,Moderate,Occasional,6.0,0
MED-02123,61,Male,Master,Retired,Cardiovascular,2,6,2,Medium,3,8,5,No,Heart Disease,Mild,Moderate,8.0,Low,Difficult,Full,12.4,High,Regular,5.0,1
MED-02124,36,Male,High School,Employed,Antihypertensive,3,4,31,Medium,2,7,8,No,Hypertension,None,High,8.0,Moderate,Easy,Full,2.1,High,Occasional,6.0,1
MED-02125,75,Male,Master,Retired,Antihypertensive,1,6,18,Medium,4,6,7,No,Hypertension,None,High,,Low,Easy,Partial,2.1,High,Occasional,6.0,1
MED-02126,36,Male,Master,Employed,Antihypertensive,1,6,51,Medium,0,5,10,Yes,Hypertension,Mild,High,10.0,Low,Easy,None,3.6,Low,Occasional,7.0,1
MED-02127,57,Female,Bachelor,Employed,Respiratory,1,6,91,Medium,1,8,8,Yes,Multimorbidity,None,Moderate,6.0,Moderate,Easy,Full,4.9,High,Regular,9.0,1
MED-02128,42,Female,High School,Self-Employed,Cardiovascular,3,2,15,Medium,3,7,6,Yes,Heart Disease,Mild,High,,Moderate,Easy,Full,7.0,Low,Rare,9.0,0
MED-02129,52,Male,Bachelor,Self-Employed,Antidiabetic,2,4,47,Medium,2,8,8,Yes,Diabetes,Mild,High,8.0,Low,Moderate,Full,7.2,High,Regular,7.0,1
MED-02130,57,Male,Bachelor,Employed,Psychiatric,1,10,32,High,2,6,9,Yes,Multimorbidity,None,High,6.0,High,Moderate,Full,6.0,Moderate,Occasional,6.0,1
MED-02131,57,Female,Bachelor,Employed,Antihypertensive,1,3,30,Low,4,5,5,No,Hypertension,None,Low,5.0,High,Moderate,None,0.8,High,Occasional,9.0,0
MED-02132,58,Male,High School,Student,Other Chronic,1,3,8,Low,0,4,8,Yes,Multimorbidity,Moderate,Moderate,7.0,Low,Easy,Full,3.2,Moderate,Occasional,7.0,1
MED-02133,75,Female,High School,Retired,Cardiovascular,1,5,17,Medium,3,2,6,No,Heart Disease,Mild,Low,3.0,High,Easy,Full,5.5,Low,Regular,6.0,0
MED-02134,59,Male,High School,Employed,Antihypertensive,2,5,46,Medium,2,6,6,Yes,Hypertension,Moderate,Moderate,4.0,Low,Moderate,Partial,5.5,High,Occasional,7.0,1
MED-02135,49,Female,Bachelor,Self-Employed,Cardiovascular,1,3,55,Low,3,6,7,No,Multimorbidity,Mild,High,7.0,Moderate,Moderate,Full,1.9,High,Regular,3.0,1
MED-02136,66,Female,Bachelor,Retired,Respiratory,1,6,66,Medium,3,4,5,No,Asthma/COPD,None,High,10.0,Moderate,Moderate,Full,1.5,High,Regular,6.0,1
MED-02137,69,Female,High School,Employed,Antidiabetic,3,5,17,Medium,1,6,5,Yes,Diabetes,Mild,High,10.0,Low,Difficult,Full,1.5,Low,Occasional,6.0,0
MED-02138,35,Female,High School,Employed,Psychiatric,2,4,35,Medium,1,4,8,No,Multimorbidity,Mild,Moderate,7.0,Moderate,Easy,Partial,4.7,High,Regular,5.0,1
MED-02139,61,Male,High School,Employed,Antihypertensive,2,4,18,Medium,6,6,3,No,Hypertension,None,Low,7.0,Moderate,Easy,Full,,High,Occasional,8.0,0
MED-02140,62,Male,Bachelor,Unemployed,Antihypertensive,1,4,28,Low,0,3,4,Yes,Hypertension,None,Moderate,4.0,Moderate,Easy,None,3.7,Low,Regular,9.0,1
MED-02141,48,Female,Master,Employed,Antihypertensive,1,6,35,Medium,0,2,8,No,Hypertension,None,High,8.0,Moderate,Easy,Full,1.5,Moderate,Regular,10.0,1
MED-02142,72,Male,High School,Retired,Antihypertensive,2,1,19,Low,0,4,6,Yes,Multimorbidity,None,Moderate,8.0,Moderate,Easy,None,3.8,Low,Occasional,6.0,1
MED-02143,50,Female,High School,Employed,Antihypertensive,1,2,37,Low,0,6,8,Yes,Multimorbidity,Severe,Low,3.0,High,Easy,Full,1.6,Moderate,Rare,6.0,1
MED-02144,54,Female,High School,Unemployed,Psychiatric,1,8,22,High,1,2,7,No,Multimorbidity,None,Moderate,8.0,Moderate,Easy,Partial,1.9,High,Regular,5.0,1
MED-02145,50,Female,Bachelor,Employed,Antihypertensive,3,4,25,Medium,6,7,3,Yes,Hypertension,None,Moderate,8.0,Moderate,Easy,None,2.5,Low,Occasional,8.0,0
MED-02146,53,Female,Bachelor,Self-Employed,Antidiabetic,4,2,8,Medium,0,1,6,Yes,Diabetes,Moderate,Moderate,8.0,Moderate,Easy,Partial,1.8,Moderate,Regular,3.0,1
MED-02147,37,Female,Master,Employed,Antidiabetic,1,8,17,High,3,4,7,No,Diabetes,Mild,High,10.0,Low,Moderate,Full,1.4,Moderate,Occasional,6.0,0
MED-02148,32,Female,High School,Self-Employed,Psychiatric,1,7,17,Medium,1,1,7,No,Multimorbidity,Mild,Low,3.0,Low,Difficult,Partial,10.6,High,Occasional,7.0,1
MED-02149,75,Male,Master,Retired,Other Chronic,4,4,95,High,3,1,5,No,Multimorbidity,Mild,High,8.0,High,Easy,Full,0.8,Low,Rare,6.0,0
MED-02150,41,Male,None,Student,Respiratory,1,5,14,Medium,4,5,6,No,Asthma/COPD,None,High,6.0,Low,Easy,Full,2.1,Low,Rare,6.0,1
MED-02151,39,Male,Bachelor,Employed,Other Chronic,2,2,24,Low,4,4,5,No,Multimorbidity,Severe,Low,4.0,Low,Easy,Partial,2.8,High,Regular,9.0,0
MED-02152,22,Female,None,Employed,Respiratory,4,3,15,Medium,1,1,3,Yes,Asthma/COPD,None,High,10.0,Moderate,Easy,Partial,8.3,High,Occasional,7.0,1
MED-02153,44,Male,Master,Self-Employed,Other Chronic,4,3,22,Medium,4,3,3,No,Multimorbidity,None,Moderate,5.0,High,Easy,Full,,Moderate,Regular,9.0,0
MED-02154,34,Female,Bachelor,Self-Employed,Cardiovascular,2,5,28,Medium,0,5,7,Yes,Heart Disease,None,High,8.0,High,Easy,Full,2.7,High,Occasional,10.0,1
MED-02155,75,Male,Bachelor,Retired,Antihypertensive,1,7,13,Medium,5,4,4,No,Hypertension,Mild,High,6.0,High,Difficult,Partial,1.9,High,Regular,8.0,0
MED-02156,67,Female,Master,Retired,Antidiabetic,1,2,44,Low,3,4,7,No,Diabetes,None,High,9.0,High,Moderate,Full,7.8,Moderate,Occasional,6.0,1
MED-02157,43,Male,High School,Employed,Cardiovascular,3,1,13,Low,1,4,5,No,Heart Disease,None,Moderate,6.0,Low,Easy,Full,1.8,High,Regular,10.0,1
MED-02158,84,Female,None,Retired,Antidiabetic,3,7,8,High,1,3,3,No,Diabetes,None,High,7.0,Low,Easy,Full,3.9,Low,Occasional,2.0,0
MED-02159,66,Female,Master,Retired,Antihypertensive,2,3,26,Medium,2,3,5,No,Multimorbidity,None,High,9.0,High,Moderate,Partial,2.9,Low,Regular,4.0,1
MED-02160,48,Male,High School,Employed,Cardiovascular,3,4,77,Medium,2,3,10,No,Heart Disease,None,High,10.0,Moderate,Moderate,Full,4.8,Low,Occasional,8.0,1
MED-02161,18,Male,High School,Unemployed,Psychiatric,2,6,6,Medium,1,3,6,No,Depression/Anxiety,None,Moderate,8.0,High,Easy,Full,10.8,High,Occasional,10.0,1
MED-02162,85,Female,High School,Retired,Antihypertensive,2,4,9,Medium,1,2,8,No,Hypertension,None,Moderate,7.0,Low,Easy,Partial,5.6,High,Regular,8.0,1
MED-02163,33,Female,Bachelor,Self-Employed,Respiratory,3,1,42,Low,0,4,7,Yes,Asthma/COPD,None,Moderate,7.0,Moderate,Easy,Partial,3.0,Moderate,Occasional,7.0,1
MED-02164,29,Male,None,Employed,Cardiovascular,2,2,14,Low,4,3,3,No,Heart Disease,None,High,10.0,High,Easy,Full,11.7,Moderate,Occasional,6.0,0
MED-02165,67,Female,High School,Retired,Other Chronic,2,3,29,Medium,0,2,9,Yes,Multimorbidity,Mild,Low,6.0,Low,Easy,Full,10.9,High,Regular,8.0,1
MED-02166,87,Female,None,Retired,Psychiatric,1,3,49,Low,2,6,6,No,Multimorbidity,None,High,8.0,High,Easy,Partial,7.8,High,Rare,9.0,1
MED-02167,72,Female,High School,Retired,Respiratory,2,3,40,Medium,4,7,3,Yes,Asthma/COPD,None,High,10.0,Low,Moderate,Partial,4.1,Moderate,Regular,8.0,1
MED-02168,60,Male,Master,Employed,Antidiabetic,2,4,28,Medium,4,4,5,No,Multimorbidity,Moderate,Moderate,5.0,Low,Easy,Full,1.9,Moderate,Regular,7.0,0
MED-02169,61,Male,Doctorate,Employed,Antihypertensive,1,3,28,Low,2,5,6,Yes,Hypertension,Severe,Moderate,5.0,Moderate,Difficult,Partial,0.6,Moderate,Regular,9.0,1
MED-02170,64,Female,Bachelor,Self-Employed,Antidiabetic,3,7,28,High,0,3,8,Yes,Diabetes,Mild,High,10.0,Low,Moderate,Partial,3.9,High,Regular,7.0,1
MED-02171,63,Female,High School,Employed,Respiratory,2,1,31,Low,5,7,5,No,Asthma/COPD,None,Moderate,9.0,Low,Difficult,Partial,5.9,Moderate,Rare,8.0,0
MED-02172,56,Female,Master,Unemployed,Psychiatric,4,8,57,High,0,8,10,Yes,Multimorbidity,Mild,Moderate,6.0,Low,Difficult,Full,1.2,Moderate,Regular,9.0,1
MED-02173,54,Male,Bachelor,Unemployed,Respiratory,1,2,11,Low,3,4,4,No,Asthma/COPD,Mild,High,10.0,Moderate,Moderate,Full,4.5,Moderate,Regular,5.0,1
MED-02174,52,Male,High School,Employed,Antihypertensive,2,4,10,Medium,1,3,7,No,Hypertension,None,High,9.0,Low,Easy,Full,2.4,Moderate,Occasional,7.0,1
MED-02175,42,Male,Master,Self-Employed,Cardiovascular,1,3,37,Low,2,5,2,Yes,Multimorbidity,None,High,8.0,High,Easy,None,4.9,High,Regular,7.0,1
MED-02176,49,Male,Bachelor,Unemployed,Antidiabetic,3,4,16,Medium,6,5,6,No,Diabetes,Severe,Low,5.0,High,Easy,Full,2.1,Low,Regular,4.0,0
MED-02177,29,Male,Bachelor,Employed,Antihypertensive,1,1,8,Low,2,3,7,No,Multimorbidity,Mild,Moderate,6.0,Moderate,Easy,Partial,1.9,High,Occasional,5.0,0
MED-02178,51,Male,Bachelor,Employed,Antihypertensive,2,4,64,Medium,4,6,4,No,Hypertension,None,High,7.0,Moderate,Easy,None,3.2,High,Regular,6.0,1
MED-02179,39,Female,High School,Unemployed,Antihypertensive,3,3,30,Medium,3,7,9,Yes,Hypertension,Severe,Low,1.0,Low,Easy,None,1.4,Moderate,Occasional,9.0,0
MED-02180,37,Male,High School,Employed,Respiratory,1,3,69,Low,0,3,7,Yes,Multimorbidity,None,High,10.0,Moderate,Moderate,Full,,High,Regular,6.0,1
MED-02181,55,Female,Bachelor,Self-Employed,Antihypertensive,4,5,40,High,2,10,6,No,Hypertension,None,High,7.0,Low,Moderate,Partial,3.4,High,Regular,7.0,0
MED-02182,72,Female,High School,Retired,Antihypertensive,3,6,21,High,0,1,7,Yes,Hypertension,Mild,Moderate,8.0,Moderate,Difficult,Partial,1.4,High,Occasional,7.0,1
MED-02183,65,Female,High School,Retired,Other Chronic,1,3,26,Low,0,3,5,Yes,Multimorbidity,Mild,Moderate,6.0,Moderate,Easy,Partial,2.1,Moderate,Regular,8.0,1
MED-02184,31,Male,Bachelor,Employed,Antidiabetic,1,3,47,Low,0,5,9,Yes,Diabetes,None,Moderate,7.0,Moderate,Easy,Full,5.2,Low,Occasional,8.0,1
MED-02185,39,Female,Bachelor,Employed,Antihypertensive,1,2,8,Low,1,9,8,No,Hypertension,None,High,10.0,High,Easy,Partial,2.6,Moderate,Rare,7.0,1
MED-02186,66,Female,High School,Employed,Antihypertensive,1,5,49,Medium,0,3,7,No,Hypertension,None,Moderate,6.0,Low,Easy,Partial,5.7,Moderate,Rare,7.0,1
MED-02187,39,Female,Bachelor,Self-Employed,Antihypertensive,3,6,25,High,0,2,7,Yes,Hypertension,Mild,Moderate,4.0,Low,Easy,Partial,1.6,Moderate,Occasional,9.0,1
MED-02188,49,Female,Master,Unemployed,Antihypertensive,4,2,22,Medium,1,6,3,Yes,Hypertension,None,Low,7.0,Low,Difficult,Partial,2.7,Low,Regular,6.0,0
MED-02189,60,Female,Bachelor,Unemployed,Antihypertensive,1,6,88,Medium,1,4,9,No,Hypertension,Mild,Low,2.0,High,Easy,Full,3.1,High,Occasional,10.0,1
MED-02190,39,Female,High School,Employed,Cardiovascular,2,3,57,Medium,3,6,6,Yes,Multimorbidity,None,High,8.0,Moderate,Easy,Full,17.6,Moderate,Regular,6.0,1
MED-02191,54,Male,High School,Self-Employed,Antihypertensive,2,3,14,Medium,4,4,8,No,Hypertension,None,High,10.0,Low,Easy,Partial,,High,Rare,6.0,1
MED-02192,34,Female,High School,Employed,Antidiabetic,1,3,32,Low,0,3,8,Yes,Diabetes,None,High,10.0,Low,Difficult,Full,5.3,High,Occasional,8.0,1
MED-02193,44,Male,High School,Self-Employed,Psychiatric,1,3,13,Low,3,10,8,Yes,Depression/Anxiety,Severe,High,3.0,Moderate,Moderate,Full,4.7,High,Regular,10.0,1
MED-02194,57,Female,High School,Employed,Antidiabetic,1,3,35,Low,1,1,4,Yes,Multimorbidity,Mild,Moderate,6.0,Low,Moderate,None,12.3,High,Regular,3.0,1
MED-02195,30,Male,High School,Self-Employed,Psychiatric,2,3,79,Medium,5,9,4,Yes,Depression/Anxiety,Mild,Moderate,8.0,Low,Easy,Full,9.2,Low,Regular,9.0,0
MED-02196,59,Male,High School,Unemployed,Antidiabetic,2,3,64,Medium,3,7,10,No,Multimorbidity,Mild,High,10.0,Moderate,Moderate,Full,2.3,Moderate,Regular,8.0,1
MED-02197,52,Female,Master,Employed,Antidiabetic,2,7,34,High,10,3,3,No,Diabetes,Severe,Moderate,3.0,Low,Moderate,Full,1.5,High,Occasional,6.0,0
MED-02198,60,Female,High School,Employed,Respiratory,1,5,32,Medium,2,9,4,No,Asthma/COPD,None,High,10.0,Low,Easy,Full,,High,Regular,8.0,1
MED-02199,56,Male,Bachelor,Employed,Antihypertensive,3,1,24,Low,0,1,6,No,Hypertension,Mild,High,8.0,Low,Moderate,Partial,4.0,Moderate,Regular,4.0,1
MED-02200,72,Male,Bachelor,Retired,Antihypertensive,2,2,82,Low,2,7,6,Yes,Hypertension,Moderate,Moderate,8.0,Moderate,Moderate,Full,7.1,Moderate,Occasional,5.0,1
MED-02201,54,Female,High School,Employed,Cardiovascular,3,6,44,High,2,1,5,No,Heart Disease,Mild,High,7.0,Low,Easy,Partial,7.8,Moderate,Regular,8.0,0
MED-02202,46,Male,Master,Employed,Antidiabetic,2,3,19,Medium,1,2,7,No,Diabetes,Moderate,High,7.0,High,Easy,Full,2.7,High,Regular,5.0,1
MED-02203,54,Female,Bachelor,Employed,Respiratory,3,3,28,Medium,0,2,8,Yes,Asthma/COPD,Mild,High,9.0,Moderate,Easy,Partial,3.4,Moderate,Regular,7.0,1
MED-02204,60,Male,High School,Self-Employed,Psychiatric,3,6,29,High,4,3,6,Yes,Depression/Anxiety,Moderate,Low,5.0,Moderate,Moderate,Partial,9.7,Low,Regular,5.0,0
MED-02205,53,Female,Bachelor,Employed,Antidiabetic,2,4,15,Medium,3,5,6,Yes,Diabetes,None,High,10.0,Moderate,Moderate,Partial,1.9,High,Occasional,6.0,1
MED-02206,53,Female,High School,Self-Employed,Cardiovascular,1,10,29,High,0,3,6,Yes,Heart Disease,None,High,8.0,Low,Easy,Partial,0.5,Moderate,Rare,9.0,1
MED-02207,43,Male,Bachelor,Unemployed,Antidiabetic,4,6,37,High,1,1,5,No,Diabetes,None,Moderate,6.0,High,Easy,None,7.9,High,Regular,4.0,0
MED-02208,43,Male,None,Employed,Other Chronic,2,5,13,Medium,4,6,3,No,Multimorbidity,Moderate,Moderate,9.0,High,Easy,None,1.4,High,Occasional,7.0,0
MED-02209,33,Male,Master,Employed,Respiratory,3,3,50,Medium,5,5,7,No,Asthma/COPD,None,Low,5.0,Low,Easy,Partial,2.7,Moderate,Occasional,8.0,0
MED-02210,77,Female,High School,Retired,Psychiatric,3,5,16,Medium,0,5,8,No,Depression/Anxiety,Mild,High,8.0,Moderate,Moderate,Partial,4.7,Moderate,Regular,7.0,1
MED-02211,35,Female,Bachelor,Self-Employed,Antihypertensive,2,4,19,Medium,0,5,6,Yes,Hypertension,None,High,10.0,Low,Moderate,Full,2.3,Moderate,Regular,6.0,1
MED-02212,43,Female,High School,Employed,Respiratory,1,1,16,Low,2,7,1,Yes,Multimorbidity,Moderate,Moderate,7.0,Moderate,Easy,Full,7.5,Low,Occasional,8.0,1
MED-02213,42,Male,Bachelor,Self-Employed,Antihypertensive,1,3,14,Low,0,4,5,No,Hypertension,None,High,7.0,Low,Easy,Full,24.6,High,Occasional,5.0,1
MED-02214,65,Male,Bachelor,Retired,Antihypertensive,4,8,55,High,4,7,8,Yes,Hypertension,Mild,High,10.0,Low,Moderate,Partial,1.8,Moderate,Occasional,6.0,0
MED-02215,48,Male,High School,Unemployed,Psychiatric,1,4,61,Low,2,3,3,Yes,Multimorbidity,Mild,High,7.0,Moderate,Easy,Full,3.7,High,Rare,10.0,1
MED-02216,70,Male,Bachelor,Retired,Antihypertensive,1,5,17,Medium,0,3,8,No,Hypertension,None,High,8.0,Low,Moderate,Full,3.3,Low,Regular,8.0,1
MED-02217,43,Female,High School,Employed,Other Chronic,2,3,52,Medium,3,8,5,Yes,Multimorbidity,Mild,High,7.0,Low,Easy,Partial,4.2,High,Occasional,7.0,1
MED-02218,56,Female,Master,Self-Employed,Antihypertensive,2,3,9,Medium,0,7,6,Yes,Hypertension,None,High,9.0,Moderate,Moderate,Full,2.1,High,Rare,8.0,1
MED-02219,41,Female,High School,Unemployed,Respiratory,1,1,22,Low,1,6,5,Yes,Asthma/COPD,Moderate,Low,3.0,Low,Easy,Partial,2.0,Low,Rare,5.0,0
MED-02220,83,Male,Master,Employed,Antihypertensive,1,10,11,High,2,3,4,Yes,Hypertension,None,High,8.0,Moderate,Easy,Partial,2.1,Moderate,Regular,7.0,0
MED-02221,36,Female,Bachelor,Self-Employed,Antidiabetic,2,4,86,Medium,1,2,9,No,Diabetes,Moderate,Low,1.0,Low,Difficult,None,,Low,Regular,6.0,1
MED-02222,57,Female,High School,Employed,Antihypertensive,1,2,56,Low,1,7,8,Yes,Hypertension,None,High,9.0,High,Easy,Full,2.4,High,Occasional,6.0,1
MED-02223,61,Female,High School,Employed,Cardiovascular,3,2,7,Medium,2,7,8,Yes,Multimorbidity,None,High,7.0,Low,Easy,Full,0.5,Moderate,Regular,7.0,1
MED-02224,58,Female,High School,Employed,Antidiabetic,1,10,15,High,0,4,8,Yes,Diabetes,None,Low,8.0,High,Difficult,Full,3.5,Moderate,Occasional,6.0,0
MED-02225,50,Male,Bachelor,Employed,Cardiovascular,3,7,22,High,3,10,7,Yes,Heart Disease,Moderate,Moderate,5.0,Low,Easy,Full,2.6,Low,Regular,7.0,0
MED-02226,51,Male,High School,Employed,Antihypertensive,3,3,25,Medium,4,6,8,No,Hypertension,Mild,High,8.0,Low,Easy,Full,1.9,High,Regular,8.0,1
MED-02227,53,Female,Bachelor,Self-Employed,Antihypertensive,2,6,10,Medium,0,2,5,Yes,Multimorbidity,None,Moderate,8.0,Moderate,Moderate,Partial,3.6,High,Regular,6.0,1
MED-02228,50,Male,Bachelor,Employed,Antihypertensive,1,1,42,Low,0,4,9,Yes,Multimorbidity,Moderate,Moderate,8.0,Moderate,Difficult,Partial,3.3,Moderate,Regular,1.0,1
MED-02229,66,Male,High School,Retired,Antidiabetic,2,5,52,Medium,1,5,9,No,Diabetes,None,Moderate,5.0,Moderate,Moderate,Partial,2.5,High,Regular,5.0,1
MED-02230,83,Female,Bachelor,Employed,Respiratory,2,3,33,Medium,0,5,7,Yes,Asthma/COPD,None,Moderate,8.0,Low,Moderate,Partial,3.3,Moderate,Regular,5.0,1
MED-02231,45,Female,High School,Employed,Psychiatric,1,6,31,Medium,6,7,6,No,Depression/Anxiety,None,High,10.0,Low,Moderate,Full,2.1,Low,Rare,8.0,0
MED-02232,33,Female,High School,Unemployed,Antihypertensive,3,8,16,High,1,2,4,Yes,Multimorbidity,None,High,9.0,Low,Easy,None,1.4,Moderate,Regular,5.0,1
MED-02233,51,Male,Bachelor,Student,Cardiovascular,2,4,21,Medium,2,2,7,No,Heart Disease,None,High,9.0,High,Moderate,Partial,14.5,High,Rare,6.0,1
MED-02234,88,Male,High School,Retired,Respiratory,3,5,30,Medium,2,6,10,No,Asthma/COPD,None,High,8.0,Moderate,Moderate,Full,2.3,Moderate,Occasional,8.0,1
MED-02235,41,Female,High School,Employed,Antihypertensive,1,2,32,Low,3,3,4,No,Hypertension,None,High,8.0,Moderate,Easy,Full,4.1,Moderate,Rare,5.0,1
MED-02236,75,Female,Master,Retired,Antidiabetic,1,6,26,Medium,6,10,8,No,Multimorbidity,Moderate,High,8.0,Low,Easy,Full,23.3,High,Regular,7.0,0
MED-02237,76,Female,High School,Retired,Antidiabetic,4,5,49,High,1,7,5,Yes,Diabetes,None,High,8.0,Moderate,Moderate,Partial,2.4,Moderate,Regular,6.0,1
MED-02238,45,Female,Doctorate,Student,Antihypertensive,2,4,37,Medium,1,3,5,No,Hypertension,Mild,Moderate,8.0,Moderate,Difficult,Full,4.7,Low,Occasional,6.0,1
MED-02239,60,Female,Doctorate,Employed,Antihypertensive,2,3,52,Medium,1,7,4,Yes,Hypertension,None,High,7.0,Low,Moderate,Partial,19.0,High,Regular,4.0,1
MED-02240,75,Female,High School,Retired,Antihypertensive,2,4,28,Medium,2,6,5,Yes,Hypertension,None,Moderate,,Low,Moderate,Full,1.0,Moderate,Regular,6.0,1
MED-02241,47,Male,None,Self-Employed,Cardiovascular,1,5,28,Medium,1,6,8,Yes,Multimorbidity,None,High,10.0,Moderate,Easy,Full,9.0,High,Occasional,8.0,1
MED-02242,50,Female,Bachelor,Unemployed,Antihypertensive,2,4,46,Medium,1,4,8,Yes,Multimorbidity,Mild,High,9.0,Moderate,Easy,Full,3.9,Low,Regular,5.0,1
MED-02243,44,Female,High School,Employed,Antihypertensive,1,1,13,Low,2,5,7,No,Multimorbidity,Mild,High,6.0,Moderate,Moderate,None,2.3,High,Occasional,5.0,1
MED-02244,38,Female,High School,Unemployed,Antidiabetic,2,4,117,Medium,0,1,5,Yes,Diabetes,None,Moderate,8.0,Low,Easy,Full,3.4,Moderate,Rare,10.0,1
MED-02245,43,Female,Bachelor,Employed,Antihypertensive,2,1,16,Low,6,7,4,No,Hypertension,None,Moderate,6.0,Low,Moderate,Partial,2.5,Moderate,Occasional,7.0,0
MED-02246,35,Female,None,Employed,Antihypertensive,3,3,15,Medium,0,1,6,Yes,Hypertension,Mild,Low,4.0,Moderate,Easy,Partial,10.8,Moderate,Regular,7.0,0
MED-02247,53,Male,Master,Employed,Psychiatric,2,5,50,Medium,7,4,5,No,Depression/Anxiety,Mild,Low,5.0,Moderate,Easy,Full,3.3,High,Occasional,6.0,0
MED-02248,42,Female,High School,Employed,Antihypertensive,1,3,38,Low,0,1,7,No,Multimorbidity,None,Moderate,9.0,Moderate,Easy,Full,5.6,Moderate,Occasional,9.0,1
MED-02249,56,Male,High School,Employed,Cardiovascular,2,6,42,Medium,2,3,6,No,Heart Disease,None,Moderate,5.0,Moderate,Easy,Partial,2.2,Moderate,Regular,9.0,1
MED-02250,31,Female,High School,Employed,Antidiabetic,1,3,29,Low,2,4,6,No,Diabetes,Mild,Moderate,7.0,High,Moderate,Partial,4.1,Moderate,Regular,6.0,1
MED-02251,57,Male,Master,Unemployed,Cardiovascular,1,2,13,Low,1,2,7,No,Heart Disease,Mild,Moderate,10.0,Low,Easy,Full,2.5,Moderate,Occasional,9.0,1
MED-02252,64,Male,Bachelor,Self-Employed,Cardiovascular,1,2,70,Low,0,1,7,Yes,Heart Disease,Moderate,High,6.0,Low,Easy,None,1.1,High,Occasional,9.0,1
MED-02253,25,Male,Bachelor,Self-Employed,Antihypertensive,2,3,49,Medium,0,5,9,Yes,Multimorbidity,None,High,8.0,Low,Easy,Full,8.9,Moderate,Regular,3.0,1
MED-02254,58,Female,High School,Employed,Respiratory,1,1,18,Low,9,9,5,No,Asthma/COPD,Mild,Moderate,6.0,Low,Moderate,Full,4.3,Moderate,Rare,9.0,0
MED-02255,70,Male,High School,Retired,Antidiabetic,2,3,46,Medium,2,4,7,No,Diabetes,None,High,10.0,High,Easy,Full,5.9,High,Occasional,5.0,1
MED-02256,36,Male,High School,Self-Employed,Respiratory,4,7,19,High,2,7,10,Yes,Asthma/COPD,Mild,High,7.0,Low,Moderate,Partial,1.9,High,Regular,9.0,1
MED-02257,76,Female,High School,Retired,Antidiabetic,2,6,21,Medium,3,8,7,Yes,Multimorbidity,None,Moderate,5.0,High,Easy,Full,8.1,High,Regular,5.0,1
MED-02258,58,Male,Bachelor,Unemployed,Other Chronic,1,6,22,Medium,0,1,9,Yes,Multimorbidity,None,Moderate,8.0,Low,Easy,Partial,4.7,Moderate,Occasional,8.0,1
MED-02259,43,Female,Bachelor,Retired,Respiratory,1,1,17,Low,1,3,5,Yes,Multimorbidity,Mild,High,9.0,Low,Moderate,Full,3.7,High,Occasional,3.0,1
MED-02260,52,Female,High School,Employed,Other Chronic,2,4,28,Medium,1,2,5,No,Multimorbidity,Mild,Moderate,5.0,Low,Easy,Full,7.2,Moderate,Regular,9.0,1
MED-02261,60,Female,Master,Self-Employed,Antidiabetic,3,10,49,High,0,3,6,Yes,Diabetes,Mild,Low,4.0,Low,Easy,Partial,2.6,High,Occasional,7.0,0
MED-02262,54,Male,High School,Self-Employed,Antidiabetic,1,6,36,Medium,1,8,6,No,Diabetes,Mild,High,7.0,Low,Moderate,Partial,8.8,High,Regular,9.0,0
MED-02263,60,Female,Master,Employed,Respiratory,3,2,42,Medium,2,5,8,No,Asthma/COPD,None,High,10.0,Low,Difficult,Full,2.0,High,Regular,5.0,1
MED-02264,40,Male,None,Employed,Psychiatric,2,4,32,Medium,0,6,5,Yes,Depression/Anxiety,Mild,Low,5.0,Moderate,Easy,Partial,3.4,High,Occasional,7.0,1
MED-02265,55,Male,High School,Employed,Other Chronic,2,6,5,Medium,2,4,6,Yes,Multimorbidity,None,Moderate,6.0,Low,Easy,Partial,1.6,Low,Occasional,10.0,1
MED-02266,33,Male,High School,Employed,Antidiabetic,4,6,97,High,1,2,8,Yes,Diabetes,Mild,Moderate,6.0,High,Easy,Partial,1.4,Moderate,Occasional,7.0,1
MED-02267,51,Female,High School,Employed,Respiratory,2,3,54,Medium,4,6,7,No,Multimorbidity,Mild,High,8.0,Moderate,Moderate,Partial,2.3,Moderate,Regular,8.0,1
MED-02268,40,Male,Bachelor,Employed,Antihypertensive,3,4,33,Medium,1,7,6,Yes,Hypertension,Mild,High,7.0,High,Moderate,Partial,2.9,High,Occasional,8.0,1
MED-02269,42,Female,High School,Employed,Antidiabetic,1,4,12,Low,0,5,7,Yes,Multimorbidity,None,High,10.0,Low,Moderate,Partial,5.0,High,Regular,4.0,1
MED-02270,70,Female,High School,Retired,Antihypertensive,2,7,41,High,2,6,4,Yes,Hypertension,None,Moderate,9.0,Low,Moderate,Partial,2.0,High,Regular,6.0,0
MED-02271,68,Female,Bachelor,Retired,Antidiabetic,2,2,27,Low,1,2,4,Yes,Multimorbidity,None,Moderate,6.0,High,Difficult,Full,5.2,Low,Rare,9.0,0
MED-02272,61,Male,Bachelor,Employed,Psychiatric,1,3,31,Low,3,6,3,Yes,Multimorbidity,None,High,8.0,Moderate,Moderate,Full,2.6,Moderate,Regular,3.0,1
MED-02273,37,Female,Master,Employed,Antihypertensive,2,1,48,Low,4,7,7,Yes,Hypertension,Severe,Low,1.0,High,Easy,Full,2.3,Moderate,Occasional,9.0,0
MED-02274,48,Female,High School,Employed,Cardiovascular,1,4,35,Low,1,5,8,Yes,Multimorbidity,Moderate,Low,3.0,Low,Easy,Partial,5.3,High,Rare,6.0,1
MED-02275,69,Female,Bachelor,Retired,Cardiovascular,1,4,61,Low,0,1,8,No,Heart Disease,Mild,Moderate,8.0,Low,Easy,Full,2.2,Moderate,Occasional,10.0,1
MED-02276,54,Male,Bachelor,Employed,Antihypertensive,1,6,20,Medium,0,8,9,Yes,Multimorbidity,None,Low,6.0,High,Easy,Full,13.1,Low,Rare,8.0,0
MED-02277,85,Female,High School,Retired,Antidiabetic,2,6,8,Medium,0,2,9,No,Multimorbidity,Moderate,Moderate,5.0,Moderate,Difficult,None,4.6,Moderate,Rare,5.0,0
MED-02278,58,Male,High School,Self-Employed,Cardiovascular,3,5,26,Medium,3,5,7,No,Heart Disease,Mild,High,6.0,High,Easy,Full,1.2,High,Regular,9.0,1
MED-02279,55,Male,High School,Self-Employed,Antihypertensive,2,4,20,Medium,2,7,6,No,Multimorbidity,None,Low,3.0,Low,Moderate,Full,3.0,High,Regular,10.0,1
MED-02280,48,Male,High School,Employed,Respiratory,2,6,37,Medium,1,7,9,Yes,Asthma/COPD,Mild,High,10.0,Low,Difficult,None,2.0,Moderate,Regular,8.0,1
MED-02281,54,Female,High School,Employed,Other Chronic,1,4,15,Low,0,1,5,Yes,Multimorbidity,Mild,High,9.0,Moderate,Easy,Full,1.0,High,Regular,6.0,1
MED-02282,50,Male,High School,Employed,Antihypertensive,3,1,20,Low,3,5,4,No,Hypertension,None,Moderate,8.0,High,Difficult,None,7.3,Moderate,Occasional,10.0,1
MED-02283,62,Male,Bachelor,Unemployed,Antihypertensive,2,2,38,Low,4,5,5,No,Hypertension,None,High,9.0,High,Moderate,Full,7.5,Moderate,Regular,5.0,0
MED-02284,66,Female,Bachelor,Retired,Antidiabetic,3,7,23,High,2,8,5,Yes,Multimorbidity,None,High,10.0,Low,Easy,Full,1.9,Low,Regular,9.0,1
MED-02285,41,Female,Master,Self-Employed,Respiratory,3,3,51,Medium,2,6,6,Yes,Multimorbidity,None,Moderate,5.0,Low,Easy,Full,5.7,High,Occasional,2.0,0
MED-02286,34,Male,Bachelor,Employed,Antihypertensive,1,5,15,Medium,5,8,4,No,Hypertension,None,High,5.0,Low,Easy,None,6.4,Moderate,Regular,7.0,0
MED-02287,27,Female,None,Employed,Antihypertensive,2,4,12,Medium,2,6,7,Yes,Hypertension,None,High,10.0,High,Easy,Partial,3.3,High,Regular,6.0,1
MED-02288,60,Male,Master,Employed,Antidiabetic,4,2,41,Medium,1,4,5,No,Diabetes,Moderate,Low,2.0,High,Moderate,Full,6.8,Moderate,Occasional,4.0,0
MED-02289,37,Male,Master,Self-Employed,Other Chronic,1,5,10,Medium,1,5,9,No,Multimorbidity,Mild,High,9.0,Low,Difficult,Partial,4.1,High,Occasional,9.0,1
MED-02290,22,Male,High School,Student,Antidiabetic,2,3,6,Medium,5,8,4,Yes,Diabetes,None,High,9.0,Moderate,Easy,Full,7.8,Moderate,Regular,3.0,0
MED-02291,58,Female,Bachelor,Employed,Antidiabetic,4,4,11,High,1,2,6,No,Diabetes,None,High,9.0,Moderate,Easy,Partial,1.4,High,Occasional,10.0,1
MED-02292,87,Male,Doctorate,Retired,Other Chronic,1,4,53,Low,2,6,5,Yes,Multimorbidity,Mild,High,8.0,Low,Easy,Full,3.7,Low,Regular,4.0,1
MED-02293,52,Male,Bachelor,Employed,Cardiovascular,3,4,18,Medium,1,3,7,No,Heart Disease,None,Moderate,6.0,Moderate,Difficult,Partial,3.9,Low,Regular,9.0,0
MED-02294,64,Male,Master,Employed,Cardiovascular,4,9,21,High,0,3,8,Yes,Heart Disease,None,High,7.0,Low,Moderate,Partial,1.4,Moderate,Regular,5.0,1
MED-02295,54,Female,High School,Unemployed,Cardiovascular,2,2,43,Low,0,7,7,Yes,Multimorbidity,Mild,High,10.0,Moderate,Easy,None,1.5,Moderate,Regular,3.0,1
MED-02296,51,Male,High School,Self-Employed,Other Chronic,1,4,49,Low,1,3,6,No,Multimorbidity,None,High,10.0,Moderate,Moderate,Partial,1.0,Moderate,Regular,6.0,1
MED-02297,65,Male,High School,Retired,Cardiovascular,1,6,44,Medium,1,5,8,Yes,Heart Disease,Mild,High,8.0,Low,Difficult,Partial,3.4,Low,Regular,8.0,1
MED-02298,48,Male,Bachelor,Self-Employed,Psychiatric,1,3,41,Low,1,3,8,No,Depression/Anxiety,Moderate,Moderate,5.0,High,Easy,Partial,2.4,Moderate,Regular,5.0,0
MED-02299,56,Male,Bachelor,Employed,Cardiovascular,3,4,17,Medium,0,1,7,Yes,Heart Disease,None,High,10.0,Low,Easy,Partial,1.3,High,Regular,7.0,1
MED-02300,57,Female,Doctorate,Self-Employed,Respiratory,3,5,29,Medium,2,6,7,Yes,Asthma/COPD,Mild,High,7.0,Low,Easy,Full,8.3,Moderate,Regular,8.0,1
MED-02301,43,Female,High School,Retired,Antihypertensive,2,1,10,Low,0,5,8,Yes,Hypertension,None,High,10.0,Moderate,Easy,Partial,4.5,High,Regular,10.0,1
MED-02302,66,Male,None,Retired,Antidiabetic,1,2,22,Low,2,1,3,No,Diabetes,Severe,Low,3.0,Low,Easy,Partial,1.9,Moderate,Regular,7.0,1
MED-02303,50,Male,Bachelor,Unemployed,Respiratory,1,4,7,Low,0,3,5,Yes,Asthma/COPD,Mild,Moderate,7.0,Moderate,Easy,Full,3.9,High,Occasional,9.0,1
MED-02304,42,Male,Bachelor,Employed,Antihypertensive,3,4,51,Medium,1,1,7,No,Hypertension,Severe,Low,4.0,High,Difficult,Full,2.8,Low,Rare,8.0,0
MED-02305,60,Male,High School,Student,Cardiovascular,2,5,21,Medium,1,6,6,Yes,Heart Disease,Mild,Moderate,8.0,High,Easy,Full,1.0,Moderate,Regular,7.0,1
MED-02306,40,Male,High School,Employed,Antihypertensive,3,4,29,Medium,5,8,6,No,Hypertension,None,High,9.0,Low,Easy,Partial,4.1,High,Rare,9.0,1
MED-02307,53,Female,Bachelor,Employed,Respiratory,2,1,19,Low,4,6,7,No,Asthma/COPD,Moderate,Low,1.0,Moderate,Easy,Full,11.4,High,Regular,9.0,0
MED-02308,52,Female,Bachelor,Unemployed,Antihypertensive,3,9,55,High,5,7,7,Yes,Hypertension,Mild,High,9.0,Moderate,Easy,Full,9.6,Moderate,Occasional,6.0,0
MED-02309,68,Female,High School,Retired,Respiratory,2,2,9,Low,0,3,7,Yes,Asthma/COPD,Mild,Moderate,9.0,Low,Moderate,Full,3.6,High,Occasional,8.0,1
MED-02310,59,Female,High School,Employed,Cardiovascular,2,3,12,Medium,5,6,5,No,Heart Disease,None,High,8.0,Moderate,Easy,Full,2.4,Moderate,Regular,7.0,1
MED-02311,52,Female,Doctorate,Employed,Antihypertensive,2,6,28,Medium,4,4,3,No,Hypertension,None,Low,6.0,Low,Difficult,Full,5.1,Moderate,Regular,8.0,0
MED-02312,64,Female,Bachelor,Employed,Antidiabetic,3,5,29,Medium,2,5,8,No,Diabetes,Mild,High,10.0,Low,Easy,Partial,4.1,High,Regular,10.0,1
MED-02313,72,Male,High School,Retired,Antihypertensive,2,7,51,High,3,7,5,No,Hypertension,None,Moderate,7.0,Low,Easy,Full,,Moderate,Occasional,5.0,0
MED-02314,60,Female,High School,Self-Employed,Antidiabetic,1,1,32,Low,5,7,4,No,Diabetes,Moderate,Low,4.0,Low,Moderate,Partial,13.4,High,Rare,7.0,0
MED-02315,53,Male,Bachelor,Self-Employed,Antidiabetic,1,6,29,Medium,6,4,4,No,Diabetes,None,Moderate,8.0,Low,Difficult,Partial,2.5,Low,Regular,7.0,0
MED-02316,34,Female,High School,Employed,Antihypertensive,1,4,16,Low,0,1,9,No,Multimorbidity,Mild,High,9.0,Low,Difficult,None,6.8,High,Occasional,8.0,1
MED-02317,38,Female,High School,Retired,Other Chronic,2,5,55,Medium,0,4,7,No,Multimorbidity,Moderate,Low,6.0,Low,Moderate,Partial,3.7,High,Regular,6.0,0
MED-02318,48,Male,Bachelor,Employed,Antihypertensive,1,2,24,Low,0,4,7,Yes,Hypertension,None,High,10.0,Low,Difficult,None,3.7,Low,Rare,6.0,1
MED-02319,44,Male,High School,Unemployed,Cardiovascular,1,5,17,Medium,2,5,8,No,Heart Disease,None,Low,6.0,High,Moderate,Full,1.0,High,Occasional,7.0,0
MED-02320,50,Female,Bachelor,Employed,Antidiabetic,2,3,15,Medium,4,6,6,No,Diabetes,None,Moderate,9.0,Moderate,Easy,Partial,7.6,Low,Occasional,8.0,0
MED-02321,53,Male,High School,Employed,Cardiovascular,1,5,29,Medium,0,1,8,Yes,Multimorbidity,Mild,High,10.0,High,Moderate,None,6.2,High,Occasional,6.0,1
MED-02322,60,Female,Bachelor,Employed,Antidiabetic,3,5,9,Medium,0,3,4,No,Diabetes,None,Moderate,4.0,Moderate,Easy,Full,3.8,High,Occasional,1.0,1
MED-02323,52,Female,High School,Employed,Cardiovascular,2,4,10,Medium,0,2,4,Yes,Heart Disease,Severe,Low,2.0,High,Easy,Full,7.2,High,Regular,5.0,1
MED-02324,59,Female,None,Unemployed,Cardiovascular,2,6,10,Medium,2,7,4,No,Multimorbidity,Mild,Moderate,6.0,High,Easy,Partial,4.5,Low,Rare,10.0,0
MED-02325,53,Female,High School,Self-Employed,Cardiovascular,1,5,73,Medium,3,4,7,No,Heart Disease,Mild,High,9.0,Moderate,Moderate,Full,1.3,High,Regular,10.0,1
MED-02326,25,Male,Master,Employed,Antihypertensive,1,5,63,Medium,0,3,7,Yes,Multimorbidity,Moderate,Low,3.0,Moderate,Moderate,Full,1.6,Moderate,Regular,6.0,0
MED-02327,39,Male,Master,Employed,Cardiovascular,2,3,14,Medium,3,6,5,No,Heart Disease,None,High,10.0,Low,Moderate,Partial,3.2,Moderate,Regular,10.0,1
MED-02328,50,Female,High School,Self-Employed,Antihypertensive,3,2,33,Medium,2,3,6,Yes,Hypertension,Mild,High,8.0,Moderate,Easy,Full,0.9,Low,Regular,6.0,1
MED-02329,36,Female,Bachelor,Student,Antihypertensive,3,3,42,Medium,3,4,9,No,Hypertension,Mild,High,10.0,Low,Easy,Full,7.7,High,Regular,4.0,1
MED-02330,61,Female,Bachelor,Employed,Antidiabetic,1,2,35,Low,1,8,5,No,Multimorbidity,None,High,10.0,Moderate,Easy,None,2.8,High,Occasional,6.0,1
MED-02331,74,Male,Doctorate,Retired,Antidiabetic,2,4,11,Medium,3,8,7,Yes,Diabetes,Moderate,Moderate,4.0,Moderate,Easy,Full,3.7,Moderate,Regular,8.0,1
MED-02332,70,Male,High School,Retired,Antidiabetic,1,4,16,Low,0,4,5,No,Diabetes,Mild,High,9.0,High,Moderate,None,1.6,Moderate,Occasional,6.0,1
MED-02333,50,Female,Bachelor,Employed,Cardiovascular,4,3,32,Medium,3,4,9,No,Heart Disease,Moderate,High,7.0,High,Easy,Full,5.4,Moderate,Regular,8.0,0
MED-02334,73,Male,None,Retired,Antidiabetic,4,4,9,High,0,3,8,Yes,Diabetes,Severe,Low,3.0,Low,Easy,None,3.0,High,Occasional,7.0,0
MED-02335,55,Female,High School,Employed,Antidiabetic,2,4,53,Medium,0,1,3,Yes,Diabetes,None,High,10.0,Moderate,Easy,Partial,2.6,Low,Regular,6.0,1
MED-02336,48,Male,Master,Self-Employed,Antihypertensive,2,3,11,Medium,5,7,6,No,Multimorbidity,Moderate,Low,2.0,High,Moderate,Full,,High,Occasional,8.0,0
MED-02337,44,Female,Bachelor,Unemployed,Cardiovascular,3,5,30,Medium,6,10,2,No,Heart Disease,Mild,Moderate,6.0,High,Easy,None,8.9,High,Regular,9.0,0
MED-02338,48,Female,High School,Self-Employed,Cardiovascular,2,6,46,Medium,1,4,8,No,Heart Disease,Severe,Low,1.0,High,Easy,Partial,5.8,High,Occasional,7.0,0
MED-02339,47,Female,High School,Retired,Antidiabetic,2,3,49,Medium,0,3,10,Yes,Diabetes,None,High,8.0,Low,Easy,Full,3.9,High,Regular,8.0,1
MED-02340,55,Male,Bachelor,Self-Employed,Cardiovascular,4,5,50,High,7,4,2,No,Multimorbidity,None,High,8.0,Low,Difficult,Partial,2.3,Low,Regular,4.0,0
MED-02341,55,Female,Bachelor,Employed,Antidiabetic,2,4,16,Medium,11,5,3,No,Multimorbidity,None,Moderate,8.0,Low,Difficult,Full,2.7,Moderate,Regular,10.0,0
MED-02342,53,Female,High School,Student,Antidiabetic,2,4,18,Medium,0,2,7,Yes,Multimorbidity,None,Moderate,7.0,High,Moderate,Partial,2.6,High,Regular,6.0,1
MED-02343,59,Male,Master,Employed,Antidiabetic,3,3,34,Medium,1,3,6,No,Diabetes,None,High,7.0,Moderate,Moderate,Full,4.5,Moderate,Regular,5.0,1
MED-02344,69,Female,None,Retired,Cardiovascular,2,6,41,Medium,3,7,5,Yes,Heart Disease,None,High,8.0,Moderate,Easy,Full,3.2,Moderate,Regular,9.0,1
MED-02345,66,Female,High School,Retired,Cardiovascular,2,4,40,Medium,8,5,3,No,Heart Disease,None,High,5.0,High,Easy,Partial,3.3,High,Occasional,6.0,0
MED-02346,32,Female,Master,Employed,Antihypertensive,1,6,43,Medium,5,7,7,No,Hypertension,None,High,10.0,Low,Moderate,Full,10.5,High,Occasional,5.0,1
MED-02347,18,Female,High School,Student,Antihypertensive,1,4,37,Low,2,5,8,Yes,Hypertension,Mild,High,9.0,Moderate,Moderate,Partial,7.8,Moderate,Occasional,6.0,0
MED-02348,66,Male,High School,Retired,Antihypertensive,1,6,33,Medium,0,2,10,No,Hypertension,None,High,10.0,Moderate,Easy,Full,1.8,Low,Occasional,4.0,1
MED-02349,33,Male,Bachelor,Employed,Cardiovascular,2,5,17,Medium,2,3,9,No,Heart Disease,None,Moderate,8.0,Low,Easy,Partial,4.1,Moderate,Regular,5.0,1
MED-02350,49,Male,Bachelor,Employed,Psychiatric,2,4,33,Medium,3,5,3,Yes,Depression/Anxiety,None,High,9.0,Moderate,Easy,Full,1.9,Moderate,Regular,9.0,1
MED-02351,36,Female,High School,Employed,Antidiabetic,4,4,69,High,6,2,6,No,Diabetes,Mild,Moderate,3.0,Low,Moderate,None,5.2,Low,Occasional,9.0,0
MED-02352,27,Female,Master,Employed,Antihypertensive,2,1,22,Low,2,2,7,No,Multimorbidity,None,Moderate,6.0,Moderate,Moderate,Partial,14.1,High,Regular,7.0,1
MED-02353,60,Female,Bachelor,Self-Employed,Respiratory,3,7,21,High,3,2,5,No,Asthma/COPD,None,Moderate,8.0,Low,Moderate,Full,2.5,High,Regular,5.0,1
MED-02354,63,Male,High School,Employed,Respiratory,1,3,39,Low,4,6,8,No,Asthma/COPD,None,Moderate,7.0,Low,Moderate,Full,6.0,Moderate,Rare,8.0,1
MED-02355,44,Male,Bachelor,Self-Employed,Psychiatric,3,4,11,Medium,2,4,8,Yes,Multimorbidity,Moderate,High,9.0,High,Easy,Partial,11.1,Moderate,Regular,3.0,1
MED-02356,18,Female,High School,Employed,Cardiovascular,2,4,30,Medium,3,7,9,No,Heart Disease,Moderate,Moderate,6.0,Moderate,Moderate,Full,3.0,Low,Rare,9.0,0
MED-02357,45,Male,High School,Unemployed,Psychiatric,2,3,51,Medium,1,3,8,No,Depression/Anxiety,Severe,Moderate,8.0,Moderate,Easy,None,4.8,High,Occasional,7.0,1
MED-02358,58,Male,Bachelor,Unemployed,Antihypertensive,1,3,30,Low,0,1,7,Yes,Hypertension,None,High,7.0,Low,Moderate,Full,12.0,High,Rare,5.0,1
MED-02359,32,Female,Master,Employed,Antihypertensive,2,4,30,Medium,2,4,5,No,Hypertension,None,Moderate,8.0,Low,Easy,None,1.6,Moderate,Occasional,10.0,0
MED-02360,55,Male,High School,Employed,Antihypertensive,2,6,5,Medium,3,8,3,No,Hypertension,Severe,Low,1.0,High,Easy,Partial,1.5,High,Occasional,7.0,0
MED-02361,52,Male,High School,Self-Employed,Cardiovascular,2,5,23,Medium,1,5,7,No,Multimorbidity,None,Moderate,8.0,Moderate,Moderate,Full,1.3,Low,Rare,6.0,1
MED-02362,61,Male,High School,Retired,Antihypertensive,3,4,13,Medium,2,1,5,No,Hypertension,None,High,8.0,Moderate,Easy,Partial,5.8,Low,Regular,10.0,1
MED-02363,54,Male,High School,Employed,Antidiabetic,3,5,10,Medium,4,1,6,No,Multimorbidity,Moderate,High,5.0,Moderate,Difficult,Partial,1.6,Moderate,Occasional,6.0,0
MED-02364,39,Other,High School,Employed,Antidiabetic,4,3,25,Medium,2,7,9,No,Diabetes,None,High,7.0,Low,Easy,Partial,5.1,High,Rare,8.0,1
MED-02365,69,Male,None,Employed,Antidiabetic,2,4,41,Medium,3,3,9,No,Diabetes,Mild,High,8.0,High,Easy,Full,9.2,Moderate,Regular,8.0,1
MED-02366,50,Male,Bachelor,Employed,Psychiatric,4,5,24,High,5,8,4,No,Depression/Anxiety,None,High,10.0,Low,Easy,Full,2.0,Moderate,Regular,5.0,0
MED-02367,52,Male,High School,Employed,Antihypertensive,3,3,47,Medium,2,6,6,Yes,Hypertension,None,Moderate,8.0,Low,Moderate,Partial,1.9,Moderate,Occasional,7.0,1
MED-02368,39,Female,High School,Employed,Antidiabetic,1,8,41,High,1,3,5,No,Diabetes,Mild,Moderate,8.0,High,Easy,Full,5.5,High,Regular,6.0,1
MED-02369,46,Male,Bachelor,Self-Employed,Respiratory,2,2,18,Low,0,7,7,Yes,Asthma/COPD,None,High,9.0,Low,Easy,Partial,3.4,Moderate,Regular,3.0,1
MED-02370,40,Female,Bachelor,Unemployed,Antihypertensive,1,4,20,Low,2,2,1,No,Multimorbidity,Moderate,Moderate,4.0,High,Easy,Partial,0.6,Low,Regular,3.0,0
MED-02371,50,Male,High School,Self-Employed,Cardiovascular,1,4,6,Low,1,1,3,Yes,Heart Disease,Mild,Moderate,6.0,Moderate,Easy,Partial,10.5,Moderate,Regular,2.0,1
MED-02372,76,Male,High School,Retired,Respiratory,1,4,83,Low,0,3,6,Yes,Asthma/COPD,None,Moderate,6.0,Low,Easy,Partial,5.0,High,Regular,6.0,1
MED-02373,33,Male,Bachelor,Self-Employed,Psychiatric,1,7,14,Medium,0,6,8,Yes,Depression/Anxiety,Mild,Moderate,6.0,Low,Easy,Full,2.5,Moderate,Regular,5.0,1
MED-02374,30,Female,High School,Employed,Psychiatric,2,3,31,Medium,1,7,6,Yes,Multimorbidity,Mild,High,8.0,Moderate,Easy,Full,2.4,Low,Occasional,5.0,1
MED-02375,73,Female,High School,Retired,Antidiabetic,2,4,25,Medium,3,4,8,Yes,Diabetes,Mild,High,7.0,Moderate,Easy,Partial,5.6,Moderate,Occasional,6.0,1
MED-02376,50,Male,Bachelor,Self-Employed,Cardiovascular,1,6,66,Medium,1,1,7,No,Heart Disease,None,High,9.0,Low,Easy,Full,3.2,High,Regular,7.0,1
MED-02377,43,Female,None,Employed,Antihypertensive,3,3,33,Medium,0,1,9,Yes,Hypertension,Moderate,Moderate,5.0,High,Easy,Full,3.5,High,Regular,6.0,1
MED-02378,67,Female,High School,Employed,Antihypertensive,3,7,27,High,0,2,9,No,Hypertension,Severe,Moderate,,Moderate,Easy,Full,3.7,High,Occasional,5.0,0
MED-02379,44,Male,None,Unemployed,Antihypertensive,4,5,57,High,3,2,5,Yes,Hypertension,None,High,10.0,High,Difficult,Full,1.8,Moderate,Regular,10.0,1
MED-02380,78,Female,High School,Retired,Antidiabetic,2,6,31,Medium,1,5,8,Yes,Diabetes,Moderate,Low,4.0,Low,Moderate,Partial,2.5,Low,Rare,6.0,0
MED-02381,62,Male,None,Student,Psychiatric,2,4,15,Medium,5,9,7,No,Depression/Anxiety,Mild,High,10.0,Low,Easy,Partial,2.9,Moderate,Regular,9.0,0
MED-02382,46,Female,Doctorate,Employed,Antidiabetic,1,5,38,Medium,0,6,10,Yes,Diabetes,Moderate,Low,1.0,High,Easy,Full,1.9,High,Regular,4.0,1
MED-02383,83,Female,High School,Retired,Cardiovascular,1,5,10,Medium,0,2,5,Yes,Heart Disease,None,Moderate,10.0,Moderate,Difficult,Partial,4.1,Moderate,Regular,9.0,1
MED-02384,44,Female,High School,Self-Employed,Antidiabetic,1,1,14,Low,3,3,6,No,Diabetes,Mild,Moderate,7.0,Moderate,Easy,Full,4.8,High,Regular,6.0,1
MED-02385,63,Female,High School,Employed,Antidiabetic,2,3,20,Medium,2,3,4,Yes,Diabetes,None,Moderate,8.0,Moderate,Moderate,Partial,,High,Regular,10.0,1
MED-02386,57,Male,Master,Unemployed,Other Chronic,4,6,12,High,1,5,4,Yes,Multimorbidity,Mild,High,10.0,Moderate,Moderate,None,1.9,Moderate,Regular,4.0,0
MED-02387,71,Female,Bachelor,Retired,Antihypertensive,1,3,22,Low,1,8,7,Yes,Multimorbidity,Mild,Moderate,5.0,Low,Easy,Full,6.5,High,Regular,5.0,1
MED-02388,74,Male,High School,Retired,Cardiovascular,1,2,3,Low,1,3,7,Yes,Heart Disease,Mild,High,8.0,Moderate,Moderate,Full,9.7,High,Regular,6.0,1
MED-02389,53,Male,Master,Employed,Antidiabetic,1,6,30,Medium,1,8,7,Yes,Diabetes,Mild,High,9.0,Moderate,Easy,Partial,6.8,Moderate,Occasional,6.0,1
MED-02390,42,Female,High School,Employed,Antihypertensive,2,3,36,Medium,4,9,7,No,Hypertension,Mild,High,6.0,High,Moderate,None,2.3,Moderate,Occasional,4.0,0
MED-02391,59,Female,High School,Employed,Antidiabetic,1,3,18,Low,1,4,6,Yes,Diabetes,Mild,Moderate,7.0,Low,Easy,Full,2.6,Moderate,Regular,10.0,1
MED-02392,43,Female,High School,Employed,Respiratory,2,4,8,Medium,0,4,6,Yes,Asthma/COPD,Moderate,High,4.0,Low,Easy,Full,10.4,High,Rare,10.0,1
MED-02393,81,Male,High School,Unemployed,Antihypertensive,1,3,27,Low,1,4,4,No,Multimorbidity,Moderate,Moderate,6.0,Moderate,Easy,None,2.9,Moderate,Regular,6.0,1
MED-02394,54,Female,High School,Employed,Antihypertensive,2,3,40,Medium,3,5,5,Yes,Hypertension,None,Moderate,9.0,Moderate,Easy,Full,3.2,Moderate,Regular,9.0,1
MED-02395,47,Female,Bachelor,Self-Employed,Antihypertensive,1,1,9,Low,0,4,6,Yes,Hypertension,Severe,High,7.0,Low,Easy,Full,2.3,High,Regular,10.0,1
MED-02396,55,Male,High School,Employed,Respiratory,2,9,116,High,1,6,7,No,Asthma/COPD,Mild,Moderate,5.0,Low,Easy,Partial,5.9,High,Regular,7.0,1
MED-02397,34,Male,Bachelor,Employed,Cardiovascular,1,5,31,Medium,0,1,8,Yes,Heart Disease,None,High,8.0,Low,Difficult,Full,0.5,High,Occasional,5.0,1
MED-02398,39,Male,None,Self-Employed,Cardiovascular,3,4,42,Medium,2,3,7,Yes,Multimorbidity,None,High,10.0,Low,Easy,Partial,1.8,High,Regular,9.0,1
MED-02399,69,Male,High School,Retired,Antidiabetic,2,3,100,Medium,1,5,9,No,Diabetes,Severe,Low,3.0,Moderate,Moderate,Partial,1.6,Moderate,Occasional,9.0,0
MED-02400,43,Other,High School,Employed,Psychiatric,2,2,35,Low,3,6,4,No,Depression/Anxiety,Mild,High,9.0,Moderate,Difficult,None,10.9,Moderate,Regular,4.0,0
MED-02401,38,Female,Master,Employed,Respiratory,2,1,15,Low,4,9,6,Yes,Asthma/COPD,None,Moderate,7.0,High,Easy,Full,4.0,Moderate,Regular,10.0,1
MED-02402,60,Female,High School,Retired,Respiratory,1,5,17,Medium,1,2,4,No,Asthma/COPD,Mild,High,8.0,Low,Easy,Partial,2.9,Moderate,Rare,5.0,1
MED-02403,69,Female,Bachelor,Retired,Respiratory,1,7,50,Medium,0,3,9,Yes,Multimorbidity,None,Moderate,7.0,Moderate,Moderate,Partial,2.8,Moderate,Regular,8.0,1
MED-02404,63,Male,High School,Self-Employed,Cardiovascular,2,5,45,Medium,0,1,5,Yes,Heart Disease,Severe,Low,2.0,High,Moderate,None,1.2,High,Occasional,5.0,0
MED-02405,66,Female,High School,Retired,Antidiabetic,2,7,50,High,0,2,9,Yes,Diabetes,Mild,High,10.0,High,Easy,Full,9.2,High,Regular,7.0,1
MED-02406,42,Male,None,Employed,Psychiatric,2,1,39,Low,0,1,9,No,Depression/Anxiety,Mild,High,,Low,Easy,Partial,2.6,Moderate,Rare,7.0,1
MED-02407,33,Female,High School,Employed,Psychiatric,2,2,36,Low,0,3,7,Yes,Depression/Anxiety,Moderate,Low,4.0,Low,Easy,Partial,,High,Rare,,1
MED-02408,74,Male,High School,Retired,Antihypertensive,3,5,4,Medium,3,4,7,No,Hypertension,None,High,9.0,High,Moderate,Partial,2.0,High,Occasional,4.0,1
MED-02409,48,Female,High School,Employed,Antihypertensive,3,1,43,Low,2,6,6,No,Multimorbidity,None,High,10.0,Moderate,Easy,Partial,3.2,Moderate,Occasional,5.0,0
MED-02410,49,Male,Bachelor,Unemployed,Other Chronic,1,5,34,Medium,1,4,6,No,Multimorbidity,Mild,Moderate,,Moderate,Moderate,Partial,1.7,High,Occasional,6.0,1
MED-02411,71,Male,None,Retired,Antihypertensive,2,5,13,Medium,3,6,5,Yes,Hypertension,Moderate,High,7.0,High,Easy,Partial,2.8,Moderate,Occasional,7.0,1
MED-02412,60,Female,Bachelor,Employed,Psychiatric,1,5,17,Medium,2,5,6,No,Depression/Anxiety,None,High,7.0,Low,Moderate,Partial,7.2,High,Occasional,6.0,1
MED-02413,59,Male,High School,Self-Employed,Antidiabetic,2,2,46,Low,1,2,10,No,Diabetes,Moderate,Low,5.0,Moderate,Moderate,Full,3.6,High,Occasional,,1
MED-02414,83,Female,Bachelor,Retired,Antihypertensive,1,5,101,Medium,0,1,4,Yes,Multimorbidity,None,High,10.0,Low,Moderate,Full,4.4,Low,Occasional,8.0,1
MED-02415,43,Male,Bachelor,Employed,Antihypertensive,1,2,52,Low,1,6,7,Yes,Hypertension,None,High,8.0,High,Easy,Full,3.5,Low,Rare,9.0,1
MED-02416,65,Female,High School,Retired,Antihypertensive,3,7,70,High,3,8,8,Yes,Hypertension,None,Moderate,9.0,Moderate,Difficult,Partial,11.3,Low,Occasional,8.0,0
MED-02417,53,Male,High School,Employed,Antihypertensive,2,4,9,Medium,3,10,6,Yes,Hypertension,None,Moderate,7.0,Low,Moderate,Full,1.8,Moderate,Rare,6.0,1
MED-02418,56,Male,Bachelor,Employed,Antidiabetic,1,3,54,Low,2,7,7,Yes,Diabetes,None,Low,6.0,Moderate,Difficult,Partial,3.0,High,Regular,7.0,1
MED-02419,74,Male,Master,Employed,Cardiovascular,1,8,44,High,2,8,3,No,Heart Disease,None,Moderate,6.0,Low,Moderate,Full,3.8,High,Rare,4.0,0
MED-02420,60,Male,High School,Employed,Other Chronic,2,5,33,Medium,0,6,9,Yes,Multimorbidity,None,High,9.0,Low,Easy,Partial,1.6,High,Regular,9.0,1
MED-02421,60,Male,High School,Retired,Antidiabetic,3,9,20,High,0,5,9,Yes,Multimorbidity,Mild,Moderate,10.0,Low,Moderate,Full,3.7,High,Regular,8.0,1
MED-02422,68,Male,Master,Retired,Antidiabetic,2,6,37,Medium,3,5,6,No,Diabetes,Mild,Moderate,9.0,Moderate,Easy,Full,3.4,High,Regular,6.0,1
MED-02423,47,Male,High School,Employed,Antidiabetic,4,5,48,High,6,4,4,No,Diabetes,Mild,Moderate,8.0,Moderate,Easy,Full,3.6,Moderate,Regular,7.0,0
MED-02424,41,Male,Bachelor,Employed,Antidiabetic,1,1,28,Low,4,6,8,No,Diabetes,None,Moderate,8.0,Moderate,Easy,None,3.6,High,Occasional,9.0,1
MED-02425,38,Female,High School,Unemployed,Antidiabetic,2,4,16,Medium,1,3,4,Yes,Diabetes,None,High,10.0,Low,Moderate,Full,2.0,Low,Regular,9.0,1
MED-02426,25,Female,High School,Self-Employed,Antihypertensive,3,5,64,Medium,2,4,4,No,Hypertension,None,High,10.0,High,Difficult,Full,1.0,Moderate,Regular,7.0,1
MED-02427,81,Male,Bachelor,Retired,Antihypertensive,2,4,23,Medium,0,2,6,Yes,Multimorbidity,None,High,8.0,Moderate,Moderate,None,3.8,High,Occasional,10.0,1
MED-02428,37,Female,Bachelor,Employed,Antihypertensive,1,6,34,Medium,1,6,9,Yes,Hypertension,Mild,Low,6.0,Low,Difficult,Full,1.7,High,Regular,10.0,1
MED-02429,49,Female,High School,Student,Antihypertensive,2,3,6,Medium,0,2,8,No,Hypertension,Mild,High,9.0,Low,Difficult,Partial,3.1,High,Regular,8.0,1
MED-02430,49,Male,High School,Employed,Cardiovascular,2,2,15,Low,2,5,5,No,Multimorbidity,Moderate,High,,High,Easy,None,1.9,Low,Regular,6.0,0
MED-02431,57,Female,Bachelor,Employed,Antihypertensive,2,4,54,Medium,3,6,3,Yes,Hypertension,None,Moderate,7.0,Moderate,Easy,Partial,1.1,High,Regular,6.0,1
MED-02432,64,Male,Bachelor,Employed,Psychiatric,3,4,52,Medium,2,6,6,No,Depression/Anxiety,None,Moderate,6.0,High,Moderate,Partial,4.4,Moderate,Regular,7.0,1
MED-02433,65,Female,High School,Retired,Psychiatric,3,4,36,Medium,2,6,7,No,Depression/Anxiety,None,Moderate,7.0,Low,Easy,Full,5.6,Moderate,Occasional,7.0,1
MED-02434,44,Male,Bachelor,Employed,Other Chronic,2,6,6,Medium,4,4,6,No,Multimorbidity,None,Moderate,8.0,High,Easy,Partial,7.6,High,Regular,10.0,0
MED-02435,50,Female,Bachelor,Employed,Psychiatric,1,3,17,Low,0,6,10,Yes,Depression/Anxiety,Mild,High,10.0,Low,Moderate,None,2.4,High,Regular,5.0,1
MED-02436,56,Female,Bachelor,Self-Employed,Antihypertensive,2,1,81,Low,1,3,6,No,Multimorbidity,None,High,10.0,High,Easy,None,3.4,High,Regular,8.0,1
MED-02437,49,Male,Bachelor,Employed,Antidiabetic,3,3,29,Medium,3,1,1,Yes,Diabetes,Mild,Moderate,7.0,High,Easy,Partial,4.3,Moderate,Regular,3.0,0
MED-02438,75,Male,High School,Retired,Antihypertensive,4,8,47,High,4,6,5,No,Multimorbidity,None,Moderate,5.0,Moderate,Moderate,Full,7.1,High,Regular,8.0,0
MED-02439,59,Female,Bachelor,Employed,Respiratory,1,6,17,Medium,0,5,7,Yes,Asthma/COPD,Moderate,Moderate,6.0,Moderate,Easy,None,0.9,Low,Regular,9.0,1
MED-02440,63,Male,Bachelor,Self-Employed,Psychiatric,2,5,28,Medium,5,7,7,No,Multimorbidity,None,Moderate,8.0,Low,Easy,Full,1.1,High,Occasional,10.0,1
MED-02441,62,Female,None,Employed,Psychiatric,1,4,17,Low,4,4,6,No,Multimorbidity,None,High,6.0,Moderate,Easy,Full,,High,Regular,6.0,1
MED-02442,69,Female,High School,Retired,Antidiabetic,1,2,21,Low,0,1,5,Yes,Diabetes,None,High,9.0,Moderate,Moderate,Full,0.9,High,Rare,5.0,1
MED-02443,55,Female,High School,Employed,Respiratory,2,4,15,Medium,5,4,2,No,Asthma/COPD,None,Moderate,7.0,Low,Easy,Full,6.6,High,Regular,9.0,1
MED-02444,34,Female,Bachelor,Student,Antihypertensive,2,6,24,Medium,1,6,6,Yes,Hypertension,Mild,Moderate,6.0,Moderate,Moderate,Partial,9.0,High,Occasional,9.0,0
MED-02445,58,Female,High School,Employed,Antihypertensive,1,5,25,Medium,1,6,5,Yes,Hypertension,Mild,High,10.0,High,Difficult,Full,6.1,Moderate,Regular,6.0,1
MED-02446,43,Female,Bachelor,Employed,Respiratory,3,4,43,Medium,2,4,7,No,Asthma/COPD,Mild,High,10.0,Low,Moderate,Full,1.6,Moderate,Occasional,3.0,1
MED-02447,45,Male,Master,Employed,Antidiabetic,3,3,7,Medium,0,1,7,Yes,Diabetes,None,High,10.0,Low,Difficult,Full,1.7,Moderate,Regular,5.0,1
MED-02448,61,Male,Bachelor,Self-Employed,Other Chronic,4,4,11,High,0,2,9,Yes,Multimorbidity,Severe,Low,2.0,Low,Difficult,Full,3.2,Moderate,Regular,7.0,1
MED-02449,70,Male,Master,Retired,Antihypertensive,1,7,28,Medium,1,6,4,No,Multimorbidity,None,Moderate,9.0,High,Easy,Partial,12.3,High,Occasional,4.0,0
MED-02450,53,Female,Doctorate,Unemployed,Psychiatric,2,3,12,Medium,7,1,3,No,Depression/Anxiety,None,High,8.0,High,Moderate,Partial,12.3,Low,Regular,8.0,0
MED-02451,57,Female,None,Self-Employed,Antidiabetic,2,5,13,Medium,2,4,5,Yes,Diabetes,Severe,Low,2.0,Moderate,Easy,Partial,4.2,Low,Regular,5.0,0
MED-02452,76,Male,Bachelor,Retired,Respiratory,1,1,69,Low,1,5,5,Yes,Asthma/COPD,Severe,Low,3.0,Moderate,Easy,Partial,1.0,Low,Rare,7.0,0
MED-02453,56,Female,High School,Employed,Respiratory,2,5,41,Medium,2,7,4,Yes,Multimorbidity,Mild,Moderate,6.0,High,Moderate,Full,3.7,Moderate,Regular,9.0,1
MED-02454,88,Female,Master,Self-Employed,Psychiatric,3,6,24,High,0,6,9,Yes,Depression/Anxiety,None,Moderate,7.0,Low,Easy,Partial,2.8,Low,Regular,8.0,1
MED-02455,60,Male,High School,Employed,Antihypertensive,1,3,16,Low,2,7,7,Yes,Multimorbidity,None,High,10.0,Moderate,Easy,Partial,3.4,Moderate,Regular,10.0,1
MED-02456,28,Female,Doctorate,Employed,Psychiatric,4,4,72,High,2,5,10,No,Depression/Anxiety,Mild,Moderate,7.0,Low,Moderate,Full,1.0,Moderate,Rare,10.0,0
MED-02457,63,Male,Bachelor,Self-Employed,Antihypertensive,3,4,9,Medium,0,3,6,Yes,Hypertension,Mild,High,7.0,High,Easy,Full,4.0,Moderate,Occasional,5.0,1
MED-02458,58,Female,Bachelor,Employed,Antihypertensive,3,4,50,Medium,3,3,4,No,Multimorbidity,None,Moderate,,Low,Easy,Full,1.1,Moderate,Occasional,8.0,1
MED-02459,71,Male,High School,Retired,Antidiabetic,3,7,75,High,2,2,5,No,Multimorbidity,Mild,High,8.0,Moderate,Difficult,Full,0.5,High,Regular,7.0,0
MED-02460,62,Female,High School,Employed,Respiratory,1,6,28,Medium,0,6,8,No,Asthma/COPD,None,Moderate,8.0,Low,Easy,Full,3.9,Low,Regular,9.0,1
MED-02461,51,Female,Bachelor,Employed,Antidiabetic,3,6,35,High,1,3,4,Yes,Multimorbidity,Moderate,Low,3.0,High,Moderate,Full,14.0,Moderate,Occasional,8.0,0
MED-02462,35,Male,None,Employed,Respiratory,1,2,36,Low,2,4,7,No,Multimorbidity,Mild,Moderate,3.0,High,Easy,Full,1.8,Moderate,Regular,6.0,1
MED-02463,50,Female,Bachelor,Unemployed,Cardiovascular,3,1,43,Low,4,5,5,No,Heart Disease,Severe,Low,3.0,Low,Difficult,Full,2.3,High,Regular,8.0,0
MED-02464,41,Female,None,Self-Employed,Antihypertensive,1,4,32,Low,6,8,4,Yes,Multimorbidity,Mild,High,10.0,Moderate,Easy,Full,6.5,High,Rare,6.0,1
MED-02465,44,Male,Bachelor,Unemployed,Psychiatric,1,4,35,Low,0,6,9,Yes,Depression/Anxiety,Mild,Moderate,5.0,Low,Easy,Full,7.9,Low,Rare,6.0,1
MED-02466,61,Male,High School,Employed,Antihypertensive,2,4,16,Medium,2,3,5,Yes,Hypertension,None,High,7.0,Low,Easy,Partial,3.6,Moderate,Regular,7.0,1
MED-02467,76,Female,Bachelor,Retired,Psychiatric,1,3,6,Low,3,5,4,No,Depression/Anxiety,Mild,High,10.0,Low,Moderate,Full,2.0,Low,Regular,7.0,1
MED-02468,58,Male,Bachelor,Employed,Antidiabetic,2,6,48,Medium,4,8,6,Yes,Multimorbidity,None,Low,4.0,High,Easy,Partial,9.0,Moderate,Regular,9.0,0
MED-02469,36,Male,High School,Employed,Antidiabetic,2,5,11,Medium,6,6,5,No,Diabetes,Moderate,Moderate,7.0,Low,Moderate,None,1.3,Moderate,Rare,6.0,0
MED-02470,59,Male,High School,Employed,Antidiabetic,3,4,66,Medium,0,1,10,No,Multimorbidity,None,High,8.0,Low,Easy,Partial,2.2,Moderate,Regular,3.0,1
MED-02471,69,Male,None,Retired,Antihypertensive,2,4,25,Medium,0,2,8,Yes,Hypertension,Moderate,High,9.0,High,Difficult,Full,5.2,High,Regular,6.0,1
MED-02472,44,Female,Bachelor,Employed,Antidiabetic,1,2,86,Low,0,2,5,No,Diabetes,None,High,7.0,High,Easy,None,1.0,High,Occasional,7.0,1
MED-02473,51,Male,Bachelor,Employed,Antihypertensive,1,4,34,Low,3,8,5,Yes,Hypertension,None,High,9.0,Low,Easy,Full,4.4,Low,Regular,7.0,1
MED-02474,53,Male,Bachelor,Employed,Antihypertensive,2,8,20,High,5,7,2,No,Hypertension,None,Moderate,8.0,Low,Moderate,Full,7.8,High,Occasional,6.0,0
MED-02475,42,Male,Bachelor,Employed,Antihypertensive,2,6,41,Medium,4,3,6,No,Hypertension,Mild,Low,1.0,Moderate,Moderate,Partial,11.7,Low,Occasional,9.0,0
MED-02476,62,Male,High School,Employed,Antidiabetic,2,5,80,Medium,0,3,5,No,Multimorbidity,Mild,High,9.0,Low,Moderate,Full,2.5,Moderate,Regular,7.0,1
MED-02477,51,Female,High School,Self-Employed,Respiratory,1,3,29,Low,1,5,6,Yes,Asthma/COPD,None,High,8.0,Moderate,Easy,Partial,2.4,Moderate,Occasional,8.0,1
MED-02478,58,Male,None,Retired,Cardiovascular,1,6,28,Medium,6,5,2,No,Multimorbidity,None,Moderate,9.0,Low,Moderate,Partial,5.7,High,Regular,3.0,0
MED-02479,40,Other,High School,Employed,Psychiatric,1,5,27,Medium,2,2,6,No,Depression/Anxiety,None,Moderate,7.0,Low,Easy,Full,2.1,High,Regular,6.0,1
MED-02480,46,Female,Doctorate,Employed,Cardiovascular,1,4,20,Low,4,4,10,No,Heart Disease,None,High,8.0,Low,Difficult,Full,2.6,High,Regular,7.0,1
MED-02481,63,Male,Master,Self-Employed,Cardiovascular,1,5,32,Medium,0,1,6,Yes,Multimorbidity,Moderate,High,10.0,Moderate,Easy,None,4.2,High,Occasional,10.0,1
MED-02482,47,Female,High School,Employed,Cardiovascular,3,3,36,Medium,3,7,5,Yes,Heart Disease,Mild,Moderate,4.0,Low,Easy,Partial,4.4,Moderate,Regular,7.0,1
MED-02483,77,Male,Bachelor,Retired,Antidiabetic,1,3,85,Low,0,1,6,Yes,Multimorbidity,None,Moderate,10.0,High,Moderate,Full,0.8,High,Occasional,5.0,1
MED-02484,47,Female,Master,Employed,Cardiovascular,2,5,20,Medium,0,1,6,Yes,Heart Disease,None,High,10.0,High,Easy,Partial,1.4,Moderate,Occasional,5.0,1
MED-02485,56,Other,High School,Self-Employed,Antihypertensive,2,4,71,Medium,1,5,10,Yes,Multimorbidity,None,Moderate,6.0,Low,Difficult,Full,0.8,Moderate,Occasional,9.0,1
MED-02486,66,Male,None,Retired,Psychiatric,1,7,37,Medium,3,2,6,No,Depression/Anxiety,Mild,High,10.0,Low,Moderate,Partial,1.0,Low,Regular,6.0,1
MED-02487,33,Male,None,Employed,Respiratory,2,5,41,Medium,2,3,4,Yes,Asthma/COPD,Moderate,Moderate,7.0,Low,Moderate,Full,1.4,Low,Occasional,5.0,1
MED-02488,28,Female,Bachelor,Unemployed,Antihypertensive,2,2,18,Low,0,5,6,Yes,Hypertension,Moderate,Moderate,2.0,Low,Easy,Partial,2.8,Moderate,Occasional,9.0,1
MED-02489,31,Male,Master,Employed,Respiratory,2,2,25,Low,7,6,7,No,Asthma/COPD,Moderate,Moderate,6.0,Low,Moderate,None,3.0,Low,Regular,8.0,0
MED-02490,70,Male,Bachelor,Retired,Antihypertensive,3,4,22,Medium,2,4,7,No,Hypertension,None,High,7.0,Low,Easy,None,0.7,Moderate,Regular,6.0,1
MED-02491,45,Male,None,Employed,Antihypertensive,1,7,44,Medium,1,8,8,No,Hypertension,Severe,Low,1.0,Low,Moderate,Full,1.6,High,Occasional,4.0,0
MED-02492,88,Male,High School,Retired,Antihypertensive,3,4,14,Medium,4,4,10,No,Multimorbidity,None,High,8.0,Low,Easy,None,1.1,Low,Regular,8.0,1
MED-02493,45,Female,Bachelor,Employed,Respiratory,2,5,13,Medium,7,7,5,No,Multimorbidity,Moderate,Moderate,6.0,Moderate,Easy,Full,2.9,Moderate,Regular,8.0,0
MED-02494,55,Male,Master,Employed,Respiratory,2,3,5,Medium,2,5,5,Yes,Asthma/COPD,None,High,10.0,Low,Easy,Full,2.0,Moderate,Occasional,,1
MED-02495,74,Male,Bachelor,Retired,Respiratory,3,7,41,High,6,9,2,No,Asthma/COPD,None,Moderate,6.0,Low,Moderate,Full,8.5,Moderate,Occasional,8.0,0
MED-02496,81,Female,Bachelor,Retired,Antihypertensive,3,2,11,Medium,1,7,8,Yes,Hypertension,Mild,High,8.0,Low,Moderate,Partial,3.0,High,Occasional,7.0,1
MED-02497,81,Male,None,Retired,Antidiabetic,2,8,28,High,3,5,4,Yes,Diabetes,None,Moderate,9.0,Low,Moderate,Partial,2.1,High,Regular,5.0,0
MED-02498,69,Male,Bachelor,Retired,Cardiovascular,3,3,10,Medium,3,6,8,No,Heart Disease,None,High,9.0,Moderate,Easy,Partial,2.7,High,Regular,6.0,1
MED-02499,67,Female,Bachelor,Retired,Antihypertensive,2,3,28,Medium,1,4,5,Yes,Hypertension,None,Moderate,6.0,Low,Easy,None,2.0,Moderate,Occasional,7.0,1
MED-02500,61,Male,High School,Employed,Cardiovascular,2,4,27,Medium,2,4,10,No,Multimorbidity,Mild,High,10.0,Low,Easy,Full,9.1,Moderate,Occasional,4.0,1
MED-02501,63,Female,Bachelor,Employed,Antihypertensive,1,4,19,Low,4,2,3,No,Hypertension,Mild,High,10.0,High,Easy,Full,2.6,High,Occasional,8.0,1
MED-02502,45,Female,High School,Employed,Antihypertensive,1,3,36,Low,0,3,8,Yes,Multimorbidity,None,Moderate,7.0,Moderate,Moderate,Partial,4.7,High,Regular,5.0,1
MED-02503,41,Male,None,Employed,Antidiabetic,3,2,18,Medium,4,9,8,Yes,Diabetes,None,Moderate,8.0,Moderate,Easy,Partial,6.0,Moderate,Regular,5.0,1
MED-02504,52,Female,High School,Employed,Cardiovascular,1,1,47,Low,0,2,7,Yes,Heart Disease,Mild,High,7.0,Low,Easy,Full,2.0,Moderate,Regular,8.0,1
MED-02505,50,Male,High School,Self-Employed,Antihypertensive,1,3,54,Low,1,3,4,Yes,Hypertension,Mild,Moderate,6.0,Moderate,Difficult,None,0.9,Moderate,Occasional,6.0,1
MED-02506,46,Male,High School,Employed,Antihypertensive,3,3,56,Medium,0,4,7,Yes,Hypertension,Mild,High,10.0,High,Difficult,Full,2.3,High,Occasional,6.0,1
MED-02507,62,Female,High School,Unemployed,Antihypertensive,1,6,28,Medium,3,4,6,No,Hypertension,Severe,Low,1.0,Low,Moderate,Partial,5.4,Moderate,Regular,7.0,0
MED-02508,66,Female,Bachelor,Employed,Antihypertensive,1,7,40,Medium,5,5,2,No,Hypertension,None,High,8.0,High,Easy,Full,0.9,High,Regular,5.0,0
MED-02509,54,Male,High School,Employed,Antihypertensive,2,6,28,Medium,3,3,9,No,Hypertension,None,High,7.0,Low,Easy,Full,4.0,Moderate,Regular,6.0,1
MED-02510,73,Female,High School,Retired,Antidiabetic,2,7,37,High,4,5,5,No,Diabetes,Mild,High,9.0,Low,Easy,Partial,6.2,High,Regular,7.0,1
MED-02511,37,Female,None,Employed,Cardiovascular,3,2,29,Medium,1,7,9,Yes,Heart Disease,Moderate,High,9.0,Moderate,Moderate,Full,9.4,High,Regular,7.0,1
MED-02512,50,Female,Bachelor,Self-Employed,Antidiabetic,2,4,31,Medium,1,7,6,No,Diabetes,Mild,High,10.0,Low,Easy,None,5.5,Low,Occasional,8.0,1
MED-02513,42,Female,High School,Self-Employed,Respiratory,2,2,68,Low,1,4,8,Yes,Asthma/COPD,Mild,Moderate,6.0,Moderate,Easy,Full,4.1,High,Occasional,8.0,1
MED-02514,26,Male,High School,Student,Cardiovascular,2,1,6,Low,2,6,4,Yes,Heart Disease,Mild,Moderate,6.0,Moderate,Easy,Partial,3.8,High,Regular,9.0,1
MED-02515,51,Male,Master,Employed,Antihypertensive,2,7,32,High,0,2,7,Yes,Hypertension,None,Moderate,5.0,Moderate,Moderate,Partial,1.3,High,Regular,4.0,1
MED-02516,51,Female,Bachelor,Employed,Antihypertensive,2,2,31,Low,1,3,7,No,Hypertension,None,Moderate,7.0,Low,Easy,Full,1.6,Low,Regular,9.0,1
MED-02517,74,Male,Master,Retired,Psychiatric,3,3,18,Medium,1,2,6,Yes,Depression/Anxiety,None,High,10.0,Low,Easy,None,0.9,Moderate,Rare,6.0,1
MED-02518,61,Female,High School,Self-Employed,Antihypertensive,2,1,39,Low,3,4,4,Yes,Hypertension,None,High,8.0,Low,Moderate,Full,3.5,Low,Occasional,8.0,1
MED-02519,38,Male,High School,Employed,Antihypertensive,1,1,27,Low,2,3,1,No,Hypertension,None,Low,4.0,High,Easy,Partial,4.6,Moderate,Regular,7.0,1
MED-02520,78,Male,Bachelor,Retired,Antihypertensive,1,3,19,Low,1,1,4,No,Hypertension,Moderate,Low,4.0,Moderate,Easy,None,3.6,High,Regular,6.0,1
MED-02521,70,Male,High School,Retired,Cardiovascular,2,1,30,Low,0,4,8,Yes,Multimorbidity,None,High,8.0,High,Easy,Full,4.1,High,Occasional,10.0,1
MED-02522,61,Other,High School,Employed,Cardiovascular,1,6,70,Medium,0,1,3,Yes,Heart Disease,None,High,10.0,High,Moderate,Partial,5.9,Moderate,Regular,8.0,1
MED-02523,49,Male,None,Self-Employed,Other Chronic,2,3,103,Medium,2,7,4,No,Multimorbidity,None,Moderate,9.0,Moderate,Moderate,Full,1.2,Low,Occasional,8.0,1
MED-02524,39,Female,Bachelor,Employed,Psychiatric,3,5,24,Medium,2,3,3,Yes,Depression/Anxiety,Mild,Moderate,8.0,High,Difficult,Full,3.5,Low,Regular,10.0,0
MED-02525,47,Male,High School,Employed,Antidiabetic,2,7,22,High,6,7,7,No,Multimorbidity,Mild,Moderate,8.0,Moderate,Easy,Full,4.0,Moderate,Occasional,5.0,0
MED-02526,68,Male,Master,Unemployed,Antidiabetic,1,9,27,High,0,3,4,Yes,Diabetes,Mild,Moderate,6.0,Moderate,Difficult,None,2.3,Moderate,Occasional,7.0,0
MED-02527,79,Male,Master,Retired,Antihypertensive,3,2,8,Medium,1,2,9,No,Hypertension,None,High,7.0,Low,Easy,Full,0.7,Moderate,Regular,8.0,1
MED-02528,74,Female,High School,Employed,Antihypertensive,1,5,25,Medium,1,7,8,No,Hypertension,Mild,High,8.0,Moderate,Moderate,Full,1.5,Moderate,Regular,5.0,1
MED-02529,46,Male,Bachelor,Self-Employed,Antihypertensive,2,3,6,Medium,1,5,7,No,Multimorbidity,Mild,High,9.0,Moderate,Moderate,None,2.3,High,Regular,5.0,0
MED-02530,37,Male,Bachelor,Employed,Antihypertensive,2,6,15,Medium,4,9,7,Yes,Hypertension,Mild,High,8.0,Moderate,Easy,Full,3.7,High,Regular,9.0,1
MED-02531,54,Male,Bachelor,Self-Employed,Antihypertensive,1,4,37,Low,0,3,5,Yes,Hypertension,None,High,10.0,Low,Easy,Partial,3.4,Moderate,Occasional,6.0,1
MED-02532,28,Male,High School,Unemployed,Antihypertensive,3,2,14,Medium,2,4,5,No,Hypertension,None,High,9.0,Moderate,Difficult,Partial,,Moderate,Regular,9.0,1
MED-02533,57,Female,Bachelor,Employed,Antidiabetic,1,6,33,Medium,0,7,8,Yes,Multimorbidity,Moderate,Low,1.0,Low,Moderate,Partial,6.7,High,Regular,6.0,0
MED-02534,50,Female,High School,Employed,Other Chronic,4,6,22,High,6,7,8,No,Multimorbidity,Mild,Moderate,9.0,Moderate,Easy,Full,,High,Regular,10.0,0
MED-02535,46,Male,Master,Employed,Cardiovascular,1,2,18,Low,3,5,8,No,Multimorbidity,Moderate,Moderate,5.0,Moderate,Easy,Partial,3.6,Moderate,Regular,2.0,0
MED-02536,30,Female,High School,Employed,Other Chronic,1,2,49,Low,5,10,5,No,Multimorbidity,None,High,10.0,Moderate,Moderate,None,8.6,High,Occasional,9.0,0
MED-02537,60,Female,High School,Self-Employed,Antidiabetic,1,4,29,Low,2,4,5,No,Diabetes,None,High,8.0,Low,Difficult,Full,8.9,High,Regular,7.0,1
MED-02538,45,Male,Bachelor,Employed,Antidiabetic,1,2,36,Low,0,2,4,No,Diabetes,None,High,7.0,Moderate,Moderate,Full,4.3,Low,Occasional,4.0,1
MED-02539,36,Female,Bachelor,Employed,Antidiabetic,2,2,22,Low,0,2,8,No,Diabetes,None,Moderate,6.0,Low,Moderate,None,12.2,Low,Regular,6.0,1
MED-02540,18,Female,Bachelor,Employed,Antihypertensive,2,6,45,Medium,1,4,2,No,Hypertension,Mild,Moderate,5.0,Low,Difficult,Full,1.7,High,Regular,3.0,0
MED-02541,52,Male,High School,Employed,Antihypertensive,3,3,12,Medium,8,8,2,No,Hypertension,Mild,High,7.0,Low,Moderate,Full,3.2,Moderate,Regular,8.0,0
MED-02542,77,Male,High School,Retired,Psychiatric,1,2,56,Low,1,4,2,No,Depression/Anxiety,None,High,9.0,Moderate,Difficult,Full,35.0,Moderate,Regular,6.0,1
MED-02543,76,Female,Master,Retired,Other Chronic,2,3,4,Medium,2,8,2,No,Multimorbidity,None,Moderate,6.0,Low,Easy,Full,5.7,Moderate,Regular,3.0,0
MED-02544,46,Female,Bachelor,Self-Employed,Antihypertensive,2,5,4,Medium,3,5,9,No,Multimorbidity,None,Moderate,8.0,Low,Moderate,Full,3.0,High,Rare,7.0,0
MED-02545,44,Male,Bachelor,Self-Employed,Antihypertensive,2,2,19,Low,1,7,8,Yes,Hypertension,Moderate,Low,4.0,Moderate,Moderate,Full,3.6,Moderate,Regular,7.0,1
MED-02546,59,Male,None,Employed,Antidiabetic,2,5,22,Medium,0,5,4,No,Multimorbidity,None,Low,6.0,Moderate,Moderate,Full,3.8,Moderate,Regular,10.0,1
MED-02547,39,Male,High School,Employed,Antihypertensive,2,4,22,Medium,3,5,6,Yes,Multimorbidity,None,Moderate,5.0,Low,Easy,Partial,11.6,High,Regular,8.0,1
MED-02548,57,Female,Bachelor,Self-Employed,Antidiabetic,1,5,14,Medium,2,6,9,Yes,Diabetes,Mild,Moderate,9.0,Low,Difficult,Partial,,Moderate,Occasional,2.0,1
MED-02549,63,Female,Master,Employed,Antihypertensive,3,4,73,Medium,1,3,7,Yes,Multimorbidity,Mild,High,7.0,Low,Easy,Full,3.1,High,Regular,6.0,1
MED-02550,70,Other,None,Employed,Antidiabetic,2,3,26,Medium,0,3,10,Yes,Multimorbidity,Moderate,Moderate,2.0,High,Easy,Full,0.9,Moderate,Regular,9.0,1
MED-02551,51,Male,Master,Employed,Antihypertensive,2,5,56,Medium,3,5,6,No,Multimorbidity,None,High,9.0,Moderate,Moderate,None,1.9,Moderate,Regular,4.0,0
MED-02552,50,Female,Bachelor,Employed,Antidiabetic,1,4,7,Low,3,9,5,No,Diabetes,None,High,7.0,High,Easy,None,3.5,High,Regular,5.0,1
MED-02553,40,Female,High School,Student,Antihypertensive,1,4,14,Low,0,1,4,No,Multimorbidity,None,High,10.0,Moderate,Easy,None,3.0,High,Regular,7.0,1
MED-02554,41,Male,High School,Employed,Antidiabetic,1,5,12,Medium,0,1,6,Yes,Diabetes,None,Moderate,7.0,High,Difficult,None,7.6,Moderate,Occasional,6.0,1
MED-02555,49,Male,High School,Employed,Other Chronic,1,5,6,Medium,3,4,8,No,Multimorbidity,None,Moderate,7.0,Low,Easy,Partial,2.8,Moderate,Regular,10.0,1
MED-02556,58,Female,Bachelor,Self-Employed,Antidiabetic,1,2,31,Low,2,7,6,Yes,Diabetes,None,Moderate,7.0,Moderate,Easy,Full,6.2,High,Regular,7.0,1
MED-02557,65,Female,None,Retired,Psychiatric,3,5,19,Medium,2,5,5,Yes,Depression/Anxiety,Moderate,Low,3.0,Moderate,Easy,None,1.1,Moderate,Occasional,7.0,0
MED-02558,41,Female,High School,Employed,Respiratory,2,4,10,Medium,0,2,9,No,Multimorbidity,Moderate,Moderate,9.0,Low,Difficult,Partial,2.2,Moderate,Regular,5.0,1
MED-02559,73,Female,Bachelor,Retired,Other Chronic,2,1,15,Low,0,5,7,Yes,Multimorbidity,Moderate,Low,3.0,Low,Easy,Partial,,Moderate,Regular,5.0,1
MED-02560,49,Male,High School,Employed,Respiratory,1,4,40,Low,0,1,6,Yes,Asthma/COPD,Mild,Moderate,8.0,Low,Easy,Partial,15.6,Moderate,Regular,7.0,1
MED-02561,52,Female,High School,Retired,Cardiovascular,3,4,63,Medium,6,6,5,Yes,Heart Disease,None,High,8.0,Moderate,Moderate,Partial,3.0,High,Rare,7.0,0
MED-02562,42,Female,High School,Employed,Psychiatric,1,9,19,High,2,4,6,No,Depression/Anxiety,None,High,9.0,Low,Easy,Partial,6.2,Low,Occasional,4.0,0
MED-02563,19,Female,Bachelor,Employed,Antihypertensive,3,3,17,Medium,0,4,7,No,Hypertension,Mild,High,,Moderate,Difficult,Full,9.0,High,Occasional,7.0,1
MED-02564,65,Other,Bachelor,Retired,Antidiabetic,4,3,20,Medium,2,5,5,Yes,Diabetes,Mild,High,9.0,High,Difficult,Full,6.8,High,Occasional,7.0,0
MED-02565,63,Female,High School,Employed,Other Chronic,2,2,16,Low,5,5,4,Yes,Multimorbidity,Mild,High,9.0,High,Easy,Full,5.8,Moderate,Regular,6.0,0
MED-02566,49,Male,Bachelor,Self-Employed,Respiratory,4,3,17,Medium,0,3,5,Yes,Asthma/COPD,Mild,High,10.0,High,Moderate,Partial,2.5,High,Occasional,9.0,1
MED-02567,53,Female,Bachelor,Employed,Other Chronic,2,2,67,Low,1,7,6,Yes,Multimorbidity,Moderate,Moderate,7.0,Moderate,Easy,Partial,10.4,Low,Occasional,7.0,1
MED-02568,60,Male,High School,Self-Employed,Respiratory,1,6,42,Medium,2,6,9,No,Asthma/COPD,Mild,High,9.0,Low,Easy,Full,1.2,Moderate,Occasional,6.0,1
MED-02569,31,Male,High School,Self-Employed,Psychiatric,1,2,46,Low,0,1,4,No,Depression/Anxiety,None,High,10.0,Low,Easy,None,1.3,Moderate,Regular,9.0,1
MED-02570,45,Male,High School,Employed,Cardiovascular,1,2,14,Low,1,4,7,No,Heart Disease,None,Moderate,7.0,Low,Moderate,Full,13.5,Moderate,Regular,6.0,1
MED-02571,64,Male,High School,Student,Respiratory,1,1,40,Low,0,2,6,No,Asthma/COPD,None,Low,5.0,Low,Easy,None,4.4,Moderate,Regular,6.0,1
MED-02572,35,Female,Bachelor,Employed,Antidiabetic,2,1,23,Low,1,2,6,No,Multimorbidity,Mild,Moderate,7.0,Low,Moderate,Full,,Moderate,Regular,4.0,1
MED-02573,57,Female,Bachelor,Self-Employed,Psychiatric,1,5,12,Medium,3,6,9,No,Depression/Anxiety,None,Moderate,7.0,Low,Easy,Partial,1.1,Moderate,Regular,7.0,1
MED-02574,34,Female,High School,Employed,Respiratory,3,5,93,Medium,5,4,6,No,Asthma/COPD,None,High,8.0,Moderate,Easy,Full,1.1,Moderate,Regular,9.0,0
MED-02575,59,Female,High School,Unemployed,Respiratory,1,5,35,Medium,2,4,4,No,Asthma/COPD,Severe,Moderate,4.0,Moderate,Moderate,Full,15.3,Low,Occasional,6.0,0
MED-02576,52,Male,High School,Employed,Cardiovascular,2,5,66,Medium,1,3,8,No,Multimorbidity,None,High,10.0,Moderate,Easy,Full,3.1,High,Regular,4.0,1
MED-02577,30,Female,Bachelor,Employed,Antidiabetic,4,5,52,High,3,5,8,Yes,Diabetes,None,Moderate,7.0,Low,Moderate,Partial,2.3,High,Rare,9.0,1
MED-02578,69,Male,High School,Retired,Antihypertensive,1,3,6,Low,3,6,4,No,Hypertension,None,High,10.0,Low,Moderate,Full,11.3,Moderate,Regular,9.0,1
MED-02579,42,Male,Bachelor,Employed,Psychiatric,2,2,14,Low,5,9,4,No,Depression/Anxiety,Moderate,Moderate,3.0,Moderate,Easy,None,4.0,High,Occasional,8.0,0
MED-02580,41,Female,High School,Retired,Cardiovascular,3,3,40,Medium,5,4,7,No,Multimorbidity,Moderate,Low,6.0,Low,Difficult,Partial,2.6,Moderate,Regular,7.0,0
MED-02581,55,Male,Bachelor,Employed,Antihypertensive,1,6,22,Medium,0,1,6,No,Multimorbidity,Mild,High,10.0,Moderate,Moderate,Full,7.4,High,Regular,,1
MED-02582,69,Male,Master,Retired,Antihypertensive,2,2,35,Low,5,3,5,No,Hypertension,Mild,Moderate,7.0,High,Moderate,Partial,5.2,Moderate,Rare,4.0,0
MED-02583,38,Female,High School,Employed,Respiratory,1,3,51,Low,1,6,8,Yes,Asthma/COPD,Severe,Low,2.0,Moderate,Easy,Full,5.2,Moderate,Regular,6.0,1
MED-02584,53,Female,High School,Employed,Respiratory,3,6,6,High,1,3,5,Yes,Asthma/COPD,None,High,10.0,Moderate,Moderate,Partial,2.7,High,Regular,8.0,1
MED-02585,59,Male,Doctorate,Employed,Respiratory,2,7,34,High,1,1,7,No,Asthma/COPD,None,High,7.0,Low,Moderate,Partial,1.7,Low,Regular,7.0,1
MED-02586,62,Female,High School,Self-Employed,Cardiovascular,2,3,19,Medium,1,3,9,No,Heart Disease,None,Moderate,7.0,Moderate,Moderate,Full,1.6,Moderate,Regular,9.0,1
MED-02587,55,Female,Bachelor,Self-Employed,Antidiabetic,3,6,43,High,3,3,5,Yes,Multimorbidity,None,High,9.0,Moderate,Moderate,Partial,3.6,Moderate,Rare,10.0,1
MED-02588,47,Female,High School,Employed,Antidiabetic,1,3,56,Low,2,2,2,No,Diabetes,None,High,6.0,High,Moderate,Full,3.3,Moderate,Regular,4.0,0
MED-02589,41,Male,Bachelor,Employed,Antihypertensive,3,4,26,Medium,3,5,5,Yes,Hypertension,Severe,Low,3.0,Moderate,Difficult,Full,4.8,High,Regular,8.0,0
MED-02590,54,Female,High School,Employed,Respiratory,3,5,24,Medium,1,4,7,Yes,Asthma/COPD,None,High,7.0,Moderate,Easy,Partial,2.4,Moderate,Occasional,6.0,1
MED-02591,37,Female,Master,Unemployed,Antihypertensive,3,4,35,Medium,4,6,8,Yes,Hypertension,Moderate,Moderate,8.0,Moderate,Moderate,Full,8.7,Moderate,Regular,6.0,0
MED-02592,18,Female,Bachelor,Student,Cardiovascular,3,1,42,Low,1,4,5,No,Heart Disease,Mild,High,10.0,Moderate,Moderate,Full,1.2,High,Occasional,,1
MED-02593,59,Female,Bachelor,Student,Antidiabetic,2,2,82,Low,3,6,10,No,Diabetes,None,High,,Moderate,Moderate,Full,4.5,Moderate,Regular,4.0,1
MED-02594,65,Male,Bachelor,Retired,Antidiabetic,4,5,5,High,6,3,3,No,Multimorbidity,Severe,Low,2.0,Low,Easy,Partial,1.7,Low,Regular,6.0,0
MED-02595,19,Male,Bachelor,Student,Psychiatric,1,2,79,Low,0,2,7,No,Depression/Anxiety,Mild,High,8.0,Low,Moderate,Full,2.8,Moderate,Regular,6.0,1
MED-02596,38,Male,High School,Unemployed,Antihypertensive,2,6,53,Medium,6,3,6,No,Hypertension,Mild,High,6.0,Low,Difficult,Partial,1.7,Moderate,Regular,7.0,1
MED-02597,61,Male,Master,Employed,Respiratory,1,4,65,Low,0,1,9,No,Asthma/COPD,None,High,10.0,Moderate,Moderate,Partial,2.5,High,Regular,3.0,1
MED-02598,81,Female,Master,Retired,Antihypertensive,4,6,26,High,5,8,3,No,Hypertension,Mild,Low,2.0,High,Easy,Partial,1.5,Moderate,Occasional,5.0,0
MED-02599,53,Male,High School,Employed,Antihypertensive,2,3,21,Medium,5,5,7,No,Multimorbidity,None,High,7.0,High,Easy,Full,1.6,Moderate,Regular,7.0,0
MED-02600,42,Female,Master,Employed,Antidiabetic,3,6,7,High,3,3,6,No,Multimorbidity,None,High,8.0,Moderate,Easy,Full,6.8,Moderate,Regular,4.0,0
MED-02601,50,Female,Bachelor,Self-Employed,Antihypertensive,1,4,17,Low,1,4,9,Yes,Hypertension,None,High,7.0,Low,Moderate,Partial,1.2,Moderate,Occasional,9.0,1
MED-02602,72,Male,Bachelor,Retired,Respiratory,3,6,40,High,1,1,4,Yes,Asthma/COPD,None,High,7.0,High,Moderate,Full,5.4,High,Rare,8.0,0
MED-02603,43,Male,High School,Self-Employed,Antidiabetic,3,10,17,High,2,8,7,Yes,Diabetes,Moderate,Moderate,6.0,Moderate,Easy,Full,6.3,Moderate,Regular,4.0,0
MED-02604,41,Female,High School,Employed,Antihypertensive,2,3,29,Medium,5,7,4,No,Hypertension,Mild,Moderate,8.0,Low,Easy,Full,5.7,Moderate,Occasional,6.0,0
MED-02605,46,Female,None,Employed,Antihypertensive,1,8,37,High,1,5,7,Yes,Multimorbidity,None,Moderate,8.0,High,Easy,Full,3.3,High,Occasional,8.0,1
MED-02606,39,Male,High School,Employed,Cardiovascular,2,5,44,Medium,3,5,5,Yes,Multimorbidity,Moderate,Moderate,6.0,Moderate,Moderate,Full,1.5,High,Regular,4.0,0
MED-02607,54,Male,Bachelor,Employed,Respiratory,1,3,90,Low,0,2,5,Yes,Asthma/COPD,None,High,10.0,High,Easy,None,1.0,High,Regular,4.0,1
MED-02608,75,Female,High School,Retired,Antidiabetic,2,7,29,High,0,2,2,Yes,Diabetes,None,High,9.0,Low,Easy,Full,1.4,High,Rare,5.0,1
MED-02609,57,Female,High School,Employed,Cardiovascular,1,4,42,Low,0,1,7,Yes,Multimorbidity,None,Moderate,6.0,High,Easy,Partial,1.4,High,Regular,10.0,1
MED-02610,49,Male,Doctorate,Employed,Respiratory,1,5,22,Medium,2,4,4,No,Asthma/COPD,Moderate,Moderate,5.0,Moderate,Moderate,Full,4.1,Moderate,Regular,9.0,1
MED-02611,48,Female,High School,Employed,Cardiovascular,1,7,12,Medium,5,7,4,No,Heart Disease,Mild,High,10.0,Low,Easy,Partial,1.1,Moderate,Occasional,6.0,0
MED-02612,31,Male,High School,Employed,Antihypertensive,1,6,18,Medium,5,4,3,No,Hypertension,None,Moderate,5.0,Moderate,Moderate,Partial,2.8,High,Regular,4.0,0
MED-02613,65,Male,High School,Retired,Cardiovascular,1,4,25,Low,1,5,4,No,Heart Disease,None,High,9.0,Moderate,Easy,Full,3.4,Low,Regular,5.0,1
MED-02614,51,Male,None,Employed,Cardiovascular,3,3,37,Medium,3,7,7,No,Heart Disease,None,High,8.0,Low,Easy,Partial,2.6,Moderate,Regular,10.0,1
MED-02615,50,Male,Bachelor,Self-Employed,Respiratory,2,6,80,Medium,0,1,7,Yes,Asthma/COPD,Moderate,High,7.0,Moderate,Moderate,Full,2.7,Moderate,Occasional,10.0,1
MED-02616,88,Male,Bachelor,Retired,Cardiovascular,1,6,27,Medium,2,9,8,No,Heart Disease,Moderate,Moderate,5.0,Low,Easy,Partial,8.6,High,Regular,5.0,0
MED-02617,57,Female,Bachelor,Retired,Other Chronic,2,3,20,Medium,4,7,4,Yes,Multimorbidity,Mild,Moderate,8.0,Moderate,Easy,Partial,4.8,High,Regular,7.0,1
MED-02618,42,Male,High School,Employed,Antihypertensive,2,5,19,Medium,2,6,7,No,Hypertension,None,High,8.0,Moderate,Moderate,Full,5.6,Moderate,Rare,6.0,1
MED-02619,47,Male,Bachelor,Unemployed,Other Chronic,3,1,33,Low,4,7,5,Yes,Multimorbidity,Mild,High,,Moderate,Easy,Full,2.5,High,Occasional,9.0,1
MED-02620,69,Male,High School,Retired,Antidiabetic,1,7,33,Medium,10,7,8,No,Multimorbidity,Severe,Low,2.0,Low,Easy,Partial,6.0,High,Regular,5.0,0
MED-02621,54,Female,High School,Self-Employed,Cardiovascular,1,3,31,Low,2,5,7,No,Heart Disease,Moderate,Moderate,8.0,Low,Difficult,Partial,,High,Occasional,9.0,1
MED-02622,32,Male,None,Employed,Antihypertensive,4,1,25,Medium,4,8,5,No,Multimorbidity,Severe,Moderate,7.0,Moderate,Moderate,Full,3.9,Moderate,Regular,4.0,0
MED-02623,65,Male,High School,Retired,Antidiabetic,1,4,45,Low,0,4,8,Yes,Diabetes,Mild,Moderate,8.0,Low,Easy,Full,2.5,High,Regular,9.0,1
MED-02624,43,Female,High School,Employed,Respiratory,1,1,6,Low,1,6,7,No,Asthma/COPD,None,High,8.0,Moderate,Easy,Partial,4.0,High,Occasional,5.0,1
MED-02625,79,Other,High School,Unemployed,Cardiovascular,1,5,40,Medium,8,7,3,No,Multimorbidity,Moderate,Moderate,7.0,Moderate,Difficult,Full,16.1,Moderate,Regular,6.0,0
MED-02626,68,Male,Doctorate,Retired,Antihypertensive,1,1,21,Low,0,1,3,Yes,Multimorbidity,Moderate,Moderate,5.0,High,Easy,Full,5.2,High,Rare,6.0,1
MED-02627,46,Female,High School,Employed,Antidiabetic,4,3,36,Medium,3,5,3,No,Multimorbidity,None,Moderate,7.0,Low,Difficult,Full,12.0,High,Regular,10.0,1
MED-02628,70,Female,High School,Retired,Antihypertensive,1,5,39,Medium,1,6,10,No,Multimorbidity,Mild,Moderate,4.0,Moderate,Moderate,Full,0.8,High,Occasional,9.0,1
MED-02629,53,Female,High School,Employed,Other Chronic,3,2,19,Medium,2,1,4,No,Multimorbidity,Moderate,High,,Low,Easy,Partial,3.5,Low,Rare,6.0,0
MED-02630,64,Male,Bachelor,Employed,Psychiatric,4,3,98,Medium,3,5,10,Yes,Depression/Anxiety,Moderate,Low,3.0,Moderate,Difficult,Partial,6.1,High,Regular,5.0,0
MED-02631,59,Female,None,Self-Employed,Antihypertensive,2,3,14,Medium,1,3,4,Yes,Hypertension,Mild,Low,5.0,Low,Easy,Partial,,Moderate,Regular,9.0,1
MED-02632,41,Male,Master,Employed,Psychiatric,1,4,61,Low,1,5,4,Yes,Depression/Anxiety,Mild,High,9.0,Moderate,Easy,Partial,4.9,Moderate,Occasional,1.0,1
MED-02633,43,Female,Master,Self-Employed,Psychiatric,1,2,25,Low,2,4,8,No,Multimorbidity,Mild,High,10.0,High,Easy,Partial,2.5,Low,Regular,8.0,1
MED-02634,67,Female,High School,Retired,Antidiabetic,2,3,49,Medium,0,2,8,No,Multimorbidity,Mild,High,8.0,Low,Moderate,Full,8.2,Low,Regular,5.0,1
MED-02635,48,Male,High School,Employed,Cardiovascular,2,1,8,Low,4,7,7,No,Multimorbidity,None,High,10.0,High,Easy,Full,1.0,High,Regular,10.0,1
MED-02636,47,Female,None,Self-Employed,Antidiabetic,2,3,38,Medium,2,4,8,No,Diabetes,None,Moderate,8.0,Moderate,Easy,Full,3.0,High,Regular,10.0,1
MED-02637,39,Male,Bachelor,Self-Employed,Cardiovascular,2,4,27,Medium,4,5,5,No,Heart Disease,Mild,Low,6.0,High,Moderate,Partial,3.6,Moderate,Occasional,7.0,0
MED-02638,58,Female,High School,Student,Antidiabetic,4,4,40,High,6,7,8,No,Multimorbidity,None,Low,6.0,High,Easy,Partial,2.2,High,Regular,6.0,0
MED-02639,81,Male,High School,Retired,Antidiabetic,2,9,40,High,0,2,7,Yes,Diabetes,Mild,High,7.0,Low,Easy,Full,3.4,Low,Regular,7.0,1
MED-02640,38,Male,High School,Employed,Antidiabetic,2,5,47,Medium,1,5,5,Yes,Diabetes,None,High,10.0,Moderate,Easy,Full,0.8,Moderate,Regular,6.0,1
MED-02641,53,Male,Bachelor,Employed,Antihypertensive,3,5,60,Medium,2,3,6,No,Multimorbidity,Mild,Moderate,5.0,Low,Moderate,None,,Low,Regular,5.0,0
MED-02642,72,Female,High School,Retired,Respiratory,1,2,70,Low,1,4,8,No,Asthma/COPD,Mild,Moderate,9.0,Low,Difficult,Full,8.6,Moderate,Occasional,7.0,1
MED-02643,51,Male,High School,Employed,Antidiabetic,1,5,9,Medium,1,9,7,No,Diabetes,Moderate,Moderate,5.0,Moderate,Moderate,Full,4.0,High,Regular,8.0,1
MED-02644,59,Male,Bachelor,Self-Employed,Antidiabetic,1,4,7,Low,7,6,2,Yes,Multimorbidity,Mild,Moderate,6.0,Low,Easy,Partial,2.5,Moderate,Regular,7.0,1
MED-02645,38,Male,Bachelor,Self-Employed,Psychiatric,1,4,20,Low,0,5,8,Yes,Depression/Anxiety,Mild,High,9.0,Moderate,Easy,Partial,6.9,High,Occasional,7.0,1
MED-02646,58,Female,Master,Employed,Antidiabetic,2,5,32,Medium,2,6,8,No,Diabetes,None,Moderate,8.0,Moderate,Easy,Full,9.4,Moderate,Occasional,6.0,0
MED-02647,50,Female,High School,Employed,Antidiabetic,1,2,21,Low,1,5,5,No,Diabetes,None,Moderate,8.0,Moderate,Difficult,Partial,12.9,Low,Occasional,,1
MED-02648,66,Male,Bachelor,Retired,Other Chronic,2,6,50,Medium,0,1,6,Yes,Multimorbidity,None,High,10.0,Moderate,Moderate,Full,0.8,Moderate,Occasional,5.0,1
MED-02649,69,Male,Bachelor,Retired,Psychiatric,4,3,66,Medium,3,10,6,Yes,Depression/Anxiety,Moderate,Low,4.0,High,Easy,Partial,9.4,High,Rare,8.0,0
MED-02650,88,Male,High School,Retired,Antihypertensive,1,6,45,Medium,0,1,2,No,Multimorbidity,Mild,High,9.0,High,Easy,Partial,1.4,Moderate,Occasional,7.0,1
MED-02651,61,Male,Bachelor,Employed,Antidiabetic,2,3,10,Medium,5,8,5,Yes,Diabetes,None,Moderate,4.0,Moderate,Easy,None,4.2,High,Regular,7.0,0
MED-02652,57,Male,High School,Employed,Other Chronic,1,1,61,Low,3,6,5,Yes,Multimorbidity,Mild,High,10.0,Low,Moderate,Full,5.3,High,Regular,7.0,1
MED-02653,55,Female,Master,Self-Employed,Antidiabetic,1,8,19,High,1,5,6,Yes,Multimorbidity,None,Low,4.0,Moderate,Difficult,Partial,11.1,Moderate,Regular,7.0,0
MED-02654,48,Male,High School,Employed,Antidiabetic,2,1,5,Low,0,4,5,No,Diabetes,None,Moderate,6.0,Low,Easy,Partial,4.7,High,Regular,7.0,1
MED-02655,57,Male,Bachelor,Employed,Antihypertensive,4,2,12,Medium,5,10,8,No,Hypertension,None,Moderate,10.0,Low,Moderate,Partial,4.1,High,Regular,9.0,1
MED-02656,48,Male,High School,Employed,Antihypertensive,1,6,49,Medium,4,6,5,No,Multimorbidity,None,High,5.0,Moderate,Easy,Partial,1.8,High,Occasional,8.0,0
MED-02657,55,Female,Master,Self-Employed,Respiratory,1,3,41,Low,0,5,8,No,Asthma/COPD,None,High,9.0,Low,Easy,Full,0.9,Low,Occasional,6.0,1
MED-02658,71,Female,High School,Retired,Respiratory,1,7,28,Medium,4,3,7,No,Asthma/COPD,Severe,Low,1.0,Moderate,Easy,Full,1.7,High,Occasional,6.0,0
MED-02659,38,Female,Master,Employed,Other Chronic,1,6,22,Medium,0,3,9,Yes,Multimorbidity,Mild,Low,5.0,High,Easy,Partial,9.5,Moderate,Regular,9.0,1
MED-02660,68,Male,Master,Unemployed,Respiratory,1,4,11,Low,0,5,10,No,Asthma/COPD,Mild,High,8.0,High,Easy,None,3.4,High,Regular,7.0,1
MED-02661,71,Male,High School,Retired,Antihypertensive,2,3,20,Medium,0,2,10,No,Hypertension,Mild,High,4.0,High,Easy,Full,11.5,Moderate,Regular,6.0,1
MED-02662,51,Male,Bachelor,Employed,Antihypertensive,1,2,9,Low,6,6,4,Yes,Multimorbidity,None,High,10.0,Low,Difficult,Full,1.9,High,Occasional,4.0,1
MED-02663,23,Male,Doctorate,Student,Other Chronic,2,4,41,Medium,3,3,7,No,Multimorbidity,Severe,Moderate,3.0,Low,Easy,Partial,6.0,Moderate,Occasional,10.0,0
MED-02664,44,Female,High School,Employed,Antidiabetic,2,4,48,Medium,2,7,5,Yes,Diabetes,Severe,Moderate,6.0,Low,Easy,Full,3.8,Moderate,Rare,5.0,0
MED-02665,71,Female,High School,Retired,Antidiabetic,2,5,42,Medium,2,7,10,No,Diabetes,Mild,Moderate,6.0,Moderate,Easy,Full,8.8,High,Regular,7.0,1
MED-02666,52,Female,Bachelor,Unemployed,Psychiatric,1,2,51,Low,0,4,7,No,Depression/Anxiety,None,Low,4.0,Low,Difficult,Full,2.8,Low,Occasional,10.0,1
MED-02667,39,Female,High School,Employed,Cardiovascular,4,9,31,High,3,6,9,No,Heart Disease,Moderate,High,4.0,High,Easy,Partial,3.0,Low,Regular,6.0,0
MED-02668,45,Male,None,Self-Employed,Antihypertensive,1,3,50,Low,2,6,7,No,Hypertension,None,High,9.0,Low,Easy,Partial,8.3,High,Regular,7.0,1
MED-02669,64,Female,High School,Employed,Psychiatric,3,2,3,Medium,1,1,1,No,Depression/Anxiety,Mild,High,8.0,Low,Difficult,Full,0.7,High,Occasional,9.0,1
MED-02670,60,Male,High School,Employed,Other Chronic,1,6,26,Medium,9,8,5,No,Multimorbidity,None,High,8.0,High,Moderate,None,3.0,Moderate,Rare,4.0,0
MED-02671,49,Male,High School,Self-Employed,Antihypertensive,2,3,41,Medium,3,4,5,No,Hypertension,None,High,9.0,High,Easy,Partial,1.0,Moderate,Occasional,3.0,1
MED-02672,47,Female,High School,Employed,Psychiatric,1,3,18,Low,2,6,5,Yes,Multimorbidity,Moderate,Moderate,4.0,Moderate,Easy,None,3.2,High,Regular,6.0,1
MED-02673,47,Male,Master,Unemployed,Antidiabetic,1,6,25,Medium,1,6,7,Yes,Diabetes,Severe,Low,3.0,Moderate,Easy,Full,2.4,Moderate,Regular,7.0,0
MED-02674,40,Male,Bachelor,Employed,Antidiabetic,1,1,25,Low,0,1,7,Yes,Diabetes,Moderate,Low,3.0,Moderate,Moderate,Full,5.2,High,Occasional,7.0,1
MED-02675,75,Male,High School,Retired,Psychiatric,1,5,29,Medium,3,3,1,Yes,Depression/Anxiety,None,High,10.0,Low,Moderate,Full,4.7,High,Rare,10.0,1
MED-02676,48,Female,Bachelor,Unemployed,Other Chronic,3,1,15,Low,2,6,6,Yes,Multimorbidity,None,Moderate,6.0,Low,Easy,Full,2.7,Moderate,Occasional,5.0,1
MED-02677,70,Female,Bachelor,Retired,Antihypertensive,2,9,25,High,2,5,5,No,Hypertension,Severe,Low,2.0,Moderate,Difficult,None,1.6,Moderate,Regular,7.0,0
MED-02678,74,Male,Master,Retired,Antihypertensive,1,4,48,Low,1,6,9,No,Hypertension,None,High,7.0,Moderate,Easy,Partial,3.5,Low,Occasional,10.0,1
MED-02679,66,Female,None,Retired,Antihypertensive,2,6,11,Medium,2,5,7,No,Multimorbidity,Mild,High,6.0,Moderate,Easy,Partial,8.8,High,Occasional,6.0,1
MED-02680,46,Male,High School,Employed,Cardiovascular,3,3,15,Medium,3,7,6,Yes,Heart Disease,Mild,Low,6.0,Low,Easy,Full,,High,Rare,10.0,1
MED-02681,58,Male,Master,Employed,Antihypertensive,2,5,27,Medium,4,5,7,No,Hypertension,None,High,10.0,Low,Easy,Full,1.1,High,Rare,6.0,1
MED-02682,52,Female,Master,Employed,Antidiabetic,1,3,41,Low,6,8,3,No,Diabetes,Moderate,Moderate,5.0,Moderate,Easy,Full,0.8,Moderate,Occasional,5.0,0
MED-02683,40,Female,Bachelor,Employed,Antihypertensive,3,4,11,Medium,0,2,8,Yes,Multimorbidity,None,High,9.0,Moderate,Difficult,Partial,1.1,Low,Regular,7.0,1
MED-02684,57,Other,Bachelor,Employed,Antidiabetic,1,5,18,Medium,2,4,5,No,Diabetes,Mild,High,10.0,Moderate,Easy,Full,3.3,High,Regular,,1
MED-02685,36,Male,High School,Employed,Antihypertensive,2,5,69,Medium,0,3,5,Yes,Hypertension,None,High,9.0,High,Easy,None,1.2,Moderate,Regular,6.0,1
MED-02686,69,Female,Bachelor,Retired,Respiratory,2,7,29,High,1,5,9,No,Asthma/COPD,None,High,10.0,High,Easy,Full,2.5,High,Regular,8.0,1
MED-02687,46,Female,High School,Retired,Antihypertensive,3,1,39,Low,0,4,7,Yes,Hypertension,None,High,9.0,Low,Easy,Full,4.7,Low,Regular,7.0,1
MED-02688,55,Female,High School,Employed,Antidiabetic,4,5,51,High,2,4,5,No,Multimorbidity,Mild,High,8.0,Moderate,Moderate,None,0.7,High,Occasional,9.0,0
MED-02689,56,Male,Bachelor,Self-Employed,Psychiatric,3,2,29,Medium,3,3,5,No,Multimorbidity,Severe,Low,3.0,Moderate,Easy,Partial,7.0,Moderate,Occasional,8.0,0
MED-02690,49,Female,High School,Employed,Respiratory,1,3,11,Low,0,3,7,No,Asthma/COPD,Moderate,Moderate,9.0,High,Easy,Partial,9.7,High,Regular,7.0,1
MED-02691,61,Female,High School,Employed,Antihypertensive,3,2,24,Medium,3,4,7,No,Multimorbidity,Mild,High,,High,Difficult,Partial,13.4,Moderate,Regular,6.0,1
MED-02692,46,Male,Master,Student,Antihypertensive,1,5,41,Medium,1,1,6,No,Multimorbidity,Mild,High,10.0,Low,Easy,None,10.0,Moderate,Rare,8.0,1
MED-02693,65,Male,High School,Retired,Cardiovascular,1,3,43,Low,1,1,4,Yes,Multimorbidity,Moderate,Moderate,6.0,Low,Easy,Partial,20.3,Moderate,Regular,,1
MED-02694,34,Male,Doctorate,Employed,Antidiabetic,2,3,19,Medium,2,5,4,Yes,Diabetes,None,Moderate,6.0,Moderate,Moderate,None,3.9,High,Occasional,6.0,1
MED-02695,54,Female,Doctorate,Employed,Respiratory,2,3,17,Medium,0,1,5,Yes,Asthma/COPD,Mild,High,10.0,Low,Easy,Full,6.1,High,Regular,5.0,1
MED-02696,80,Female,Bachelor,Retired,Antidiabetic,2,10,17,High,0,4,6,Yes,Multimorbidity,Moderate,Moderate,7.0,Low,Easy,Partial,,Moderate,Regular,8.0,1
MED-02697,38,Female,High School,Employed,Antidiabetic,2,4,44,Medium,1,4,6,No,Multimorbidity,Mild,High,10.0,Low,Easy,Partial,5.5,Moderate,Regular,6.0,1
MED-02698,43,Female,High School,Self-Employed,Antidiabetic,4,4,20,High,4,6,6,No,Diabetes,None,High,10.0,High,Moderate,Partial,,Moderate,Regular,6.0,0
MED-02699,60,Female,High School,Employed,Respiratory,1,4,6,Low,0,3,6,Yes,Asthma/COPD,Mild,High,10.0,Low,Easy,Partial,1.0,Low,Occasional,8.0,1
MED-02700,55,Male,High School,Self-Employed,Psychiatric,1,7,22,Medium,6,8,10,No,Depression/Anxiety,None,Low,5.0,Moderate,Moderate,None,1.1,High,Regular,9.0,0
MED-02701,57,Male,High School,Unemployed,Antihypertensive,3,3,40,Medium,1,6,8,Yes,Hypertension,Moderate,Low,3.0,High,Moderate,Full,12.9,Moderate,Regular,8.0,0
MED-02702,59,Female,Doctorate,Employed,Antidiabetic,1,3,49,Low,0,1,9,Yes,Diabetes,Moderate,High,6.0,High,Moderate,Partial,3.7,High,Occasional,9.0,1
MED-02703,61,Male,High School,Employed,Antihypertensive,2,5,18,Medium,4,4,7,No,Multimorbidity,Moderate,Low,6.0,Moderate,Difficult,Partial,9.6,Moderate,Regular,8.0,0
MED-02704,68,Male,Bachelor,Retired,Antidiabetic,2,2,27,Low,6,8,6,Yes,Diabetes,None,High,9.0,Moderate,Moderate,Full,2.2,Moderate,Rare,7.0,1
MED-02705,58,Female,None,Self-Employed,Psychiatric,2,4,26,Medium,0,3,7,Yes,Depression/Anxiety,Severe,Low,1.0,Low,Easy,Full,1.7,High,Regular,8.0,1
MED-02706,49,Male,Bachelor,Employed,Antidiabetic,2,5,24,Medium,2,4,7,No,Diabetes,Mild,High,7.0,High,Moderate,Partial,3.1,High,Regular,10.0,1
MED-02707,62,Male,Master,Employed,Psychiatric,1,2,24,Low,4,8,8,No,Depression/Anxiety,Moderate,Moderate,5.0,Low,Moderate,None,,Low,Regular,6.0,0
MED-02708,79,Male,High School,Retired,Cardiovascular,3,4,6,Medium,2,3,4,No,Multimorbidity,Mild,High,10.0,Low,Easy,Partial,9.4,High,Occasional,5.0,0
MED-02709,51,Male,High School,Employed,Psychiatric,1,3,37,Low,1,7,8,Yes,Depression/Anxiety,None,Moderate,8.0,Low,Moderate,Full,3.8,High,Regular,2.0,1
MED-02710,39,Female,Bachelor,Employed,Respiratory,2,1,50,Low,0,2,7,Yes,Asthma/COPD,None,Low,2.0,Low,Easy,Partial,5.4,Low,Regular,,1
MED-02711,68,Female,Bachelor,Retired,Antihypertensive,1,5,24,Medium,0,1,2,No,Hypertension,None,High,7.0,Moderate,Moderate,None,3.0,Moderate,Occasional,10.0,1
MED-02712,51,Female,Bachelor,Employed,Antihypertensive,2,3,13,Medium,5,7,6,No,Hypertension,Mild,Low,5.0,Low,Moderate,Full,9.9,Moderate,Rare,5.0,0
MED-02713,22,Male,High School,Student,Antidiabetic,2,2,35,Low,6,5,3,No,Diabetes,None,High,7.0,Low,Difficult,Partial,10.0,High,Rare,9.0,0
MED-02714,64,Female,High School,Employed,Antihypertensive,4,6,80,High,2,6,5,No,Hypertension,Mild,High,8.0,Low,Moderate,Partial,1.8,High,Occasional,9.0,0
MED-02715,45,Female,Master,Employed,Antidiabetic,2,3,34,Medium,3,2,6,No,Multimorbidity,Mild,High,10.0,High,Difficult,Partial,4.4,High,Regular,8.0,1
MED-02716,51,Female,Master,Employed,Antidiabetic,2,4,30,Medium,4,2,3,No,Multimorbidity,None,Moderate,9.0,Moderate,Easy,Full,1.6,High,Occasional,8.0,1
MED-02717,57,Male,High School,Unemployed,Other Chronic,4,4,14,High,2,7,6,Yes,Multimorbidity,None,High,6.0,Low,Moderate,None,6.1,High,Rare,5.0,0
MED-02718,55,Female,Master,Self-Employed,Antidiabetic,2,4,7,Medium,4,5,6,No,Multimorbidity,None,High,7.0,Low,Difficult,Full,2.5,High,Regular,7.0,1
MED-02719,62,Female,High School,Unemployed,Respiratory,2,3,25,Medium,0,4,8,No,Asthma/COPD,Moderate,Low,4.0,Low,Moderate,Full,1.8,Moderate,Regular,7.0,0
MED-02720,46,Female,High School,Employed,Psychiatric,2,5,34,Medium,1,5,5,Yes,Depression/Anxiety,None,High,10.0,Low,Moderate,Full,0.7,Moderate,Regular,7.0,1
MED-02721,60,Female,High School,Employed,Psychiatric,2,3,61,Medium,3,8,7,No,Depression/Anxiety,None,Moderate,6.0,High,Difficult,Partial,7.5,High,Regular,7.0,0
MED-02722,49,Male,High School,Employed,Antihypertensive,3,4,30,Medium,0,6,6,Yes,Multimorbidity,Mild,Moderate,8.0,Low,Easy,Partial,3.8,High,Regular,9.0,1
MED-02723,63,Female,Bachelor,Employed,Antidiabetic,1,2,8,Low,5,3,5,No,Diabetes,Mild,Moderate,6.0,Moderate,Easy,Full,4.0,Low,Regular,9.0,1
MED-02724,61,Male,None,Retired,Antidiabetic,2,2,14,Low,0,1,3,Yes,Diabetes,None,Moderate,10.0,Low,Difficult,Full,6.2,High,Occasional,9.0,1
MED-02725,39,Female,High School,Employed,Antidiabetic,2,4,31,Medium,4,6,6,No,Multimorbidity,None,High,10.0,Low,Moderate,Full,1.9,Low,Occasional,9.0,1
MED-02726,68,Male,Bachelor,Retired,Antidiabetic,3,2,31,Medium,0,2,8,Yes,Diabetes,Mild,High,9.0,High,Easy,Partial,1.7,Moderate,Rare,7.0,1
MED-02727,45,Male,Bachelor,Employed,Respiratory,3,2,43,Medium,1,2,4,No,Multimorbidity,None,Moderate,5.0,Moderate,Easy,None,5.0,Moderate,Regular,9.0,0
MED-02728,64,Male,Bachelor,Unemployed,Antidiabetic,2,6,16,Medium,1,7,6,Yes,Diabetes,None,Moderate,5.0,Moderate,Moderate,Full,7.9,Moderate,Occasional,4.0,0
MED-02729,58,Female,Master,Self-Employed,Antidiabetic,2,5,62,Medium,3,6,6,No,Diabetes,None,High,5.0,Low,Moderate,Partial,4.9,Moderate,Occasional,7.0,0
MED-02730,78,Male,None,Unemployed,Other Chronic,1,5,36,Medium,0,5,9,Yes,Multimorbidity,None,High,9.0,Moderate,Easy,Full,11.0,Moderate,Regular,8.0,1
MED-02731,49,Female,Bachelor,Self-Employed,Antihypertensive,2,4,15,Medium,2,2,6,No,Hypertension,None,Low,5.0,High,Easy,Partial,5.1,Moderate,Rare,8.0,0
MED-02732,48,Female,Bachelor,Employed,Antidiabetic,3,1,23,Low,2,8,7,Yes,Multimorbidity,Mild,Low,6.0,High,Moderate,Partial,4.9,Moderate,Regular,8.0,1
MED-02733,52,Male,Bachelor,Employed,Respiratory,4,5,11,High,7,7,6,No,Multimorbidity,Mild,High,8.0,Low,Difficult,Partial,6.2,Moderate,Rare,9.0,0
MED-02734,48,Male,High School,Self-Employed,Antihypertensive,3,4,43,Medium,2,4,5,No,Hypertension,Moderate,Moderate,8.0,High,Moderate,Full,2.8,Moderate,Rare,10.0,0
MED-02735,64,Male,High School,Self-Employed,Cardiovascular,1,3,54,Low,0,3,4,No,Multimorbidity,Severe,Low,5.0,Moderate,Moderate,Partial,1.3,Moderate,Regular,5.0,1
MED-02736,30,Female,Master,Employed,Antihypertensive,3,3,74,Medium,2,5,6,Yes,Hypertension,Moderate,Low,3.0,High,Easy,Partial,3.4,High,Regular,7.0,0
MED-02737,38,Female,High School,Employed,Psychiatric,4,3,26,Medium,2,3,7,No,Depression/Anxiety,None,High,10.0,Low,Easy,None,5.7,Moderate,Regular,5.0,1
MED-02738,38,Male,Master,Unemployed,Antidiabetic,1,5,32,Medium,4,9,6,No,Diabetes,None,High,9.0,Low,Easy,Full,1.7,Moderate,Regular,9.0,1
MED-02739,66,Male,Bachelor,Retired,Antidiabetic,2,6,30,Medium,1,4,9,No,Diabetes,Mild,High,8.0,Moderate,Easy,Full,1.2,High,Rare,8.0,1
MED-02740,76,Female,Bachelor,Unemployed,Cardiovascular,3,8,52,High,0,2,8,Yes,Heart Disease,Moderate,Low,5.0,Moderate,Easy,Partial,1.9,Moderate,Occasional,5.0,1
MED-02741,51,Female,Bachelor,Self-Employed,Antihypertensive,2,3,17,Medium,1,8,9,Yes,Multimorbidity,Mild,High,7.0,Moderate,Easy,Partial,9.0,Moderate,Regular,7.0,1
MED-02742,50,Female,Bachelor,Employed,Antihypertensive,4,2,23,Medium,3,3,2,No,Hypertension,None,Moderate,5.0,Low,Easy,None,4.8,High,Rare,4.0,0
MED-02743,53,Female,High School,Employed,Antidiabetic,2,7,33,High,0,6,10,Yes,Diabetes,Mild,High,8.0,Low,Difficult,Full,3.0,High,Regular,9.0,1
MED-02744,69,Male,Bachelor,Retired,Antidiabetic,2,9,50,High,0,6,7,No,Diabetes,None,High,8.0,Low,Easy,Partial,1.6,High,Occasional,6.0,1
MED-02745,40,Male,Bachelor,Employed,Antidiabetic,3,1,58,Low,2,4,7,No,Diabetes,Moderate,High,5.0,Low,Easy,Partial,4.1,Low,Occasional,5.0,0
MED-02746,56,Male,High School,Self-Employed,Cardiovascular,2,2,47,Low,0,2,8,Yes,Heart Disease,Mild,High,10.0,Low,Moderate,Full,3.8,High,Regular,6.0,1
MED-02747,66,Male,High School,Retired,Cardiovascular,3,4,24,Medium,0,4,6,No,Heart Disease,Mild,High,8.0,High,Easy,Full,4.7,Moderate,Occasional,8.0,1
MED-02748,60,Male,High School,Self-Employed,Cardiovascular,2,6,39,Medium,1,2,4,No,Heart Disease,None,High,7.0,Low,Moderate,Partial,21.7,High,Rare,7.0,1
MED-02749,55,Male,Master,Employed,Antidiabetic,2,1,28,Low,0,4,9,Yes,Multimorbidity,Mild,Moderate,8.0,Low,Easy,Full,4.8,High,Regular,6.0,1
MED-02750,67,Male,High School,Retired,Antihypertensive,1,9,20,High,2,6,5,Yes,Hypertension,Mild,High,8.0,Moderate,Moderate,Partial,2.0,Moderate,Regular,7.0,1
MED-02751,18,Female,Bachelor,Student,Respiratory,1,2,30,Low,8,8,4,No,Multimorbidity,Mild,Moderate,9.0,Moderate,Moderate,Partial,1.2,Low,Regular,6.0,0
MED-02752,62,Female,High School,Unemployed,Psychiatric,2,5,110,Medium,0,2,6,Yes,Depression/Anxiety,Moderate,Moderate,7.0,Moderate,Moderate,Full,2.2,Moderate,Rare,5.0,1
MED-02753,43,Female,High School,Employed,Antihypertensive,3,4,16,Medium,1,4,5,No,Hypertension,Mild,Moderate,7.0,Moderate,Easy,Partial,2.4,Low,Rare,3.0,0
MED-02754,27,Female,Bachelor,Employed,Antidiabetic,1,6,18,Medium,2,3,6,No,Multimorbidity,Mild,Moderate,9.0,Low,Moderate,Full,6.2,Low,Regular,7.0,1
MED-02755,60,Male,None,Self-Employed,Antidiabetic,1,5,26,Medium,3,5,6,No,Diabetes,Moderate,Moderate,7.0,Moderate,Easy,Partial,2.1,High,Rare,8.0,0
MED-02756,72,Female,Bachelor,Retired,Antidiabetic,1,2,49,Low,0,1,9,Yes,Multimorbidity,None,High,9.0,Low,Moderate,Full,1.6,Moderate,Regular,7.0,1
MED-02757,51,Male,Bachelor,Employed,Cardiovascular,2,2,8,Low,2,2,7,No,Heart Disease,Mild,High,10.0,Low,Moderate,Full,5.0,Moderate,Regular,10.0,1
MED-02758,66,Female,Bachelor,Retired,Antihypertensive,4,4,44,High,2,1,4,No,Hypertension,Mild,High,10.0,High,Moderate,Partial,2.1,Moderate,Regular,6.0,1
MED-02759,75,Male,High School,Retired,Cardiovascular,2,4,19,Medium,0,1,5,Yes,Heart Disease,None,Moderate,5.0,Moderate,Easy,None,5.1,Moderate,Regular,7.0,1
MED-02760,71,Other,Master,Retired,Antihypertensive,2,4,42,Medium,2,3,5,Yes,Hypertension,None,High,10.0,Moderate,Easy,Full,1.8,Moderate,Occasional,8.0,1
MED-02761,75,Male,Bachelor,Retired,Antidiabetic,2,2,33,Low,2,8,5,Yes,Diabetes,None,Low,5.0,Low,Easy,Partial,2.3,High,Occasional,8.0,1
MED-02762,63,Male,Master,Employed,Respiratory,1,10,23,High,3,5,5,No,Multimorbidity,Mild,Moderate,7.0,Low,Easy,Full,2.1,Moderate,Regular,6.0,1
MED-02763,54,Female,High School,Self-Employed,Antidiabetic,2,4,10,Medium,4,5,4,No,Diabetes,None,Low,2.0,Moderate,Moderate,Partial,4.5,Moderate,Occasional,7.0,0
MED-02764,30,Male,Bachelor,Employed,Antihypertensive,2,3,50,Medium,5,7,7,No,Hypertension,None,High,9.0,Low,Easy,None,3.0,Moderate,Occasional,7.0,0
MED-02765,49,Female,Master,Employed,Other Chronic,2,4,26,Medium,1,5,5,No,Multimorbidity,None,Moderate,7.0,High,Moderate,Full,1.3,High,Occasional,8.0,1
MED-02766,41,Female,Master,Employed,Psychiatric,3,4,22,Medium,6,6,4,No,Multimorbidity,Mild,Moderate,5.0,Low,Easy,Full,1.2,High,Occasional,5.0,0
MED-02767,83,Female,High School,Unemployed,Respiratory,3,6,17,High,0,3,7,Yes,Asthma/COPD,None,High,7.0,Moderate,Moderate,Partial,2.6,Moderate,Regular,2.0,1
MED-02768,50,Female,High School,Retired,Antidiabetic,3,4,35,Medium,4,3,8,No,Diabetes,Severe,Moderate,3.0,Moderate,Easy,Partial,1.1,Moderate,Regular,6.0,0
MED-02769,54,Female,High School,Employed,Antihypertensive,3,4,49,Medium,2,2,6,No,Multimorbidity,Mild,High,8.0,High,Moderate,Full,2.4,High,Regular,10.0,1
MED-02770,60,Male,High School,Employed,Psychiatric,4,4,28,High,1,3,10,No,Depression/Anxiety,None,High,9.0,Low,Moderate,Full,4.0,High,Regular,8.0,1
MED-02771,53,Female,High School,Employed,Antidiabetic,2,2,17,Low,1,4,10,No,Multimorbidity,Mild,High,8.0,Low,Moderate,Partial,1.4,High,Regular,4.0,1
MED-02772,76,Female,High School,Retired,Psychiatric,1,2,57,Low,5,5,7,No,Depression/Anxiety,None,High,9.0,High,Moderate,Partial,6.3,High,Regular,8.0,1
MED-02773,44,Female,Master,Student,Antidiabetic,2,8,13,High,4,4,5,No,Diabetes,Moderate,Low,5.0,Low,Moderate,Full,9.4,Low,Regular,7.0,0
MED-02774,55,Male,None,Employed,Antidiabetic,3,8,25,High,3,4,7,No,Diabetes,None,High,10.0,Moderate,Moderate,Full,7.5,Low,Occasional,6.0,0
MED-02775,42,Female,Bachelor,Employed,Other Chronic,1,4,52,Low,0,2,4,No,Multimorbidity,None,High,9.0,Low,Moderate,Full,5.5,High,Rare,5.0,1
MED-02776,34,Other,High School,Self-Employed,Antidiabetic,1,3,24,Low,3,5,4,No,Multimorbidity,Mild,Low,5.0,High,Moderate,Full,4.6,Moderate,Occasional,5.0,0
MED-02777,44,Female,High School,Unemployed,Antihypertensive,1,4,10,Low,5,3,3,No,Multimorbidity,None,Low,5.0,High,Easy,Full,4.0,Moderate,Regular,6.0,0
MED-02778,52,Male,None,Self-Employed,Antihypertensive,2,1,32,Low,4,5,5,No,Hypertension,Mild,High,9.0,Moderate,Easy,Full,4.4,High,Regular,10.0,1
MED-02779,46,Male,High School,Employed,Antidiabetic,2,5,58,Medium,0,1,4,Yes,Diabetes,Moderate,Moderate,5.0,Moderate,Difficult,Full,2.1,Moderate,Occasional,8.0,1
MED-02780,43,Male,Bachelor,Employed,Antihypertensive,1,3,19,Low,1,5,8,Yes,Hypertension,Mild,High,9.0,Low,Moderate,None,3.3,High,Occasional,5.0,1
MED-02781,33,Female,Master,Self-Employed,Antidiabetic,1,6,21,Medium,4,6,5,Yes,Diabetes,None,Moderate,8.0,Low,Moderate,Full,3.7,Moderate,Regular,6.0,1
MED-02782,51,Female,High School,Unemployed,Antidiabetic,2,6,50,Medium,1,6,7,Yes,Diabetes,Moderate,High,9.0,Moderate,Easy,Partial,5.4,Low,Regular,7.0,1
MED-02783,31,Male,High School,Employed,Respiratory,1,4,3,Low,2,4,8,No,Asthma/COPD,None,High,10.0,Low,Moderate,Partial,1.0,Low,Regular,6.0,1
MED-02784,63,Male,High School,Unemployed,Antidiabetic,1,4,59,Low,1,7,9,No,Diabetes,Mild,High,8.0,Low,Moderate,Partial,3.9,Moderate,Occasional,7.0,1
MED-02785,54,Male,Master,Employed,Other Chronic,2,6,18,Medium,0,2,5,No,Multimorbidity,Mild,Moderate,7.0,Low,Difficult,None,7.4,Low,Regular,7.0,0
MED-02786,32,Male,Bachelor,Employed,Antihypertensive,2,4,8,Medium,0,4,7,Yes,Multimorbidity,None,High,8.0,Low,Easy,Full,2.1,Moderate,Regular,7.0,1
MED-02787,48,Female,Bachelor,Student,Cardiovascular,1,2,24,Low,0,4,7,Yes,Heart Disease,Mild,High,8.0,Moderate,Easy,Partial,3.1,Moderate,Occasional,3.0,1
MED-02788,42,Female,Bachelor,Unemployed,Antihypertensive,2,3,40,Medium,1,7,9,No,Hypertension,Mild,Moderate,8.0,Low,Easy,Partial,0.8,High,Occasional,8.0,1
MED-02789,57,Male,Master,Employed,Respiratory,1,5,23,Medium,2,1,8,No,Asthma/COPD,Moderate,Moderate,3.0,High,Moderate,None,3.5,High,Regular,6.0,0
MED-02790,71,Female,None,Retired,Other Chronic,3,4,12,Medium,3,2,9,No,Multimorbidity,None,Moderate,10.0,Low,Difficult,Full,1.1,Moderate,Regular,9.0,1
MED-02791,26,Male,High School,Employed,Respiratory,1,1,49,Low,5,8,3,No,Asthma/COPD,None,High,10.0,Low,Easy,Full,2.2,Low,Regular,10.0,1
MED-02792,54,Female,Master,Employed,Cardiovascular,1,4,25,Low,0,1,5,No,Heart Disease,None,High,9.0,Low,Easy,None,3.2,Moderate,Rare,4.0,1
MED-02793,50,Male,Bachelor,Self-Employed,Antidiabetic,3,5,7,Medium,6,6,8,No,Multimorbidity,Mild,Moderate,8.0,Moderate,Easy,Full,2.1,Moderate,Regular,7.0,0
MED-02794,62,Male,Bachelor,Student,Respiratory,2,3,8,Medium,4,3,7,No,Multimorbidity,Mild,High,10.0,Low,Difficult,None,2.9,High,Occasional,6.0,1
MED-02795,55,Male,Bachelor,Employed,Psychiatric,1,5,35,Medium,2,5,6,Yes,Depression/Anxiety,None,High,8.0,Low,Easy,Partial,4.4,Low,Regular,8.0,1
MED-02796,42,Female,High School,Employed,Other Chronic,1,4,10,Low,2,8,5,Yes,Multimorbidity,None,Moderate,8.0,Low,Moderate,Full,3.2,Moderate,Rare,3.0,1
MED-02797,48,Female,Bachelor,Employed,Antidiabetic,3,2,75,Medium,2,5,8,Yes,Multimorbidity,None,High,10.0,Moderate,Easy,Full,3.7,Moderate,Regular,6.0,1
MED-02798,41,Female,Bachelor,Unemployed,Other Chronic,3,3,29,Medium,4,8,2,Yes,Multimorbidity,Mild,High,6.0,Low,Easy,Full,0.8,Low,Regular,5.0,0
MED-02799,68,Male,High School,Retired,Antihypertensive,1,4,16,Low,0,3,8,Yes,Hypertension,Moderate,Moderate,4.0,Low,Moderate,Full,2.9,Low,Regular,10.0,1
MED-02800,53,Male,Bachelor,Self-Employed,Antihypertensive,2,3,15,Medium,4,4,6,No,Multimorbidity,None,High,10.0,High,Easy,Full,0.6,High,Regular,10.0,1
MED-02801,79,Male,Master,Retired,Antihypertensive,1,3,29,Low,3,6,5,No,Hypertension,Mild,High,8.0,Low,Easy,None,2.5,Moderate,Regular,6.0,1
MED-02802,52,Female,High School,Self-Employed,Antihypertensive,2,7,65,High,1,4,7,No,Hypertension,Mild,Moderate,6.0,Low,Difficult,Partial,13.2,High,Regular,5.0,1
MED-02803,43,Male,High School,Employed,Respiratory,1,5,18,Medium,6,6,5,No,Asthma/COPD,None,High,8.0,Moderate,Easy,Full,6.7,Low,Rare,5.0,0
MED-02804,31,Female,High School,Student,Psychiatric,1,1,23,Low,1,7,6,No,Multimorbidity,Mild,High,7.0,Low,Moderate,Full,1.1,High,Regular,7.0,1
MED-02805,27,Female,Bachelor,Employed,Respiratory,1,3,34,Low,2,6,6,No,Asthma/COPD,Mild,High,8.0,Low,Easy,Partial,2.2,Low,Occasional,4.0,1
MED-02806,30,Female,High School,Employed,Cardiovascular,2,4,23,Medium,5,1,8,No,Heart Disease,Mild,Moderate,5.0,Low,Easy,Full,2.9,High,Occasional,8.0,1
MED-02807,56,Male,Bachelor,Employed,Antidiabetic,2,3,10,Medium,0,4,7,Yes,Multimorbidity,Moderate,Low,5.0,Moderate,Moderate,Partial,4.9,Low,Regular,6.0,1
MED-02808,60,Male,Master,Employed,Cardiovascular,2,1,29,Low,5,5,2,No,Heart Disease,Mild,Moderate,7.0,Low,Easy,Partial,6.3,Moderate,Regular,8.0,1
MED-02809,30,Male,High School,Self-Employed,Antidiabetic,1,3,18,Low,1,4,3,No,Multimorbidity,None,Moderate,7.0,High,Easy,None,11.3,Moderate,Rare,8.0,0
MED-02810,65,Female,Master,Retired,Respiratory,1,4,23,Low,6,5,4,No,Asthma/COPD,Severe,High,,Low,Moderate,Partial,1.6,High,Regular,10.0,1
MED-02811,46,Female,Doctorate,Employed,Cardiovascular,3,4,70,Medium,1,5,7,No,Multimorbidity,None,High,10.0,High,Easy,Full,3.9,High,Regular,8.0,1
MED-02812,55,Male,High School,Self-Employed,Cardiovascular,1,3,23,Low,3,3,7,No,Heart Disease,Moderate,Low,2.0,Moderate,Easy,Full,0.9,Moderate,Occasional,7.0,0
MED-02813,75,Male,High School,Employed,Antidiabetic,2,5,5,Medium,2,4,10,No,Multimorbidity,Mild,High,6.0,Moderate,Easy,Full,4.5,High,Regular,7.0,1
MED-02814,65,Female,Master,Retired,Psychiatric,1,4,22,Low,6,2,4,No,Depression/Anxiety,Mild,Moderate,7.0,High,Moderate,Full,4.8,Moderate,Rare,3.0,0
MED-02815,49,Female,Master,Employed,Antihypertensive,2,5,26,Medium,1,3,9,No,Multimorbidity,Mild,Low,2.0,Moderate,Moderate,Full,3.4,Low,Regular,7.0,0
MED-02816,40,Male,High School,Employed,Antidiabetic,2,2,40,Low,4,1,2,No,Diabetes,None,Moderate,6.0,High,Moderate,Full,5.4,High,Rare,8.0,0
MED-02817,22,Female,None,Self-Employed,Respiratory,4,3,32,Medium,4,5,6,No,Asthma/COPD,None,Moderate,8.0,Low,Easy,Full,1.7,Moderate,Occasional,7.0,0
MED-02818,42,Male,High School,Employed,Antidiabetic,1,4,31,Low,1,4,7,No,Diabetes,Mild,Low,7.0,Low,Easy,Full,1.2,High,Regular,10.0,1
MED-02819,50,Male,Doctorate,Employed,Psychiatric,1,4,33,Low,0,2,7,Yes,Depression/Anxiety,Mild,Moderate,5.0,Moderate,Easy,Full,1.6,Low,Occasional,4.0,1
MED-02820,39,Female,High School,Employed,Antidiabetic,2,4,43,Medium,4,8,6,No,Diabetes,Severe,Moderate,3.0,Low,Moderate,Partial,4.4,High,Rare,5.0,0
MED-02821,51,Female,Bachelor,Employed,Antidiabetic,4,3,9,Medium,0,4,6,Yes,Diabetes,Mild,Moderate,8.0,Moderate,Moderate,None,8.9,High,Regular,6.0,1
MED-02822,54,Female,Master,Employed,Psychiatric,4,4,86,High,4,5,4,No,Depression/Anxiety,None,High,10.0,Low,Easy,Partial,1.7,Low,Occasional,7.0,1
MED-02823,49,Male,None,Employed,Antidiabetic,2,3,21,Medium,2,3,8,No,Diabetes,None,High,10.0,Moderate,Easy,Partial,2.0,Moderate,Occasional,6.0,1
MED-02824,43,Female,Bachelor,Employed,Antidiabetic,2,2,13,Low,1,4,7,No,Diabetes,Moderate,Low,6.0,High,Easy,Partial,3.6,High,Regular,4.0,0
MED-02825,55,Male,High School,Retired,Antidiabetic,2,3,35,Medium,2,5,7,Yes,Multimorbidity,Moderate,Moderate,7.0,Moderate,Easy,Full,35.0,Moderate,Regular,6.0,1
MED-02826,59,Male,Master,Employed,Antihypertensive,2,3,23,Medium,2,4,6,Yes,Multimorbidity,Mild,Moderate,7.0,Low,Moderate,Full,2.4,Moderate,Regular,9.0,1
MED-02827,37,Female,High School,Employed,Cardiovascular,2,3,47,Medium,5,5,6,No,Heart Disease,Mild,High,10.0,Moderate,Moderate,None,6.8,Moderate,Occasional,8.0,0
MED-02828,72,Male,Bachelor,Retired,Antihypertensive,3,3,18,Medium,1,6,7,Yes,Hypertension,Moderate,Low,4.0,Moderate,Easy,Partial,2.9,High,Regular,5.0,1
MED-02829,51,Female,Bachelor,Self-Employed,Psychiatric,2,4,51,Medium,0,3,10,Yes,Depression/Anxiety,None,High,9.0,Low,Difficult,Full,2.2,Moderate,Occasional,6.0,1
MED-02830,53,Female,High School,Self-Employed,Respiratory,2,5,13,Medium,2,2,3,No,Multimorbidity,None,High,8.0,Low,Easy,Full,1.2,Low,Regular,5.0,1
MED-02831,62,Male,None,Unemployed,Antihypertensive,2,6,76,Medium,0,1,3,Yes,Hypertension,Mild,Moderate,7.0,Moderate,Difficult,Full,2.6,Moderate,Occasional,4.0,1
MED-02832,56,Male,High School,Self-Employed,Cardiovascular,2,3,27,Medium,5,8,7,No,Multimorbidity,None,Moderate,5.0,Low,Easy,None,6.3,High,Rare,8.0,0
MED-02833,66,Male,High School,Retired,Cardiovascular,2,2,63,Low,0,7,6,Yes,Heart Disease,Mild,High,10.0,Moderate,Easy,Partial,1.7,Moderate,Occasional,4.0,1
MED-02834,57,Male,Bachelor,Employed,Antihypertensive,2,3,11,Medium,2,6,6,No,Hypertension,None,Moderate,5.0,Moderate,Easy,Full,3.6,High,Regular,8.0,1
MED-02835,44,Female,Bachelor,Employed,Antihypertensive,1,1,42,Low,3,4,6,No,Multimorbidity,None,Moderate,,Low,Difficult,Partial,1.8,High,Occasional,10.0,1
MED-02836,58,Female,High School,Employed,Antidiabetic,1,5,42,Medium,0,2,8,No,Diabetes,None,High,5.0,Moderate,Easy,Full,2.4,High,Occasional,8.0,1
MED-02837,36,Male,Bachelor,Employed,Cardiovascular,2,4,24,Medium,1,4,6,Yes,Heart Disease,Mild,Moderate,6.0,Low,Moderate,Full,1.1,Moderate,Rare,8.0,0
MED-02838,54,Male,Bachelor,Employed,Cardiovascular,3,2,5,Medium,2,4,4,Yes,Heart Disease,None,Moderate,6.0,Moderate,Easy,Full,18.9,Moderate,Occasional,8.0,1
MED-02839,52,Female,Bachelor,Self-Employed,Antidiabetic,1,4,42,Low,1,2,5,No,Diabetes,None,High,9.0,Low,Difficult,Full,4.2,Moderate,Occasional,6.0,1
MED-02840,50,Female,High School,Self-Employed,Respiratory,2,3,22,Medium,0,1,6,No,Multimorbidity,None,High,7.0,Low,Easy,Partial,2.6,Moderate,Regular,8.0,1
MED-02841,51,Male,High School,Employed,Respiratory,1,4,57,Low,1,1,4,No,Asthma/COPD,None,High,8.0,Moderate,Moderate,Partial,8.7,High,Regular,7.0,1
MED-02842,26,Male,High School,Unemployed,Cardiovascular,1,5,48,Medium,2,6,6,Yes,Heart Disease,Mild,High,8.0,Moderate,Easy,Partial,3.1,High,Rare,6.0,0
MED-02843,45,Female,Bachelor,Employed,Respiratory,4,2,57,Medium,1,2,6,No,Asthma/COPD,None,High,6.0,Low,Moderate,Partial,4.7,Low,Regular,2.0,1
MED-02844,54,Male,High School,Employed,Antidiabetic,3,4,38,Medium,6,5,5,Yes,Diabetes,None,Moderate,7.0,High,Easy,Partial,10.7,High,Regular,5.0,0
MED-02845,55,Male,High School,Employed,Psychiatric,1,3,29,Low,1,4,7,Yes,Depression/Anxiety,Moderate,Moderate,6.0,Low,Easy,Full,10.0,Moderate,Regular,5.0,1
MED-02846,38,Female,High School,Employed,Cardiovascular,2,2,65,Low,4,6,3,No,Heart Disease,None,High,9.0,Moderate,Easy,Full,1.4,High,Occasional,8.0,0
MED-02847,70,Female,Bachelor,Employed,Respiratory,1,7,105,Medium,3,5,4,No,Asthma/COPD,Moderate,High,9.0,Low,Difficult,Full,3.4,High,Regular,4.0,0
MED-02848,40,Female,High School,Self-Employed,Antidiabetic,4,4,28,High,2,4,4,Yes,Diabetes,Mild,High,9.0,Moderate,Easy,Full,8.7,High,Occasional,10.0,1
MED-02849,66,Female,High School,Retired,Antihypertensive,1,5,56,Medium,0,5,8,Yes,Hypertension,None,High,8.0,Moderate,Difficult,Full,1.5,Low,Occasional,10.0,1
MED-02850,58,Female,High School,Employed,Antidiabetic,1,4,17,Low,0,4,10,Yes,Diabetes,None,High,10.0,Low,Easy,None,2.7,High,Regular,9.0,1
MED-02851,43,Male,High School,Employed,Antidiabetic,2,5,12,Medium,3,3,4,No,Diabetes,Severe,Low,2.0,High,Easy,Full,2.7,High,Regular,6.0,0
MED-02852,77,Male,Bachelor,Retired,Cardiovascular,3,7,17,High,4,7,6,No,Multimorbidity,Mild,Moderate,6.0,Moderate,Easy,Full,4.8,High,Regular,3.0,0
MED-02853,36,Male,High School,Self-Employed,Antidiabetic,1,4,16,Low,0,4,5,Yes,Multimorbidity,Mild,High,10.0,Moderate,Moderate,Full,6.1,Moderate,Regular,8.0,1
MED-02854,65,Male,High School,Retired,Respiratory,2,3,43,Medium,1,4,7,No,Asthma/COPD,Mild,Moderate,6.0,Low,Moderate,Full,7.9,Low,Occasional,5.0,1
MED-02855,67,Female,Bachelor,Self-Employed,Cardiovascular,1,6,20,Medium,0,1,5,Yes,Heart Disease,None,Moderate,9.0,High,Easy,Full,3.5,High,Regular,8.0,1
MED-02856,43,Female,High School,Self-Employed,Cardiovascular,3,3,13,Medium,1,5,7,Yes,Multimorbidity,None,High,9.0,Low,Easy,Full,1.5,Moderate,Occasional,8.0,1
MED-02857,72,Female,High School,Retired,Antihypertensive,1,4,13,Low,0,3,8,Yes,Hypertension,None,High,10.0,Low,Easy,None,2.5,Moderate,Rare,6.0,1
MED-02858,49,Female,Master,Employed,Other Chronic,3,8,38,High,2,3,4,Yes,Multimorbidity,Mild,Low,4.0,Moderate,Easy,Full,1.5,Moderate,Occasional,4.0,0
MED-02859,57,Male,High School,Self-Employed,Respiratory,2,5,43,Medium,0,3,7,Yes,Asthma/COPD,Moderate,High,9.0,Low,Moderate,Full,2.0,High,Occasional,7.0,1
MED-02860,56,Male,High School,Self-Employed,Respiratory,2,2,39,Low,1,4,2,Yes,Asthma/COPD,None,High,6.0,Moderate,Easy,Partial,5.7,High,Rare,4.0,1
MED-02861,51,Female,None,Employed,Antidiabetic,4,3,42,Medium,3,1,6,No,Diabetes,Mild,High,10.0,Moderate,Moderate,Full,1.1,High,Occasional,7.0,1
MED-02862,64,Female,High School,Student,Antidiabetic,4,3,22,Medium,4,6,6,Yes,Diabetes,Severe,Low,3.0,Moderate,Easy,Full,2.2,High,Occasional,8.0,0
MED-02863,64,Female,Bachelor,Student,Antihypertensive,2,4,84,Medium,2,4,6,Yes,Hypertension,None,High,8.0,Low,Moderate,Full,,High,Occasional,5.0,1
MED-02864,28,Female,Bachelor,Employed,Antidiabetic,1,2,22,Low,0,3,6,Yes,Multimorbidity,None,Low,6.0,Moderate,Easy,Partial,5.5,Low,Rare,4.0,1
MED-02865,71,Female,Bachelor,Retired,Antihypertensive,2,6,19,Medium,0,1,5,Yes,Hypertension,None,High,7.0,Low,Difficult,Partial,1.8,Moderate,Occasional,10.0,1
MED-02866,29,Female,High School,Self-Employed,Cardiovascular,2,2,43,Low,1,5,6,Yes,Heart Disease,None,Moderate,6.0,Moderate,Moderate,Full,1.7,Moderate,Regular,6.0,1
MED-02867,67,Male,High School,Retired,Cardiovascular,2,5,22,Medium,0,3,7,Yes,Heart Disease,Mild,High,8.0,High,Easy,None,10.8,Moderate,Regular,6.0,1
MED-02868,68,Female,Bachelor,Employed,Antidiabetic,2,6,19,Medium,6,7,7,No,Diabetes,None,Moderate,8.0,Moderate,Moderate,Partial,4.4,High,Regular,9.0,0
MED-02869,37,Female,Master,Employed,Antidiabetic,1,5,23,Medium,3,6,6,No,Diabetes,None,High,10.0,Moderate,Moderate,Partial,1.8,Moderate,Occasional,6.0,1
MED-02870,47,Male,High School,Employed,Psychiatric,2,8,31,High,5,8,5,No,Depression/Anxiety,Mild,High,8.0,Low,Moderate,Partial,3.2,High,Occasional,5.0,0
MED-02871,37,Female,High School,Employed,Antihypertensive,2,5,51,Medium,0,5,8,No,Hypertension,Mild,Moderate,5.0,Low,Easy,Partial,7.5,Low,Regular,10.0,1
MED-02872,49,Male,High School,Self-Employed,Respiratory,1,4,8,Low,3,7,9,No,Multimorbidity,Moderate,Moderate,5.0,Low,Difficult,Partial,1.7,Moderate,Occasional,5.0,0
MED-02873,48,Female,None,Employed,Antihypertensive,2,1,51,Low,4,6,3,No,Hypertension,Moderate,High,8.0,Low,Easy,Full,1.7,High,Rare,9.0,1
MED-02874,63,Male,High School,Employed,Antihypertensive,2,3,9,Medium,1,4,7,No,Hypertension,Moderate,High,8.0,Low,Easy,Full,3.9,Moderate,Occasional,7.0,1
MED-02875,71,Female,High School,Retired,Antihypertensive,2,1,10,Low,9,5,5,No,Multimorbidity,None,High,8.0,Moderate,Easy,Full,1.2,High,Regular,7.0,1
MED-02876,72,Male,Bachelor,Retired,Respiratory,1,5,32,Medium,0,3,8,No,Asthma/COPD,None,High,8.0,Low,Easy,Full,2.0,Moderate,Occasional,6.0,1
MED-02877,45,Female,Bachelor,Employed,Antidiabetic,2,5,8,Medium,1,9,6,Yes,Diabetes,None,High,10.0,High,Easy,None,2.4,Low,Rare,6.0,0
MED-02878,50,Male,High School,Employed,Psychiatric,1,3,18,Low,1,4,6,Yes,Depression/Anxiety,None,Moderate,6.0,Moderate,Moderate,None,0.5,Low,Regular,10.0,1
MED-02879,29,Male,None,Employed,Antidiabetic,2,2,48,Low,0,5,7,Yes,Diabetes,None,High,8.0,Low,Easy,Full,3.5,Moderate,Occasional,9.0,1
MED-02880,41,Female,Bachelor,Employed,Antihypertensive,3,3,43,Medium,5,5,6,No,Hypertension,Mild,Moderate,9.0,High,Moderate,Full,5.3,Moderate,Regular,4.0,0
MED-02881,66,Female,High School,Retired,Cardiovascular,2,6,51,Medium,0,2,10,Yes,Multimorbidity,Mild,Moderate,7.0,High,Easy,Partial,14.3,High,Rare,5.0,1
MED-02882,75,Male,Bachelor,Retired,Antihypertensive,1,4,17,Low,4,7,7,No,Hypertension,None,Low,5.0,High,Easy,Full,5.2,High,Occasional,8.0,0
MED-02883,35,Male,High School,Self-Employed,Respiratory,2,3,22,Medium,1,2,8,Yes,Asthma/COPD,Mild,High,7.0,Moderate,Easy,Partial,1.5,Low,Regular,8.0,1
MED-02884,44,Female,Bachelor,Employed,Antihypertensive,4,3,10,Medium,2,2,6,Yes,Multimorbidity,None,Moderate,,Moderate,Moderate,Partial,2.4,Moderate,Regular,8.0,1
MED-02885,52,Female,High School,Employed,Antidiabetic,1,1,23,Low,0,4,6,Yes,Multimorbidity,None,Moderate,8.0,Low,Moderate,Partial,13.4,Low,Regular,7.0,1
MED-02886,56,Female,High School,Unemployed,Respiratory,3,5,10,Medium,2,2,8,No,Asthma/COPD,None,Moderate,5.0,Low,Moderate,Partial,4.7,Low,Regular,5.0,1
MED-02887,41,Male,High School,Employed,Other Chronic,2,3,108,Medium,7,8,8,No,Multimorbidity,Severe,Low,1.0,Moderate,Difficult,Full,7.3,High,Occasional,5.0,0
MED-02888,58,Female,High School,Unemployed,Antidiabetic,3,5,36,Medium,2,4,4,Yes,Diabetes,Moderate,High,6.0,Low,Easy,Full,2.2,High,Regular,2.0,1
MED-02889,46,Male,High School,Employed,Respiratory,1,2,31,Low,0,1,6,No,Asthma/COPD,None,High,8.0,High,Easy,Full,2.8,Moderate,Regular,10.0,1
MED-02890,52,Male,Bachelor,Employed,Antihypertensive,1,6,17,Medium,0,5,7,Yes,Multimorbidity,Moderate,Moderate,8.0,High,Easy,Partial,3.2,Moderate,Occasional,2.0,0
MED-02891,60,Female,High School,Student,Respiratory,3,6,16,High,4,6,6,No,Asthma/COPD,None,Low,5.0,Low,Moderate,Full,6.6,High,Occasional,6.0,0
MED-02892,53,Female,None,Self-Employed,Cardiovascular,1,3,20,Low,1,4,7,No,Heart Disease,Mild,High,10.0,Low,Easy,None,2.4,Moderate,Rare,3.0,1
MED-02893,46,Female,Bachelor,Employed,Antihypertensive,1,7,33,Medium,1,2,6,No,Hypertension,Mild,High,10.0,Low,Moderate,Full,5.2,High,Regular,6.0,1
MED-02894,51,Male,Bachelor,Employed,Antidiabetic,2,5,13,Medium,4,4,1,No,Diabetes,Mild,Moderate,9.0,Moderate,Moderate,Partial,3.3,Moderate,Regular,8.0,0
MED-02895,51,Male,Master,Employed,Antihypertensive,1,2,10,Low,2,3,3,No,Multimorbidity,None,High,10.0,Low,Moderate,Full,1.3,High,Occasional,2.0,1
MED-02896,47,Male,Bachelor,Self-Employed,Antidiabetic,3,6,3,High,0,2,8,Yes,Diabetes,None,High,10.0,Low,Moderate,None,3.3,Moderate,Regular,8.0,1
MED-02897,49,Other,High School,Self-Employed,Antihypertensive,2,4,36,Medium,0,2,6,No,Hypertension,None,High,10.0,Low,Moderate,Full,7.6,High,Regular,9.0,1
MED-02898,75,Male,Bachelor,Unemployed,Cardiovascular,3,5,25,Medium,1,5,7,Yes,Heart Disease,Mild,Moderate,8.0,Low,Difficult,Partial,3.3,Moderate,Occasional,6.0,1
MED-02899,60,Male,Master,Employed,Other Chronic,3,7,20,High,5,6,6,No,Multimorbidity,Mild,High,10.0,Moderate,Difficult,None,2.6,Low,Regular,,0
MED-02900,48,Male,Bachelor,Employed,Antihypertensive,1,6,12,Medium,2,6,4,Yes,Hypertension,Moderate,Moderate,7.0,Moderate,Easy,Full,9.7,High,Regular,2.0,1
MED-02901,62,Female,High School,Employed,Antidiabetic,1,5,20,Medium,0,1,5,Yes,Diabetes,None,High,8.0,Moderate,Moderate,Partial,4.4,Moderate,Regular,3.0,1
MED-02902,48,Male,High School,Employed,Cardiovascular,3,4,58,Medium,2,6,7,No,Heart Disease,Severe,High,8.0,High,Easy,Partial,1.2,Moderate,Occasional,6.0,0
MED-02903,69,Female,High School,Retired,Psychiatric,2,3,15,Medium,1,6,7,Yes,Depression/Anxiety,Severe,Low,4.0,Moderate,Moderate,Full,2.7,Low,Occasional,6.0,0
MED-02904,58,Male,Bachelor,Employed,Antidiabetic,4,4,39,High,2,8,10,No,Multimorbidity,None,Moderate,6.0,High,Easy,Partial,4.1,High,Regular,7.0,0
MED-02905,51,Female,Bachelor,Self-Employed,Antidiabetic,2,5,42,Medium,3,2,5,No,Diabetes,None,Moderate,6.0,High,Difficult,Partial,4.0,High,Regular,9.0,0
MED-02906,59,Male,Bachelor,Self-Employed,Antidiabetic,1,5,12,Medium,0,4,10,No,Multimorbidity,Mild,High,8.0,Low,Difficult,Full,4.9,Low,Occasional,4.0,1
MED-02907,31,Female,None,Employed,Antihypertensive,3,4,13,Medium,1,6,4,Yes,Hypertension,None,High,10.0,Low,Difficult,Partial,2.9,High,Regular,4.0,1
MED-02908,37,Female,Bachelor,Employed,Antihypertensive,1,1,25,Low,0,3,7,Yes,Hypertension,Mild,High,8.0,Moderate,Easy,Full,2.8,High,Occasional,5.0,1
MED-02909,36,Male,Bachelor,Self-Employed,Antidiabetic,1,4,82,Low,2,6,7,No,Multimorbidity,None,High,7.0,Low,Easy,Full,3.4,Low,Occasional,9.0,1
MED-02910,55,Female,High School,Employed,Antihypertensive,2,9,48,High,4,4,6,No,Hypertension,Mild,High,7.0,Moderate,Easy,None,6.0,High,Regular,8.0,0
MED-02911,77,Male,Bachelor,Retired,Cardiovascular,3,8,26,High,1,3,6,No,Heart Disease,None,High,7.0,Moderate,Difficult,Partial,2.0,Moderate,Regular,7.0,0
MED-02912,84,Female,High School,Retired,Antidiabetic,2,7,49,High,2,3,5,Yes,Diabetes,None,Moderate,6.0,Low,Moderate,Partial,3.1,Moderate,Regular,6.0,1
MED-02913,61,Female,Master,Employed,Antidiabetic,1,3,5,Low,5,7,8,No,Multimorbidity,Mild,Moderate,5.0,Moderate,Easy,Partial,4.0,Moderate,Rare,6.0,0
MED-02914,60,Male,Master,Employed,Antihypertensive,1,6,24,Medium,2,2,4,No,Hypertension,Severe,High,8.0,Low,Easy,Partial,2.2,High,Occasional,,1
MED-02915,27,Male,Bachelor,Employed,Psychiatric,1,3,4,Low,1,2,7,No,Depression/Anxiety,Mild,High,9.0,Low,Easy,Partial,4.7,High,Regular,7.0,1
MED-02916,45,Male,Bachelor,Unemployed,Psychiatric,1,4,29,Low,3,5,8,No,Depression/Anxiety,None,High,10.0,Moderate,Moderate,Full,4.3,Low,Rare,,1
MED-02917,41,Male,Master,Employed,Antihypertensive,1,3,41,Low,0,4,9,No,Hypertension,None,High,5.0,Low,Easy,Full,,Moderate,Regular,4.0,1
MED-02918,44,Male,High School,Employed,Antidiabetic,2,2,18,Low,0,2,8,No,Diabetes,None,High,10.0,Moderate,Easy,Partial,3.4,Moderate,Regular,6.0,1
MED-02919,50,Male,High School,Employed,Cardiovascular,3,6,18,High,2,3,7,Yes,Heart Disease,Mild,High,9.0,Moderate,Easy,None,9.6,High,Regular,8.0,1
MED-02920,46,Male,Bachelor,Self-Employed,Antihypertensive,1,1,26,Low,4,3,5,No,Hypertension,None,Moderate,8.0,Low,Easy,Full,10.2,Moderate,Occasional,,1
MED-02921,25,Female,High School,Employed,Antidiabetic,1,1,19,Low,2,3,5,No,Diabetes,Mild,High,10.0,Low,Difficult,Partial,5.5,High,Rare,8.0,1
MED-02922,63,Male,High School,Employed,Antihypertensive,3,6,21,High,1,10,4,Yes,Hypertension,Moderate,Low,4.0,Moderate,Moderate,Full,8.6,High,Regular,3.0,0
MED-02923,37,Male,Master,Employed,Psychiatric,2,3,52,Medium,1,4,4,Yes,Depression/Anxiety,None,Moderate,10.0,Moderate,Moderate,Full,3.0,Low,Rare,7.0,1
MED-02924,56,Female,Bachelor,Employed,Psychiatric,4,3,43,Medium,5,3,6,No,Depression/Anxiety,Mild,High,6.0,Moderate,Difficult,Partial,5.1,High,Regular,5.0,0
MED-02925,82,Male,High School,Retired,Cardiovascular,1,5,34,Medium,5,9,5,No,Heart Disease,Mild,High,8.0,High,Easy,Full,3.8,Low,Occasional,3.0,0
MED-02926,40,Male,High School,Unemployed,Antidiabetic,1,5,8,Medium,3,6,9,No,Diabetes,Moderate,Moderate,3.0,Low,Easy,Full,5.5,Low,Rare,6.0,0
MED-02927,18,Male,High School,Employed,Psychiatric,2,1,37,Low,8,6,5,No,Depression/Anxiety,Severe,Low,3.0,Low,Easy,Full,13.2,Moderate,Regular,4.0,0
MED-02928,48,Female,High School,Employed,Psychiatric,2,4,25,Medium,0,3,6,Yes,Depression/Anxiety,None,Moderate,7.0,Moderate,Easy,None,7.0,Moderate,Occasional,6.0,1
MED-02929,68,Female,High School,Retired,Other Chronic,2,6,20,Medium,6,7,6,No,Multimorbidity,None,High,7.0,Moderate,Moderate,Partial,2.6,High,Occasional,8.0,0
MED-02930,80,Male,Bachelor,Retired,Antihypertensive,2,3,22,Medium,5,6,3,No,Multimorbidity,None,High,10.0,Moderate,Difficult,Full,10.9,Moderate,Regular,8.0,0
MED-02931,35,Female,High School,Employed,Antihypertensive,1,4,59,Low,0,5,8,Yes,Hypertension,None,Moderate,6.0,Low,Moderate,Full,4.0,Moderate,Regular,3.0,1
MED-02932,59,Female,High School,Employed,Cardiovascular,2,6,47,Medium,0,1,8,Yes,Multimorbidity,None,High,5.0,Moderate,Easy,Full,5.4,Moderate,Occasional,8.0,1
MED-02933,46,Female,High School,Employed,Antidiabetic,2,4,21,Medium,1,4,8,Yes,Multimorbidity,Moderate,Low,5.0,Moderate,Easy,Partial,2.8,High,Regular,8.0,1
MED-02934,51,Female,Doctorate,Unemployed,Antihypertensive,2,2,67,Low,3,8,7,Yes,Multimorbidity,None,High,10.0,Moderate,Moderate,Partial,5.8,Moderate,Rare,6.0,1
MED-02935,88,Female,High School,Retired,Antihypertensive,2,3,45,Medium,2,5,5,No,Hypertension,None,High,8.0,High,Easy,None,4.5,Moderate,Regular,4.0,0
MED-02936,31,Male,None,Employed,Psychiatric,2,3,16,Medium,1,4,5,Yes,Depression/Anxiety,Mild,High,10.0,Low,Easy,Partial,7.8,Moderate,Rare,6.0,1
MED-02937,56,Male,High School,Unemployed,Psychiatric,1,7,15,Medium,0,4,7,Yes,Depression/Anxiety,Mild,High,,Moderate,Easy,Partial,2.3,Low,Occasional,10.0,1
MED-02938,59,Male,Bachelor,Employed,Antidiabetic,1,9,29,High,0,4,9,Yes,Multimorbidity,Mild,Moderate,6.0,Moderate,Easy,Partial,6.8,Moderate,Regular,8.0,1
MED-02939,68,Female,Bachelor,Retired,Psychiatric,2,2,13,Low,5,3,7,No,Depression/Anxiety,None,High,9.0,High,Moderate,Partial,0.5,High,Regular,9.0,1
MED-02940,54,Female,High School,Employed,Cardiovascular,1,6,71,Medium,0,4,8,Yes,Heart Disease,None,Moderate,8.0,High,Difficult,Full,2.1,High,Rare,5.0,1
MED-02941,57,Female,High School,Employed,Respiratory,2,6,30,Medium,0,8,5,Yes,Asthma/COPD,None,High,8.0,Moderate,Moderate,Partial,1.2,High,Regular,6.0,1
MED-02942,47,Other,None,Self-Employed,Antidiabetic,3,6,14,High,3,7,9,Yes,Multimorbidity,Severe,Low,2.0,Low,Easy,Full,4.3,High,Regular,4.0,0
MED-02943,56,Male,Bachelor,Self-Employed,Antihypertensive,1,5,61,Medium,0,3,5,Yes,Hypertension,Severe,Low,2.0,Moderate,Difficult,Full,6.8,Moderate,Occasional,,0
MED-02944,48,Female,Bachelor,Employed,Antidiabetic,1,3,4,Low,2,7,7,Yes,Diabetes,None,Moderate,4.0,Moderate,Moderate,None,3.3,High,Occasional,10.0,1
MED-02945,61,Female,High School,Employed,Antidiabetic,4,5,30,High,1,6,5,No,Diabetes,Mild,High,8.0,Low,Moderate,Partial,9.2,High,Occasional,6.0,0
MED-02946,47,Female,High School,Employed,Cardiovascular,1,3,25,Low,1,6,8,Yes,Heart Disease,Moderate,Moderate,3.0,Low,Easy,Full,1.9,High,Regular,5.0,1
MED-02947,58,Other,High School,Employed,Antihypertensive,1,5,10,Medium,0,5,8,Yes,Hypertension,None,Moderate,6.0,High,Easy,Partial,1.2,High,Regular,7.0,1
MED-02948,52,Female,High School,Employed,Other Chronic,1,5,64,Medium,1,2,3,Yes,Multimorbidity,Mild,High,7.0,Low,Easy,Partial,5.7,Low,Rare,,1
MED-02949,68,Male,Bachelor,Retired,Antihypertensive,2,5,19,Medium,1,4,9,No,Multimorbidity,None,High,10.0,Low,Difficult,Full,8.0,Low,Regular,7.0,1
MED-02950,52,Female,High School,Self-Employed,Antihypertensive,1,3,17,Low,0,6,10,Yes,Multimorbidity,None,High,8.0,High,Moderate,Partial,3.6,High,Occasional,6.0,1
MED-02951,28,Male,High School,Unemployed,Antidiabetic,2,3,43,Medium,2,2,5,No,Multimorbidity,Moderate,Moderate,8.0,Low,Easy,Full,13.0,Low,Regular,7.0,1
MED-02952,70,Female,High School,Retired,Antidiabetic,2,9,29,High,1,2,6,No,Diabetes,Mild,Moderate,4.0,Low,Easy,Full,4.9,Moderate,Regular,6.0,1
MED-02953,40,Female,Master,Employed,Antidiabetic,1,5,14,Medium,0,5,9,Yes,Diabetes,Moderate,High,7.0,High,Easy,None,4.5,Moderate,Regular,5.0,0
MED-02954,43,Male,Master,Employed,Respiratory,1,3,19,Low,1,3,6,No,Multimorbidity,Mild,Moderate,7.0,Low,Easy,Partial,2.4,Moderate,Regular,9.0,1
MED-02955,44,Female,High School,Self-Employed,Antidiabetic,2,4,59,Medium,3,6,6,No,Multimorbidity,None,High,10.0,Moderate,Easy,None,1.2,Low,Regular,10.0,1
MED-02956,72,Male,High School,Retired,Cardiovascular,2,7,23,High,1,3,10,No,Multimorbidity,None,High,10.0,Moderate,Easy,Partial,2.7,Moderate,Rare,8.0,1
MED-02957,23,Male,High School,Self-Employed,Cardiovascular,1,1,81,Low,3,5,3,No,Heart Disease,Moderate,Low,1.0,High,Moderate,Full,10.9,High,Regular,4.0,0
MED-02958,88,Male,High School,Retired,Antihypertensive,1,9,13,High,3,5,5,No,Hypertension,None,High,8.0,Low,Easy,Partial,3.8,Moderate,Occasional,6.0,1
MED-02959,67,Female,None,Retired,Cardiovascular,2,3,21,Medium,1,3,7,Yes,Multimorbidity,None,Moderate,10.0,Low,Easy,Partial,2.5,Moderate,Rare,7.0,1
MED-02960,56,Female,Bachelor,Employed,Psychiatric,3,3,16,Medium,3,4,3,No,Depression/Anxiety,None,Moderate,6.0,Moderate,Moderate,Full,1.7,High,Regular,3.0,1
MED-02961,52,Female,Bachelor,Employed,Antihypertensive,1,8,41,High,1,3,5,No,Hypertension,None,Moderate,8.0,Low,Easy,Partial,5.0,Moderate,Regular,6.0,1
MED-02962,56,Male,Master,Employed,Antidiabetic,2,2,83,Low,2,4,5,Yes,Multimorbidity,None,High,7.0,Low,Moderate,Full,1.4,Moderate,Rare,4.0,1
MED-02963,60,Female,High School,Employed,Psychiatric,1,2,28,Low,1,2,8,No,Depression/Anxiety,Moderate,Low,1.0,Low,Easy,Full,4.3,High,Occasional,5.0,1
MED-02964,62,Female,Bachelor,Employed,Antidiabetic,1,5,31,Medium,0,4,8,Yes,Diabetes,None,Low,3.0,High,Moderate,Full,2.3,Low,Occasional,7.0,0
MED-02965,60,Male,Bachelor,Employed,Antidiabetic,1,4,20,Low,5,6,3,No,Diabetes,Moderate,Low,6.0,Low,Easy,Partial,2.7,Low,Occasional,7.0,0
MED-02966,54,Male,High School,Employed,Other Chronic,3,3,9,Medium,3,2,5,No,Multimorbidity,None,Moderate,5.0,Low,Easy,Full,5.4,Moderate,Rare,5.0,1
MED-02967,50,Male,High School,Employed,Antihypertensive,2,6,23,Medium,3,3,5,No,Multimorbidity,None,High,,Low,Easy,Full,1.6,High,Regular,7.0,1
MED-02968,50,Female,High School,Employed,Antihypertensive,3,3,35,Medium,3,6,6,No,Hypertension,None,Low,4.0,Moderate,Moderate,Partial,3.3,Moderate,Regular,6.0,0
MED-02969,50,Female,High School,Employed,Psychiatric,2,8,18,High,1,1,4,No,Multimorbidity,Mild,Moderate,8.0,Low,Moderate,Partial,1.1,High,Regular,9.0,0
MED-02970,68,Female,High School,Unemployed,Psychiatric,3,5,10,Medium,1,9,7,Yes,Depression/Anxiety,Mild,Moderate,9.0,Moderate,Difficult,Full,3.1,Moderate,Regular,3.0,0
MED-02971,61,Male,Bachelor,Employed,Antidiabetic,1,1,3,Low,3,7,5,No,Multimorbidity,Mild,High,,High,Easy,None,4.8,High,Regular,5.0,1
MED-02972,18,Female,High School,Employed,Antidiabetic,1,4,67,Low,0,1,7,Yes,Diabetes,Mild,Moderate,2.0,Low,Moderate,Partial,6.0,Moderate,Regular,10.0,1
MED-02973,62,Male,Master,Self-Employed,Respiratory,4,1,20,Medium,2,1,6,No,Asthma/COPD,None,High,7.0,Low,Moderate,Partial,7.8,Moderate,Rare,4.0,1
MED-02974,55,Male,High School,Employed,Respiratory,2,4,34,Medium,3,5,4,No,Asthma/COPD,Mild,Low,3.0,Low,Difficult,Full,5.4,Moderate,Regular,5.0,0
MED-02975,52,Female,Doctorate,Employed,Antihypertensive,3,3,50,Medium,0,2,9,Yes,Hypertension,Mild,High,10.0,Low,Easy,None,2.4,High,Rare,6.0,1
MED-02976,47,Male,High School,Employed,Antihypertensive,1,3,57,Low,1,7,9,Yes,Hypertension,None,Moderate,6.0,Moderate,Easy,None,0.9,Moderate,Occasional,9.0,1
MED-02977,68,Female,Bachelor,Retired,Antidiabetic,1,4,18,Low,4,5,7,No,Diabetes,Mild,High,10.0,Low,Moderate,Partial,7.0,Moderate,Occasional,8.0,1
MED-02978,66,Male,High School,Retired,Psychiatric,2,5,33,Medium,1,5,6,Yes,Depression/Anxiety,None,High,9.0,Moderate,Difficult,None,2.2,Low,Regular,5.0,1
MED-02979,42,Female,High School,Employed,Psychiatric,1,1,36,Low,0,3,4,Yes,Depression/Anxiety,None,High,10.0,High,Easy,Partial,1.1,Moderate,Regular,7.0,1
MED-02980,58,Male,Master,Employed,Other Chronic,2,5,46,Medium,3,8,8,No,Multimorbidity,None,High,10.0,Low,Easy,Full,13.5,Moderate,Regular,6.0,1
MED-02981,39,Female,High School,Unemployed,Psychiatric,2,3,36,Medium,1,6,8,No,Depression/Anxiety,None,Moderate,6.0,High,Difficult,Partial,3.2,Moderate,Regular,8.0,0
MED-02982,33,Male,Bachelor,Unemployed,Cardiovascular,1,4,31,Low,2,6,4,Yes,Heart Disease,Mild,Moderate,5.0,Low,Easy,Partial,4.8,High,Rare,7.0,1
MED-02983,44,Male,Bachelor,Unemployed,Antidiabetic,1,5,13,Medium,8,7,5,No,Diabetes,None,Low,5.0,Moderate,Easy,Full,3.9,High,Occasional,7.0,0
MED-02984,65,Female,High School,Retired,Respiratory,1,6,40,Medium,1,2,7,No,Multimorbidity,Mild,High,10.0,Low,Moderate,Full,3.3,Moderate,Occasional,6.0,1
MED-02985,66,Male,High School,Retired,Respiratory,1,6,26,Medium,3,7,4,No,Asthma/COPD,Severe,Low,1.0,Low,Easy,Partial,2.5,Moderate,Regular,9.0,0
MED-02986,60,Female,Bachelor,Employed,Antidiabetic,2,3,62,Medium,4,4,5,No,Diabetes,Moderate,Moderate,6.0,Low,Difficult,Partial,2.1,Low,Regular,7.0,0
MED-02987,63,Other,High School,Employed,Antihypertensive,1,1,40,Low,2,5,4,Yes,Hypertension,Moderate,Moderate,8.0,Moderate,Easy,Partial,17.6,Low,Occasional,6.0,0
MED-02988,60,Male,Bachelor,Employed,Psychiatric,1,6,6,Medium,1,4,4,Yes,Depression/Anxiety,None,High,10.0,High,Easy,Partial,1.1,High,Occasional,9.0,1
MED-02989,44,Male,Master,Self-Employed,Antidiabetic,3,3,12,Medium,1,1,5,No,Diabetes,Mild,High,8.0,Low,Easy,Full,2.4,High,Regular,8.0,1
MED-02990,59,Female,None,Employed,Antidiabetic,2,4,20,Medium,1,7,8,Yes,Diabetes,None,Moderate,7.0,High,Easy,Partial,1.7,High,Occasional,5.0,1
MED-02991,64,Female,High School,Self-Employed,Cardiovascular,1,6,25,Medium,2,1,3,No,Multimorbidity,None,High,7.0,High,Easy,Full,4.9,High,Regular,1.0,1
MED-02992,63,Female,Bachelor,Employed,Cardiovascular,2,4,89,Medium,0,2,7,No,Heart Disease,Mild,Moderate,5.0,Low,Moderate,Partial,2.4,Moderate,Rare,8.0,0
MED-02993,69,Female,High School,Retired,Antihypertensive,3,5,43,Medium,1,4,7,No,Multimorbidity,Mild,High,10.0,Moderate,Easy,Partial,2.3,High,Regular,6.0,1
MED-02994,62,Female,High School,Self-Employed,Respiratory,1,4,16,Low,0,1,8,Yes,Multimorbidity,Mild,High,6.0,Moderate,Moderate,None,5.4,Low,Regular,,1
MED-02995,57,Male,High School,Employed,Antihypertensive,2,5,44,Medium,0,2,7,Yes,Hypertension,Moderate,High,8.0,Moderate,Easy,Partial,14.2,High,Regular,9.0,1
MED-02996,67,Female,Bachelor,Retired,Antihypertensive,2,9,30,High,8,5,5,No,Hypertension,Mild,Moderate,6.0,Low,Easy,Partial,1.8,High,Rare,5.0,0
MED-02997,52,Female,High School,Employed,Antidiabetic,1,3,44,Low,2,4,4,No,Diabetes,Moderate,Low,4.0,Low,Moderate,None,1.0,Moderate,Occasional,5.0,0
MED-02998,40,Male,High School,Employed,Respiratory,3,3,21,Medium,3,4,8,No,Multimorbidity,Moderate,Moderate,5.0,Low,Moderate,None,3.5,Moderate,Regular,4.0,0
MED-02999,50,Male,Bachelor,Employed,Other Chronic,4,1,94,Medium,0,2,7,Yes,Multimorbidity,Mild,High,10.0,High,Easy,Full,6.2,Moderate,Regular,10.0,1
MED-03000,42,Male,High School,Employed,Respiratory,4,2,66,Medium,5,5,5,No,Asthma/COPD,None,Moderate,7.0,Low,Easy,Full,2.8,High,Regular,9.0,0
MED-03001,43,Male,High School,Employed,Psychiatric,1,2,39,Low,3,4,8,No,Depression/Anxiety,None,High,10.0,Moderate,Easy,None,5.3,Low,Regular,,1
MED-03002,50,Female,Doctorate,Self-Employed,Antihypertensive,1,5,20,Medium,1,1,5,Yes,Multimorbidity,None,Low,5.0,Low,Moderate,None,2.2,Moderate,Regular,3.0,1
MED-03003,41,Male,Bachelor,Self-Employed,Antihypertensive,4,1,44,Medium,3,4,6,No,Hypertension,None,High,7.0,Moderate,Easy,Full,20.0,Low,Regular,4.0,1
MED-03004,48,Male,Master,Employed,Cardiovascular,2,9,9,High,3,2,5,No,Heart Disease,Mild,High,10.0,High,Easy,Full,5.3,High,Rare,8.0,0
MED-03005,26,Male,High School,Unemployed,Antihypertensive,1,6,69,Medium,4,6,7,Yes,Hypertension,None,High,9.0,Low,Easy,Full,2.3,Moderate,Occasional,8.0,1
MED-03006,55,Other,Bachelor,Employed,Respiratory,2,7,60,High,4,4,4,No,Asthma/COPD,Moderate,Low,3.0,Low,Easy,Partial,1.9,Moderate,Occasional,6.0,0
MED-03007,53,Female,None,Employed,Cardiovascular,1,3,37,Low,4,10,6,Yes,Heart Disease,Mild,High,8.0,Moderate,Difficult,Partial,4.1,Moderate,Regular,4.0,1
MED-03008,41,Male,High School,Employed,Other Chronic,1,6,13,Medium,1,7,5,No,Multimorbidity,Mild,Moderate,8.0,High,Easy,Full,5.5,High,Regular,9.0,1
MED-03009,62,Male,High School,Self-Employed,Antihypertensive,3,4,21,Medium,0,4,7,Yes,Hypertension,None,Moderate,6.0,Moderate,Easy,Partial,1.2,Moderate,Regular,10.0,1
MED-03010,66,Other,High School,Retired,Antidiabetic,1,5,4,Medium,1,6,7,No,Diabetes,None,Moderate,6.0,Moderate,Easy,Partial,3.3,Low,Occasional,8.0,0
MED-03011,30,Female,Master,Employed,Antidiabetic,1,2,5,Low,0,1,4,Yes,Diabetes,None,Moderate,8.0,Moderate,Moderate,Partial,5.8,High,Occasional,5.0,1
MED-03012,42,Male,High School,Employed,Antihypertensive,1,3,23,Low,3,7,7,Yes,Multimorbidity,None,Moderate,7.0,Low,Moderate,Full,4.3,High,Regular,10.0,1
MED-03013,42,Male,Bachelor,Employed,Cardiovascular,2,1,13,Low,1,3,3,Yes,Heart Disease,Moderate,Moderate,3.0,Moderate,Moderate,Partial,5.3,Moderate,Regular,7.0,1
MED-03014,39,Male,Bachelor,Employed,Antidiabetic,1,4,6,Low,0,5,10,Yes,Diabetes,Mild,High,7.0,Low,Moderate,Full,10.2,Moderate,Rare,,1
MED-03015,64,Male,Bachelor,Employed,Antidiabetic,2,4,20,Medium,1,3,5,Yes,Diabetes,None,High,9.0,Moderate,Easy,Partial,0.3,Moderate,Occasional,6.0,1
MED-03016,50,Female,High School,Employed,Antidiabetic,2,6,21,Medium,0,3,8,Yes,Multimorbidity,None,High,8.0,Moderate,Easy,Full,3.9,Moderate,Occasional,10.0,1
MED-03017,49,Female,Bachelor,Retired,Antihypertensive,3,3,10,Medium,2,4,7,Yes,Hypertension,Mild,High,9.0,High,Moderate,Full,0.6,Moderate,Regular,6.0,1
MED-03018,24,Female,High School,Employed,Antidiabetic,1,1,32,Low,0,5,7,Yes,Diabetes,Mild,Moderate,7.0,High,Easy,Full,3.2,Moderate,Regular,5.0,1
MED-03019,61,Female,High School,Self-Employed,Antidiabetic,3,5,49,Medium,6,4,4,No,Multimorbidity,Mild,Moderate,8.0,Low,Easy,Full,8.8,Low,Regular,8.0,0
MED-03020,35,Male,Doctorate,Unemployed,Antihypertensive,1,1,34,Low,0,4,8,Yes,Multimorbidity,None,High,9.0,Moderate,Easy,None,3.0,High,Regular,7.0,1
MED-03021,53,Female,High School,Employed,Antidiabetic,2,3,25,Medium,0,1,6,Yes,Diabetes,Severe,Moderate,1.0,Moderate,Easy,Full,1.6,High,Regular,8.0,1
MED-03022,56,Female,None,Student,Antihypertensive,2,2,27,Low,3,10,7,Yes,Hypertension,Mild,Low,4.0,Moderate,Easy,None,6.2,Low,Regular,5.0,0
MED-03023,72,Male,Master,Retired,Antidiabetic,1,4,22,Low,2,5,6,No,Multimorbidity,None,High,8.0,Low,Moderate,Full,3.7,Moderate,Regular,5.0,1
MED-03024,34,Male,High School,Employed,Antihypertensive,2,1,19,Low,6,5,6,No,Hypertension,None,High,9.0,Low,Moderate,None,3.8,High,Regular,6.0,1
MED-03025,18,Female,Bachelor,Employed,Antidiabetic,1,4,33,Low,2,4,4,Yes,Diabetes,None,High,10.0,Low,Difficult,None,16.7,High,Regular,8.0,0
MED-03026,55,Male,High School,Self-Employed,Cardiovascular,1,4,34,Low,0,3,6,Yes,Multimorbidity,Mild,High,7.0,Moderate,Easy,Full,1.1,Low,Regular,5.0,1
MED-03027,78,Male,High School,Retired,Cardiovascular,1,3,27,Low,3,5,5,No,Heart Disease,Mild,High,9.0,Low,Easy,Partial,2.1,Moderate,Regular,9.0,1
MED-03028,70,Female,High School,Employed,Respiratory,2,3,20,Medium,3,5,5,No,Asthma/COPD,None,High,10.0,Moderate,Easy,Partial,4.4,Low,Occasional,7.0,1
MED-03029,55,Other,High School,Employed,Antidiabetic,1,3,13,Low,5,7,6,No,Diabetes,Moderate,Low,3.0,Low,Moderate,Partial,8.3,Low,Regular,10.0,0
MED-03030,46,Male,High School,Self-Employed,Antidiabetic,1,3,8,Low,2,9,7,Yes,Multimorbidity,None,High,7.0,Low,Moderate,Partial,1.6,High,Occasional,5.0,1
MED-03031,64,Female,Bachelor,Student,Respiratory,1,4,13,Low,3,8,7,No,Asthma/COPD,Moderate,Moderate,4.0,Low,Easy,Full,2.4,Low,Rare,7.0,0
MED-03032,39,Male,Bachelor,Self-Employed,Antidiabetic,2,1,20,Low,0,1,6,Yes,Multimorbidity,Mild,Moderate,7.0,Moderate,Easy,Partial,3.2,Moderate,Regular,8.0,1
MED-03033,59,Female,Master,Employed,Cardiovascular,2,1,21,Low,2,3,7,No,Heart Disease,None,High,8.0,Moderate,Easy,Full,3.0,Low,Regular,7.0,1
MED-03034,60,Female,None,Employed,Antidiabetic,1,6,106,Medium,0,5,7,No,Diabetes,None,Moderate,4.0,Low,Easy,Partial,5.6,Moderate,Regular,,1
MED-03035,67,Female,Bachelor,Retired,Antidiabetic,1,5,46,Medium,1,4,6,No,Diabetes,Moderate,Moderate,5.0,Low,Easy,Partial,3.2,High,Regular,8.0,1
MED-03036,88,Male,Bachelor,Retired,Respiratory,2,4,33,Medium,1,4,7,No,Asthma/COPD,None,Moderate,5.0,Moderate,Easy,Partial,5.4,Moderate,Occasional,4.0,0
MED-03037,58,Female,Master,Employed,Antihypertensive,3,5,39,Medium,0,1,9,No,Hypertension,None,Moderate,8.0,High,Moderate,Partial,1.3,Moderate,Rare,7.0,1
MED-03038,45,Female,None,Employed,Antidiabetic,2,4,93,Medium,1,7,4,No,Diabetes,Moderate,Low,1.0,Moderate,Moderate,Partial,,Low,Occasional,5.0,0
MED-03039,52,Male,Bachelor,Employed,Antihypertensive,3,2,16,Medium,0,1,6,Yes,Hypertension,Severe,Low,4.0,High,Moderate,None,3.4,Moderate,Occasional,6.0,0
MED-03040,28,Male,Master,Employed,Antidiabetic,1,2,71,Low,1,1,7,No,Diabetes,Moderate,Moderate,9.0,High,Easy,Full,6.3,High,Occasional,7.0,1
MED-03041,43,Male,High School,Self-Employed,Antihypertensive,4,3,3,Medium,2,2,3,No,Hypertension,Mild,Moderate,6.0,High,Moderate,Full,22.0,Moderate,Regular,9.0,0
MED-03042,47,Male,Master,Unemployed,Cardiovascular,1,4,23,Low,0,4,9,Yes,Heart Disease,None,Moderate,6.0,High,Easy,Full,6.8,High,Regular,4.0,1
MED-03043,45,Female,None,Self-Employed,Respiratory,4,5,12,High,0,1,7,Yes,Asthma/COPD,None,High,10.0,Moderate,Easy,Partial,2.0,Low,Regular,10.0,1
MED-03044,55,Male,Bachelor,Employed,Respiratory,1,2,7,Low,1,2,8,No,Asthma/COPD,Mild,High,10.0,High,Moderate,None,5.3,Moderate,Regular,9.0,1
MED-03045,41,Male,Master,Self-Employed,Antidiabetic,2,5,60,Medium,3,7,9,No,Diabetes,None,High,8.0,Moderate,Easy,Full,3.2,Low,Occasional,,0
MED-03046,68,Female,Bachelor,Retired,Other Chronic,1,6,23,Medium,2,4,7,No,Multimorbidity,None,High,8.0,Low,Easy,Full,2.6,High,Regular,5.0,1
MED-03047,53,Male,High School,Employed,Cardiovascular,1,4,20,Low,3,5,2,No,Heart Disease,Mild,High,8.0,High,Easy,Partial,2.2,Moderate,Regular,10.0,0
MED-03048,52,Female,None,Self-Employed,Antidiabetic,3,5,23,Medium,1,2,7,No,Diabetes,None,Moderate,6.0,Low,Moderate,Partial,2.1,High,Regular,,1
MED-03049,48,Male,Master,Employed,Respiratory,2,1,29,Low,1,4,7,No,Asthma/COPD,Mild,High,10.0,High,Easy,Partial,1.4,Moderate,Rare,8.0,1
MED-03050,55,Female,High School,Self-Employed,Cardiovascular,4,1,15,Medium,3,4,4,Yes,Heart Disease,None,High,9.0,Low,Easy,Full,1.3,Moderate,Rare,,1
MED-03051,64,Female,None,Self-Employed,Respiratory,2,7,7,High,3,3,2,Yes,Asthma/COPD,None,Moderate,6.0,Low,Easy,None,5.4,Moderate,Rare,7.0,0
MED-03052,40,Female,Bachelor,Retired,Antihypertensive,2,2,26,Low,1,4,7,Yes,Multimorbidity,Mild,Moderate,7.0,High,Moderate,Full,2.5,High,Rare,6.0,1
MED-03053,43,Male,High School,Employed,Antidiabetic,1,4,29,Low,0,1,4,Yes,Multimorbidity,Moderate,Moderate,5.0,Moderate,Easy,Full,3.8,High,Occasional,9.0,1
MED-03054,48,Female,High School,Employed,Psychiatric,4,2,63,Medium,0,5,10,Yes,Depression/Anxiety,None,Moderate,10.0,Moderate,Easy,Full,1.7,High,Regular,9.0,1
MED-03055,34,Male,High School,Employed,Antidiabetic,2,1,25,Low,0,4,7,No,Diabetes,Moderate,Moderate,6.0,Low,Moderate,None,5.1,Low,Regular,6.0,1
MED-03056,41,Male,None,Employed,Cardiovascular,2,3,28,Medium,1,4,9,No,Multimorbidity,None,High,10.0,High,Difficult,Full,2.0,Moderate,Regular,6.0,1
MED-03057,46,Male,Bachelor,Student,Cardiovascular,2,2,13,Low,1,6,6,No,Multimorbidity,None,Moderate,8.0,Moderate,Moderate,Full,1.2,Moderate,Occasional,8.0,1
MED-03058,65,Female,Bachelor,Retired,Respiratory,2,3,13,Medium,1,5,8,Yes,Asthma/COPD,Mild,High,9.0,Low,Difficult,None,10.8,High,Rare,8.0,1
MED-03059,56,Male,Bachelor,Self-Employed,Antihypertensive,4,9,34,High,2,4,6,No,Multimorbidity,None,High,9.0,Low,Moderate,Partial,3.9,High,Regular,4.0,1
MED-03060,55,Female,Bachelor,Employed,Cardiovascular,1,5,42,Medium,0,2,8,No,Heart Disease,Mild,Moderate,7.0,Moderate,Moderate,None,2.6,High,Regular,6.0,1
MED-03061,64,Male,Master,Self-Employed,Antihypertensive,1,3,51,Low,2,7,2,Yes,Hypertension,Mild,Moderate,10.0,High,Easy,Partial,2.9,Moderate,Regular,10.0,1
MED-03062,51,Male,Bachelor,Self-Employed,Cardiovascular,1,2,32,Low,0,2,8,No,Heart Disease,Mild,High,,Moderate,Easy,Full,2.5,Moderate,Regular,7.0,1
MED-03063,58,Female,None,Student,Respiratory,3,7,15,High,3,6,8,No,Asthma/COPD,Moderate,Low,1.0,Low,Easy,Full,4.8,High,Regular,7.0,0
MED-03064,51,Male,Bachelor,Employed,Antihypertensive,1,1,8,Low,0,1,6,Yes,Hypertension,Moderate,Low,7.0,High,Easy,Full,1.0,High,Regular,8.0,1
MED-03065,56,Female,High School,Employed,Cardiovascular,1,3,12,Low,7,7,5,No,Heart Disease,Severe,Moderate,4.0,High,Easy,Full,0.9,Moderate,Regular,6.0,0
MED-03066,44,Male,Bachelor,Employed,Antidiabetic,1,3,32,Low,2,7,6,No,Multimorbidity,Mild,Moderate,7.0,Moderate,Moderate,Full,3.6,Moderate,Occasional,8.0,1
MED-03067,18,Female,Bachelor,Student,Antihypertensive,2,3,9,Medium,1,1,7,No,Multimorbidity,None,Moderate,6.0,Moderate,Moderate,None,0.9,Moderate,Occasional,8.0,1
MED-03068,51,Female,High School,Employed,Antidiabetic,2,3,12,Medium,0,5,9,Yes,Diabetes,None,Moderate,6.0,Low,Easy,Full,0.8,Moderate,Regular,9.0,1
MED-03069,72,Male,Master,Self-Employed,Antihypertensive,1,2,16,Low,3,5,5,Yes,Hypertension,None,High,7.0,Low,Easy,Full,6.5,High,Occasional,,1
MED-03070,65,Male,High School,Retired,Antidiabetic,4,4,37,High,5,6,3,No,Diabetes,None,High,6.0,High,Easy,None,3.8,Moderate,Occasional,8.0,0
MED-03071,66,Female,Bachelor,Retired,Antidiabetic,4,5,58,High,2,5,10,No,Diabetes,Mild,High,8.0,Low,Difficult,Partial,3.8,High,Occasional,7.0,0
MED-03072,70,Female,None,Retired,Respiratory,1,7,27,Medium,0,2,8,No,Multimorbidity,Mild,High,10.0,Low,Difficult,Partial,1.4,Moderate,Regular,4.0,1
MED-03073,54,Male,Master,Self-Employed,Respiratory,2,1,31,Low,2,4,5,No,Asthma/COPD,None,Moderate,5.0,Moderate,Easy,None,9.4,High,Regular,6.0,1
MED-03074,55,Male,High School,Self-Employed,Cardiovascular,2,4,25,Medium,4,8,9,No,Heart Disease,Moderate,High,9.0,Moderate,Moderate,Partial,7.1,High,Regular,8.0,0
MED-03075,44,Female,High School,Self-Employed,Antihypertensive,1,4,23,Low,0,2,8,Yes,Multimorbidity,Mild,High,10.0,High,Easy,Partial,1.2,Moderate,Regular,7.0,1
MED-03076,48,Female,High School,Employed,Psychiatric,1,3,35,Low,3,5,7,No,Depression/Anxiety,None,Moderate,7.0,Low,Easy,Partial,3.1,High,Regular,7.0,1
MED-03077,61,Male,High School,Employed,Cardiovascular,2,2,23,Low,3,7,5,No,Heart Disease,None,High,7.0,Moderate,Moderate,Partial,2.4,Low,Occasional,7.0,0
MED-03078,69,Female,High School,Retired,Antihypertensive,2,3,69,Medium,0,2,8,Yes,Multimorbidity,None,High,9.0,Moderate,Moderate,Partial,3.2,High,Regular,6.0,1
MED-03079,51,Male,Bachelor,Employed,Respiratory,1,1,30,Low,0,1,8,No,Multimorbidity,None,High,10.0,High,Easy,Partial,7.5,High,Rare,10.0,1
MED-03080,46,Female,High School,Employed,Antihypertensive,3,5,32,Medium,4,2,3,No,Hypertension,Moderate,High,10.0,Low,Easy,Full,2.5,Low,Regular,7.0,1
MED-03081,53,Male,None,Employed,Cardiovascular,2,4,26,Medium,2,5,7,Yes,Heart Disease,Mild,Moderate,7.0,Low,Easy,Full,6.9,High,Rare,7.0,1
MED-03082,61,Other,High School,Employed,Antidiabetic,2,1,44,Low,1,2,7,No,Diabetes,None,High,10.0,Moderate,Easy,Full,0.9,High,Occasional,4.0,1
MED-03083,32,Female,Bachelor,Unemployed,Antidiabetic,1,7,16,Medium,2,4,7,No,Diabetes,None,Moderate,8.0,Moderate,Difficult,Full,2.1,High,Rare,6.0,0
MED-03084,20,Female,Bachelor,Employed,Psychiatric,2,2,13,Low,3,8,6,No,Depression/Anxiety,Mild,High,10.0,Low,Moderate,Partial,2.5,Moderate,Rare,6.0,0
MED-03085,45,Female,Bachelor,Employed,Antidiabetic,1,4,40,Low,0,4,9,Yes,Diabetes,Moderate,High,8.0,Low,Moderate,Partial,2.2,Moderate,Regular,7.0,1
MED-03086,35,Female,Bachelor,Employed,Antihypertensive,2,4,30,Medium,2,3,6,No,Hypertension,None,High,8.0,Low,Easy,Partial,3.4,Moderate,Occasional,6.0,1
MED-03087,45,Female,High School,Employed,Psychiatric,3,4,40,Medium,0,5,6,Yes,Depression/Anxiety,Mild,High,10.0,Low,Moderate,Partial,3.7,High,Rare,6.0,1
MED-03088,50,Male,High School,Employed,Psychiatric,3,8,21,High,4,4,7,No,Depression/Anxiety,Moderate,Low,3.0,Moderate,Easy,Partial,3.9,Moderate,Occasional,6.0,0
MED-03089,46,Female,High School,Unemployed,Cardiovascular,1,7,28,Medium,1,5,6,Yes,Heart Disease,Mild,High,10.0,Moderate,Moderate,Full,6.5,High,Regular,5.0,1
MED-03090,73,Female,Master,Employed,Antidiabetic,2,8,19,High,3,8,3,Yes,Diabetes,Moderate,Low,3.0,Moderate,Easy,Full,5.8,Moderate,Occasional,8.0,0
MED-03091,57,Female,Doctorate,Employed,Antihypertensive,4,6,25,High,8,5,7,No,Hypertension,None,Low,6.0,Low,Easy,Full,1.1,High,Rare,8.0,0
MED-03092,57,Male,High School,Employed,Respiratory,2,3,8,Medium,1,9,7,No,Multimorbidity,Mild,High,7.0,High,Easy,None,3.7,Moderate,Occasional,8.0,0
MED-03093,61,Male,None,Employed,Antihypertensive,1,5,4,Medium,5,6,5,No,Hypertension,None,High,8.0,High,Easy,Partial,2.1,Moderate,Occasional,9.0,0
MED-03094,37,Male,High School,Employed,Antihypertensive,2,5,9,Medium,1,3,6,Yes,Hypertension,Mild,Moderate,6.0,Moderate,Moderate,Partial,6.1,High,Regular,8.0,1
MED-03095,67,Female,High School,Employed,Antidiabetic,1,5,43,Medium,11,10,1,No,Multimorbidity,None,High,7.0,Low,Moderate,Full,8.8,High,Occasional,4.0,0
MED-03096,51,Male,Bachelor,Self-Employed,Antihypertensive,3,2,42,Medium,0,4,9,Yes,Hypertension,Mild,High,8.0,Moderate,Moderate,Partial,6.2,Moderate,Regular,10.0,1
MED-03097,62,Female,None,Unemployed,Antihypertensive,2,8,70,High,0,2,8,Yes,Hypertension,None,High,9.0,Moderate,Easy,Partial,13.9,Low,Rare,9.0,1
MED-03098,37,Female,Master,Employed,Antidiabetic,1,4,41,Low,7,10,3,No,Multimorbidity,Mild,Low,4.0,Moderate,Moderate,Partial,5.8,Low,Rare,3.0,0
MED-03099,31,Female,High School,Employed,Antihypertensive,1,2,20,Low,0,3,5,Yes,Hypertension,Mild,High,10.0,Moderate,Easy,Partial,7.0,Moderate,Rare,5.0,1
MED-03100,64,Female,Master,Self-Employed,Antihypertensive,1,3,26,Low,0,3,9,Yes,Multimorbidity,Moderate,Moderate,5.0,Low,Easy,Partial,1.8,High,Regular,4.0,1
MED-03101,58,Male,Bachelor,Unemployed,Antihypertensive,3,5,4,Medium,3,3,4,No,Hypertension,Mild,High,10.0,Low,Easy,None,3.3,Low,Occasional,8.0,0
MED-03102,40,Male,Bachelor,Employed,Antihypertensive,1,2,20,Low,5,5,7,No,Hypertension,Mild,High,8.0,Low,Moderate,None,5.6,Moderate,Occasional,6.0,0
MED-03103,40,Male,Bachelor,Unemployed,Cardiovascular,2,2,28,Low,4,7,5,No,Heart Disease,Moderate,Moderate,8.0,High,Easy,Full,4.1,High,Occasional,7.0,0
MED-03104,68,Female,Bachelor,Retired,Respiratory,4,5,48,High,1,1,7,No,Multimorbidity,None,High,10.0,High,Moderate,Partial,1.7,Low,Regular,10.0,1
MED-03105,36,Male,Bachelor,Student,Antidiabetic,1,5,27,Medium,1,7,6,Yes,Diabetes,Mild,High,10.0,High,Difficult,Full,1.7,High,Rare,10.0,1
MED-03106,75,Female,Bachelor,Retired,Antidiabetic,2,5,11,Medium,1,3,6,Yes,Diabetes,Mild,High,9.0,Low,Easy,None,0.9,Moderate,Rare,5.0,1
MED-03107,40,Male,Bachelor,Employed,Antihypertensive,2,3,47,Medium,2,4,7,No,Multimorbidity,None,Moderate,9.0,Moderate,Difficult,None,4.4,High,Occasional,8.0,0
MED-03108,61,Male,Doctorate,Employed,Antihypertensive,2,8,18,High,2,8,5,Yes,Hypertension,Severe,Low,1.0,Moderate,Difficult,Full,1.5,Moderate,Occasional,10.0,0
MED-03109,48,Male,Bachelor,Self-Employed,Antihypertensive,1,4,14,Low,4,5,2,No,Hypertension,None,High,9.0,Low,Moderate,None,5.5,Low,Occasional,5.0,0
MED-03110,61,Female,Bachelor,Employed,Antidiabetic,1,5,25,Medium,2,5,4,Yes,Diabetes,None,Moderate,7.0,Moderate,Easy,Partial,5.7,Low,Occasional,9.0,0
MED-03111,45,Female,Master,Employed,Respiratory,2,1,18,Low,2,4,4,No,Multimorbidity,None,Moderate,8.0,Moderate,Easy,Partial,3.9,High,Occasional,6.0,1
MED-03112,50,Male,High School,Self-Employed,Cardiovascular,3,5,28,Medium,3,6,3,Yes,Heart Disease,None,High,,High,Easy,Partial,4.5,Moderate,Occasional,5.0,1
MED-03113,53,Female,High School,Self-Employed,Antidiabetic,1,2,39,Low,6,8,7,Yes,Diabetes,None,High,7.0,Low,Easy,Full,7.1,Moderate,Rare,10.0,1
MED-03114,38,Male,High School,Self-Employed,Antihypertensive,1,4,20,Low,1,1,6,No,Hypertension,None,Moderate,5.0,Moderate,Moderate,None,7.9,Moderate,Occasional,6.0,0
MED-03115,63,Other,Bachelor,Self-Employed,Respiratory,1,8,21,High,1,7,7,Yes,Asthma/COPD,None,High,9.0,High,Moderate,Full,0.6,High,Regular,7.0,1
MED-03116,45,Female,Bachelor,Self-Employed,Antidiabetic,3,5,39,Medium,6,8,7,No,Multimorbidity,Mild,High,8.0,Moderate,Moderate,Partial,5.6,High,Occasional,6.0,0
MED-03117,49,Male,High School,Employed,Respiratory,1,4,39,Low,6,6,8,No,Asthma/COPD,None,High,10.0,Low,Easy,Full,4.8,High,Occasional,9.0,1
MED-03118,39,Female,Bachelor,Self-Employed,Antidiabetic,3,4,30,Medium,2,3,7,No,Diabetes,Mild,Moderate,8.0,Low,Easy,Partial,4.1,Moderate,Regular,9.0,1
MED-03119,18,Male,Bachelor,Student,Respiratory,1,8,24,High,0,2,4,Yes,Asthma/COPD,None,High,9.0,High,Difficult,Full,4.7,Moderate,Regular,5.0,1
MED-03120,50,Female,None,Employed,Psychiatric,4,7,54,High,6,10,7,No,Depression/Anxiety,Moderate,Moderate,6.0,Low,Moderate,Full,2.6,High,Rare,7.0,0
MED-03121,86,Male,Bachelor,Unemployed,Psychiatric,2,8,16,High,2,3,7,No,Depression/Anxiety,Moderate,Moderate,8.0,High,Moderate,None,0.5,Moderate,Regular,8.0,1
MED-03122,63,Female,Bachelor,Self-Employed,Antidiabetic,2,5,39,Medium,6,8,10,No,Diabetes,Mild,Moderate,7.0,Low,Easy,Partial,2.1,High,Regular,9.0,1
MED-03123,52,Male,High School,Employed,Antidiabetic,1,3,15,Low,1,5,6,No,Diabetes,Mild,High,8.0,High,Moderate,Full,0.8,High,Rare,6.0,1
MED-03124,49,Female,Bachelor,Self-Employed,Antihypertensive,3,4,28,Medium,6,9,7,No,Hypertension,Mild,High,7.0,Moderate,Moderate,Partial,1.0,Moderate,Regular,10.0,0
MED-03125,53,Female,Bachelor,Employed,Psychiatric,1,1,10,Low,0,4,6,No,Depression/Anxiety,None,High,10.0,High,Easy,Full,7.4,Low,Rare,8.0,1
MED-03126,60,Female,High School,Employed,Antidiabetic,1,3,28,Low,0,1,6,Yes,Diabetes,None,High,9.0,Low,Moderate,Full,2.2,Low,Regular,5.0,1
MED-03127,36,Female,High School,Employed,Antihypertensive,1,2,56,Low,3,5,6,No,Hypertension,Mild,Moderate,9.0,High,Difficult,Partial,4.1,Moderate,Regular,8.0,0
MED-03128,68,Female,Doctorate,Retired,Antidiabetic,3,5,45,Medium,0,1,5,Yes,Multimorbidity,None,Moderate,5.0,Low,Easy,None,3.3,Moderate,Occasional,8.0,1
MED-03129,63,Male,High School,Unemployed,Antihypertensive,3,8,6,High,9,10,7,No,Hypertension,Moderate,Moderate,5.0,Moderate,Easy,Partial,9.1,High,Occasional,5.0,0
MED-03130,63,Male,High School,Employed,Antidiabetic,2,4,54,Medium,2,6,8,Yes,Multimorbidity,Severe,Moderate,6.0,High,Difficult,Full,3.5,Low,Rare,8.0,0
MED-03131,59,Male,High School,Employed,Cardiovascular,2,4,18,Medium,0,6,5,Yes,Multimorbidity,None,Moderate,7.0,Low,Moderate,Partial,2.1,Moderate,Regular,7.0,1
MED-03132,53,Other,Bachelor,Employed,Antidiabetic,1,9,35,High,1,6,8,No,Diabetes,Mild,Moderate,5.0,Moderate,Moderate,Partial,10.1,High,Occasional,4.0,0
MED-03133,62,Male,Bachelor,Employed,Antihypertensive,3,1,26,Low,0,3,8,Yes,Hypertension,Mild,Low,6.0,Low,Easy,Full,2.3,Moderate,Occasional,1.0,1
MED-03134,61,Female,Bachelor,Employed,Psychiatric,3,7,17,High,1,4,4,Yes,Depression/Anxiety,Moderate,Moderate,4.0,Moderate,Easy,Partial,,High,Occasional,10.0,1
MED-03135,48,Female,High School,Student,Respiratory,2,4,33,Medium,2,5,4,No,Multimorbidity,Mild,Low,6.0,Moderate,Moderate,Full,4.8,High,Rare,7.0,0
MED-03136,44,Male,Master,Employed,Respiratory,2,6,17,Medium,3,9,7,No,Multimorbidity,Mild,High,7.0,Low,Easy,Full,1.3,Low,Regular,7.0,1
MED-03137,54,Male,High School,Employed,Antidiabetic,4,9,40,High,0,2,5,Yes,Multimorbidity,Mild,High,10.0,Low,Difficult,Full,6.6,High,Occasional,5.0,1
MED-03138,74,Male,High School,Retired,Respiratory,3,1,17,Low,1,3,4,Yes,Multimorbidity,None,High,9.0,Low,Moderate,None,9.2,High,Occasional,6.0,1
MED-03139,35,Male,High School,Employed,Antidiabetic,2,3,16,Medium,1,4,10,No,Diabetes,Severe,Moderate,5.0,Low,Easy,Partial,1.4,High,Regular,10.0,1
MED-03140,32,Male,High School,Employed,Antihypertensive,1,3,41,Low,0,3,4,Yes,Hypertension,None,High,9.0,Low,Easy,Full,3.4,Moderate,Occasional,10.0,1
MED-03141,55,Male,Master,Employed,Antihypertensive,2,5,88,Medium,1,1,3,No,Multimorbidity,None,High,9.0,Moderate,Easy,Full,9.1,High,Regular,3.0,1
MED-03142,53,Female,Master,Self-Employed,Antidiabetic,2,4,48,Medium,0,1,5,Yes,Diabetes,None,High,9.0,Moderate,Moderate,Full,1.0,High,Occasional,7.0,1
MED-03143,55,Female,High School,Self-Employed,Antihypertensive,1,1,44,Low,0,1,7,Yes,Hypertension,None,Moderate,8.0,Moderate,Easy,Full,5.3,Low,Rare,10.0,1
MED-03144,56,Male,Master,Self-Employed,Other Chronic,1,5,26,Medium,1,7,6,No,Multimorbidity,Mild,Moderate,7.0,Moderate,Easy,None,1.3,Low,Occasional,7.0,0
MED-03145,49,Male,Bachelor,Employed,Antihypertensive,2,4,39,Medium,1,4,10,No,Hypertension,None,Moderate,9.0,Moderate,Moderate,Partial,2.6,High,Occasional,,1
MED-03146,73,Male,Master,Retired,Antidiabetic,2,6,20,Medium,1,6,5,No,Diabetes,None,Low,3.0,Low,Easy,None,2.8,High,Occasional,6.0,0
MED-03147,30,Female,High School,Employed,Antidiabetic,2,1,61,Low,1,3,7,Yes,Diabetes,None,Moderate,8.0,High,Easy,Full,1.4,Moderate,Occasional,8.0,1
MED-03148,41,Female,Bachelor,Unemployed,Antidiabetic,1,2,7,Low,1,4,9,No,Diabetes,None,Moderate,8.0,Low,Easy,Partial,1.7,Low,Regular,10.0,1
MED-03149,51,Male,High School,Self-Employed,Cardiovascular,3,2,25,Medium,3,8,5,No,Heart Disease,None,Low,6.0,Low,Difficult,Full,,Low,Regular,8.0,0
MED-03150,29,Male,Bachelor,Employed,Antihypertensive,2,2,22,Low,4,8,8,No,Hypertension,Moderate,Moderate,6.0,Low,Easy,Full,9.3,High,Occasional,4.0,0
MED-03151,50,Female,None,Employed,Respiratory,1,1,26,Low,0,7,2,No,Asthma/COPD,Mild,High,9.0,Moderate,Easy,Partial,4.8,Moderate,Occasional,6.0,1
MED-03152,76,Female,Bachelor,Retired,Antidiabetic,1,3,16,Low,0,5,10,No,Multimorbidity,None,High,9.0,Low,Moderate,Full,1.0,Moderate,Regular,8.0,1
MED-03153,53,Male,High School,Self-Employed,Cardiovascular,3,2,29,Medium,1,6,8,No,Multimorbidity,Mild,Low,3.0,Low,Easy,Full,4.7,High,Regular,7.0,1
MED-03154,56,Female,High School,Self-Employed,Cardiovascular,3,3,16,Medium,1,5,5,No,Heart Disease,Moderate,Moderate,7.0,Low,Easy,Full,3.4,Moderate,Occasional,6.0,0
MED-03155,35,Male,Bachelor,Unemployed,Psychiatric,1,2,19,Low,2,4,8,No,Depression/Anxiety,None,Moderate,10.0,Low,Moderate,Partial,2.1,Moderate,Occasional,5.0,1
MED-03156,44,Male,Master,Self-Employed,Respiratory,4,4,36,High,1,4,9,Yes,Asthma/COPD,None,High,10.0,Moderate,Easy,Full,2.4,Low,Regular,5.0,1
MED-03157,47,Female,Bachelor,Employed,Cardiovascular,1,4,105,Low,2,7,3,Yes,Multimorbidity,Severe,Moderate,4.0,Moderate,Easy,Full,4.8,High,Regular,5.0,0
MED-03158,48,Female,Master,Self-Employed,Antidiabetic,4,5,19,High,2,2,5,No,Diabetes,None,Moderate,4.0,Low,Easy,Partial,1.0,High,Rare,8.0,0
MED-03159,70,Male,High School,Self-Employed,Antidiabetic,1,6,33,Medium,0,8,9,Yes,Diabetes,Mild,Low,5.0,Low,Easy,Partial,2.0,Low,Regular,6.0,0
MED-03160,60,Female,Bachelor,Self-Employed,Respiratory,1,4,52,Low,0,4,6,Yes,Asthma/COPD,None,Moderate,9.0,Moderate,Moderate,Partial,1.4,High,Occasional,7.0,1
MED-03161,37,Male,High School,Employed,Psychiatric,2,7,34,High,0,2,7,Yes,Depression/Anxiety,Moderate,Moderate,6.0,High,Easy,Full,1.8,Moderate,Occasional,7.0,1
MED-03162,56,Female,None,Employed,Antihypertensive,1,3,23,Low,0,3,6,No,Multimorbidity,None,Moderate,10.0,Moderate,Easy,Full,4.3,Moderate,Occasional,8.0,1
MED-03163,59,Female,Bachelor,Employed,Antidiabetic,2,5,23,Medium,1,3,8,No,Diabetes,Severe,Low,,Moderate,Easy,Partial,3.4,High,Rare,5.0,0
MED-03164,68,Female,Bachelor,Retired,Respiratory,3,4,55,Medium,4,3,7,No,Asthma/COPD,Mild,Moderate,7.0,Moderate,Easy,Full,5.5,High,Regular,10.0,0
MED-03165,75,Female,Bachelor,Retired,Antidiabetic,3,7,5,High,1,3,6,No,Diabetes,None,High,9.0,Low,Easy,Full,0.6,Moderate,Occasional,3.0,1
MED-03166,38,Male,Bachelor,Employed,Antidiabetic,2,5,29,Medium,0,3,2,Yes,Diabetes,Mild,High,10.0,High,Easy,Full,,High,Occasional,6.0,1
MED-03167,41,Female,Bachelor,Employed,Antidiabetic,2,4,21,Medium,0,4,8,No,Diabetes,Moderate,Moderate,7.0,Low,Easy,Full,3.1,Low,Occasional,6.0,1
MED-03168,35,Female,None,Retired,Cardiovascular,1,6,8,Medium,0,4,8,Yes,Heart Disease,None,High,10.0,Moderate,Easy,Partial,1.0,Moderate,Occasional,5.0,1
MED-03169,49,Female,High School,Employed,Other Chronic,1,3,27,Low,2,6,4,No,Multimorbidity,Moderate,Low,3.0,High,Moderate,None,2.0,Low,Regular,2.0,0
MED-03170,59,Male,Bachelor,Employed,Antidiabetic,2,5,17,Medium,3,4,4,No,Diabetes,None,Moderate,9.0,Low,Difficult,Full,3.3,Low,Occasional,9.0,1
MED-03171,66,Female,High School,Retired,Antihypertensive,1,3,12,Low,3,5,7,No,Hypertension,None,Moderate,8.0,Low,Moderate,Partial,4.2,High,Regular,,1
MED-03172,51,Female,None,Employed,Antihypertensive,2,1,58,Low,0,5,7,Yes,Hypertension,None,High,10.0,Moderate,Easy,Full,4.3,High,Rare,8.0,1
MED-03173,48,Male,High School,Employed,Antihypertensive,2,2,14,Low,4,6,2,Yes,Hypertension,Moderate,High,10.0,Moderate,Easy,None,0.8,Moderate,Occasional,5.0,1
MED-03174,55,Female,Bachelor,Self-Employed,Cardiovascular,1,3,11,Low,3,5,4,No,Heart Disease,Severe,Low,2.0,High,Easy,Full,2.1,Low,Regular,6.0,0
MED-03175,41,Male,High School,Employed,Antidiabetic,2,5,9,Medium,0,3,7,Yes,Multimorbidity,Moderate,Low,2.0,Moderate,Easy,Full,1.1,High,Regular,,1
MED-03176,82,Male,Bachelor,Retired,Antihypertensive,1,4,32,Low,0,2,8,Yes,Hypertension,None,High,9.0,Low,Moderate,Full,3.3,Low,Occasional,6.0,1
MED-03177,30,Female,Bachelor,Employed,Cardiovascular,2,3,34,Medium,3,5,5,Yes,Heart Disease,Severe,Low,4.0,Moderate,Difficult,Full,2.4,Moderate,Occasional,8.0,0
MED-03178,55,Female,High School,Employed,Respiratory,3,4,87,Medium,3,7,6,Yes,Asthma/COPD,None,High,7.0,Moderate,Moderate,Partial,2.1,Moderate,Regular,6.0,1
MED-03179,81,Female,Bachelor,Retired,Antihypertensive,2,4,21,Medium,5,4,4,No,Hypertension,None,High,8.0,Moderate,Easy,Partial,35.0,Low,Regular,5.0,0
MED-03180,53,Male,Bachelor,Employed,Antidiabetic,1,2,19,Low,0,3,9,No,Multimorbidity,None,Moderate,8.0,Low,Easy,Partial,1.5,High,Occasional,7.0,1
MED-03181,50,Female,Bachelor,Employed,Other Chronic,2,5,11,Medium,0,4,7,Yes,Multimorbidity,Severe,Moderate,1.0,Moderate,Easy,None,3.3,Moderate,Regular,7.0,0
MED-03182,47,Male,Bachelor,Employed,Antidiabetic,1,6,36,Medium,0,3,5,Yes,Diabetes,Mild,Moderate,5.0,High,Easy,Full,4.8,High,Occasional,8.0,1
MED-03183,50,Male,None,Employed,Respiratory,2,5,9,Medium,0,3,4,Yes,Asthma/COPD,None,Moderate,6.0,Moderate,Moderate,Partial,4.3,High,Occasional,10.0,1
MED-03184,72,Male,Bachelor,Retired,Antidiabetic,2,5,17,Medium,4,1,4,No,Diabetes,Mild,High,9.0,Low,Moderate,Full,5.1,High,Rare,6.0,0
MED-03185,22,Female,High School,Employed,Respiratory,2,3,31,Medium,1,4,10,No,Asthma/COPD,None,Low,4.0,Low,Moderate,Partial,4.3,High,Rare,9.0,1
MED-03186,74,Female,Master,Retired,Respiratory,3,4,18,Medium,3,5,6,Yes,Asthma/COPD,None,Moderate,7.0,Moderate,Moderate,None,2.6,Moderate,Regular,7.0,0
MED-03187,33,Female,Bachelor,Student,Cardiovascular,2,5,17,Medium,2,2,5,No,Heart Disease,None,Moderate,5.0,Moderate,Easy,None,3.3,Moderate,Regular,9.0,1
MED-03188,49,Female,Bachelor,Self-Employed,Psychiatric,1,1,15,Low,3,3,6,No,Depression/Anxiety,None,Low,7.0,Moderate,Easy,Partial,2.0,Moderate,Regular,9.0,1
MED-03189,46,Male,High School,Employed,Psychiatric,1,2,61,Low,0,2,5,Yes,Depression/Anxiety,None,Moderate,6.0,Low,Easy,None,1.9,High,Regular,5.0,1
MED-03190,61,Female,High School,Employed,Cardiovascular,3,3,17,Medium,1,1,6,No,Multimorbidity,Mild,Moderate,4.0,Moderate,Easy,Partial,1.2,High,Regular,10.0,1
MED-03191,30,Male,High School,Self-Employed,Antihypertensive,1,7,36,Medium,1,2,6,No,Hypertension,None,High,10.0,High,Easy,None,6.0,High,Regular,7.0,1
MED-03192,59,Female,High School,Employed,Antidiabetic,2,5,16,Medium,3,4,6,No,Diabetes,Mild,Moderate,6.0,Low,Easy,None,7.6,High,Regular,5.0,0
MED-03193,81,Male,High School,Self-Employed,Respiratory,2,2,19,Low,1,2,4,No,Asthma/COPD,Mild,High,7.0,Low,Moderate,Full,2.1,High,Rare,5.0,1
MED-03194,33,Female,Bachelor,Employed,Cardiovascular,2,1,27,Low,1,4,8,Yes,Multimorbidity,Mild,Moderate,8.0,Moderate,Moderate,Full,3.1,High,Regular,10.0,1
MED-03195,55,Female,High School,Self-Employed,Antihypertensive,3,4,57,Medium,1,3,5,Yes,Hypertension,None,High,8.0,Moderate,Easy,Full,11.0,High,Occasional,9.0,1
MED-03196,43,Female,Doctorate,Employed,Antihypertensive,2,3,4,Medium,3,2,5,No,Hypertension,None,Moderate,7.0,High,Moderate,Full,7.7,Moderate,Regular,9.0,1
MED-03197,58,Female,High School,Self-Employed,Cardiovascular,2,4,53,Medium,2,5,5,Yes,Heart Disease,None,Low,4.0,Moderate,Easy,Full,6.5,High,Regular,6.0,1
MED-03198,53,Male,Master,Employed,Antihypertensive,3,5,14,Medium,3,3,4,Yes,Hypertension,None,Moderate,6.0,Low,Moderate,Full,4.1,High,Rare,6.0,0
MED-03199,44,Female,Master,Unemployed,Antidiabetic,2,6,29,Medium,2,3,7,No,Diabetes,Mild,High,7.0,High,Moderate,Full,2.1,High,Regular,4.0,0
MED-03200,59,Male,Bachelor,Employed,Respiratory,2,6,25,Medium,5,7,8,No,Asthma/COPD,Mild,Moderate,5.0,Moderate,Easy,Full,2.3,High,Occasional,6.0,0
MED-03201,78,Female,Bachelor,Retired,Cardiovascular,2,3,10,Medium,0,2,5,Yes,Heart Disease,None,Moderate,10.0,Low,Easy,Full,4.0,High,Occasional,7.0,1
MED-03202,50,Female,High School,Student,Antihypertensive,2,2,17,Low,1,8,2,Yes,Hypertension,Mild,Low,3.0,High,Moderate,None,4.6,Moderate,Regular,10.0,0
MED-03203,63,Male,Bachelor,Employed,Antihypertensive,3,3,25,Medium,4,4,4,Yes,Multimorbidity,None,High,7.0,High,Difficult,Partial,1.6,High,Regular,6.0,0
MED-03204,34,Female,High School,Self-Employed,Antihypertensive,1,2,9,Low,1,2,5,Yes,Hypertension,None,High,10.0,Low,Easy,None,8.5,High,Regular,6.0,1
MED-03205,39,Female,High School,Employed,Antihypertensive,1,2,46,Low,1,3,4,No,Hypertension,Mild,Moderate,7.0,High,Difficult,None,9.5,High,Rare,7.0,0
MED-03206,59,Male,Bachelor,Self-Employed,Cardiovascular,4,2,27,Medium,2,5,5,No,Heart Disease,Mild,High,9.0,Low,Easy,Partial,6.0,Low,Rare,9.0,0
MED-03207,73,Female,High School,Retired,Antidiabetic,2,3,18,Medium,4,7,5,No,Diabetes,None,High,8.0,Low,Moderate,Partial,10.3,High,Occasional,10.0,1
MED-03208,57,Male,Bachelor,Self-Employed,Antihypertensive,1,6,21,Medium,2,6,6,Yes,Hypertension,Moderate,High,7.0,Low,Moderate,Full,5.4,Low,Occasional,5.0,1
MED-03209,48,Female,High School,Self-Employed,Antihypertensive,2,2,46,Low,4,5,3,No,Hypertension,Mild,High,8.0,Low,Easy,Full,4.1,High,Regular,6.0,1
MED-03210,52,Female,High School,Employed,Antihypertensive,4,9,53,High,4,7,7,No,Hypertension,None,Low,6.0,Moderate,Easy,Partial,3.5,Low,Occasional,7.0,0
MED-03211,35,Female,High School,Self-Employed,Other Chronic,3,3,14,Medium,1,1,10,No,Multimorbidity,Moderate,Low,3.0,Moderate,Easy,Full,2.6,Moderate,Rare,6.0,0
MED-03212,61,Female,None,Self-Employed,Antidiabetic,2,3,11,Medium,3,5,9,No,Multimorbidity,None,High,10.0,High,Easy,Full,3.3,Moderate,Occasional,6.0,1
MED-03213,65,Male,High School,Retired,Psychiatric,1,6,39,Medium,0,5,5,No,Depression/Anxiety,None,High,9.0,Low,Difficult,Full,1.5,High,Occasional,6.0,1
MED-03214,46,Female,None,Employed,Respiratory,3,1,12,Low,3,5,8,No,Multimorbidity,Mild,Moderate,7.0,Moderate,Easy,Full,3.1,Low,Occasional,4.0,1
MED-03215,46,Male,High School,Employed,Antidiabetic,2,8,34,High,0,1,7,Yes,Multimorbidity,Moderate,Moderate,4.0,Moderate,Difficult,Full,1.4,Moderate,Regular,6.0,1
MED-03216,56,Female,Bachelor,Self-Employed,Cardiovascular,3,6,13,High,4,2,6,No,Multimorbidity,None,High,10.0,Moderate,Moderate,Partial,1.8,Moderate,Rare,4.0,0
MED-03217,46,Female,None,Employed,Antihypertensive,1,3,13,Low,1,4,7,No,Multimorbidity,Mild,Moderate,7.0,Moderate,Easy,Partial,8.3,Moderate,Rare,7.0,1
MED-03218,52,Male,Bachelor,Employed,Cardiovascular,1,2,8,Low,7,7,8,No,Heart Disease,None,High,9.0,Moderate,Easy,Full,8.1,High,Rare,6.0,1
MED-03219,82,Male,High School,Retired,Antihypertensive,2,4,74,Medium,2,9,8,No,Multimorbidity,None,High,10.0,Moderate,Moderate,Full,1.8,Low,Regular,6.0,1
MED-03220,49,Female,Master,Employed,Respiratory,1,5,53,Medium,1,3,4,No,Multimorbidity,None,Moderate,8.0,High,Moderate,Full,6.4,High,Occasional,7.0,1
MED-03221,47,Female,High School,Self-Employed,Antihypertensive,2,10,21,High,1,2,8,No,Hypertension,Moderate,Moderate,7.0,High,Easy,Full,2.1,High,Occasional,2.0,0
MED-03222,43,Male,High School,Self-Employed,Respiratory,4,5,30,High,2,6,10,Yes,Asthma/COPD,None,Low,5.0,Moderate,Difficult,Full,2.0,Moderate,Regular,6.0,1
MED-03223,63,Male,Bachelor,Employed,Antihypertensive,2,3,29,Medium,8,10,8,No,Hypertension,None,Moderate,6.0,Low,Easy,Partial,9.4,High,Occasional,7.0,0
MED-03224,50,Male,High School,Employed,Psychiatric,3,1,75,Low,3,7,9,No,Depression/Anxiety,None,High,10.0,High,Easy,Partial,1.5,Low,Occasional,9.0,1
MED-03225,43,Female,Bachelor,Unemployed,Antidiabetic,2,4,33,Medium,2,3,1,No,Diabetes,None,High,7.0,Moderate,Easy,Full,0.9,High,Occasional,8.0,1
MED-03226,71,Male,High School,Retired,Cardiovascular,3,4,43,Medium,5,10,7,Yes,Heart Disease,None,High,7.0,High,Difficult,Partial,2.0,Moderate,Regular,9.0,0
MED-03227,72,Female,Doctorate,Retired,Antidiabetic,3,5,58,Medium,1,6,7,No,Multimorbidity,None,Moderate,6.0,Low,Easy,Partial,2.1,Moderate,Rare,4.0,1
MED-03228,44,Male,High School,Employed,Antidiabetic,2,2,14,Low,2,3,8,No,Multimorbidity,Severe,Low,3.0,High,Easy,None,2.5,Moderate,Occasional,9.0,0
MED-03229,26,Female,High School,Employed,Cardiovascular,2,1,16,Low,6,9,4,No,Heart Disease,Mild,Moderate,7.0,Moderate,Easy,Partial,0.9,Moderate,Rare,7.0,0
MED-03230,67,Male,Bachelor,Retired,Psychiatric,2,8,53,High,3,3,5,No,Depression/Anxiety,None,High,6.0,Moderate,Easy,Partial,4.3,High,Regular,6.0,0
MED-03231,43,Female,High School,Retired,Antihypertensive,2,3,21,Medium,3,3,8,No,Multimorbidity,None,High,10.0,Low,Moderate,Partial,13.8,Low,Occasional,7.0,1
MED-03232,64,Male,Master,Employed,Psychiatric,1,8,13,High,4,6,4,No,Depression/Anxiety,None,Moderate,8.0,Moderate,Easy,Full,4.2,Moderate,Occasional,10.0,0
MED-03233,25,Female,High School,Self-Employed,Cardiovascular,3,3,28,Medium,1,4,7,Yes,Multimorbidity,None,Moderate,6.0,Low,Moderate,None,2.8,Moderate,Regular,7.0,1
MED-03234,65,Male,Bachelor,Retired,Respiratory,4,5,52,High,2,5,6,No,Asthma/COPD,Moderate,Moderate,7.0,Low,Moderate,Partial,5.5,High,Regular,7.0,0
MED-03235,36,Female,High School,Employed,Antidiabetic,2,3,79,Medium,5,5,6,No,Diabetes,Moderate,High,8.0,Low,Easy,Partial,3.5,Low,Occasional,9.0,1
MED-03236,63,Female,Master,Self-Employed,Antidiabetic,2,4,66,Medium,3,7,7,Yes,Diabetes,None,High,8.0,Low,Moderate,Partial,3.5,Moderate,Occasional,6.0,1
MED-03237,53,Male,Bachelor,Employed,Psychiatric,2,2,4,Low,0,1,4,Yes,Depression/Anxiety,Mild,High,9.0,Low,Moderate,Full,3.1,High,Rare,5.0,1
MED-03238,39,Female,High School,Employed,Antidiabetic,2,3,21,Medium,3,5,5,No,Multimorbidity,Mild,High,9.0,Moderate,Easy,Partial,3.9,High,Occasional,10.0,1
MED-03239,47,Female,High School,Employed,Antidiabetic,2,5,10,Medium,1,4,6,Yes,Diabetes,Mild,Moderate,9.0,High,Easy,Partial,2.4,Moderate,Regular,4.0,1
MED-03240,62,Male,High School,Employed,Antihypertensive,3,8,15,High,1,3,4,Yes,Multimorbidity,None,Moderate,7.0,Low,Easy,Full,,Moderate,Rare,7.0,1
MED-03241,54,Male,Doctorate,Self-Employed,Antihypertensive,2,4,29,Medium,1,3,9,No,Hypertension,None,High,9.0,High,Moderate,Full,13.3,High,Regular,7.0,1
MED-03242,61,Male,High School,Employed,Cardiovascular,1,5,29,Medium,0,1,5,No,Heart Disease,None,High,8.0,Moderate,Easy,Full,4.9,Moderate,Occasional,5.0,1
MED-03243,80,Female,High School,Retired,Cardiovascular,3,3,4,Medium,0,3,8,Yes,Multimorbidity,None,High,8.0,High,Moderate,Full,2.0,High,Occasional,4.0,1
MED-03244,31,Female,None,Employed,Cardiovascular,2,6,15,Medium,10,7,4,No,Heart Disease,Moderate,Low,2.0,Low,Easy,Full,4.3,High,Regular,7.0,0
MED-03245,75,Male,High School,Retired,Antihypertensive,3,6,68,High,2,6,8,No,Multimorbidity,Mild,Moderate,6.0,Low,Easy,None,1.4,Moderate,Rare,8.0,0
MED-03246,54,Female,Bachelor,Self-Employed,Antidiabetic,1,4,9,Low,4,4,3,No,Diabetes,None,High,8.0,High,Moderate,Partial,4.4,High,Occasional,9.0,1
MED-03247,40,Female,Master,Self-Employed,Antidiabetic,1,2,52,Low,0,1,9,Yes,Diabetes,None,High,8.0,Low,Moderate,Partial,5.8,High,Regular,5.0,1
MED-03248,34,Female,Bachelor,Employed,Antidiabetic,4,6,18,High,5,6,9,No,Diabetes,Mild,Moderate,9.0,Moderate,Easy,None,7.2,High,Regular,5.0,0
MED-03249,50,Female,Bachelor,Employed,Psychiatric,1,4,26,Low,3,7,5,Yes,Depression/Anxiety,Mild,High,8.0,Moderate,Easy,Partial,5.1,High,Occasional,10.0,1
MED-03250,65,Female,Bachelor,Retired,Respiratory,3,6,56,High,3,7,4,No,Asthma/COPD,Moderate,Moderate,6.0,High,Easy,Full,2.9,High,Occasional,,0
MED-03251,51,Female,None,Unemployed,Antihypertensive,3,4,22,Medium,1,2,7,No,Hypertension,Moderate,Moderate,6.0,Low,Easy,Full,7.2,High,Regular,6.0,1
MED-03252,74,Male,High School,Retired,Psychiatric,2,2,71,Low,3,3,3,Yes,Depression/Anxiety,Moderate,Moderate,6.0,Moderate,Moderate,Full,2.2,High,Occasional,9.0,0
MED-03253,32,Female,Bachelor,Unemployed,Antidiabetic,1,5,8,Medium,1,8,6,Yes,Diabetes,None,High,10.0,Low,Moderate,Full,4.2,High,Regular,4.0,1
MED-03254,52,Female,Master,Employed,Respiratory,2,6,46,Medium,1,2,5,No,Asthma/COPD,Moderate,Moderate,5.0,Low,Moderate,Partial,1.9,High,Occasional,4.0,0
MED-03255,35,Male,Master,Self-Employed,Antihypertensive,3,1,42,Low,7,6,6,No,Hypertension,None,Moderate,8.0,Low,Easy,Partial,3.9,Low,Regular,10.0,1
MED-03256,58,Female,High School,Employed,Cardiovascular,2,5,66,Medium,2,1,5,No,Multimorbidity,None,High,9.0,High,Easy,Full,10.2,Moderate,Regular,6.0,1
MED-03257,65,Female,High School,Unemployed,Antihypertensive,2,10,38,High,4,4,5,No,Multimorbidity,None,Low,5.0,Low,Moderate,Partial,5.9,Moderate,Occasional,6.0,0
MED-03258,47,Female,High School,Employed,Antidiabetic,2,4,23,Medium,2,6,10,Yes,Diabetes,None,Moderate,6.0,Moderate,Moderate,Full,6.6,High,Regular,6.0,1
MED-03259,18,Male,Master,Self-Employed,Antihypertensive,1,2,14,Low,1,4,8,No,Hypertension,None,Low,5.0,Moderate,Moderate,Full,7.7,Low,Regular,6.0,1
MED-03260,55,Male,Master,Student,Antihypertensive,3,4,21,Medium,7,6,3,No,Multimorbidity,Mild,High,6.0,Moderate,Easy,Full,3.1,Low,Regular,6.0,0
MED-03261,59,Female,Bachelor,Employed,Antihypertensive,3,3,8,Medium,1,2,4,No,Multimorbidity,Mild,High,7.0,Moderate,Easy,None,1.7,High,Occasional,7.0,1
MED-03262,58,Female,High School,Employed,Antihypertensive,4,6,44,High,0,3,8,Yes,Hypertension,None,High,8.0,Moderate,Easy,Full,0.8,Moderate,Regular,9.0,1
MED-03263,70,Male,Bachelor,Retired,Antihypertensive,2,7,25,High,4,6,8,No,Hypertension,None,Moderate,7.0,Low,Easy,None,1.5,High,Occasional,5.0,0
MED-03264,38,Female,High School,Employed,Cardiovascular,3,2,23,Medium,3,6,3,No,Multimorbidity,Mild,High,9.0,Moderate,Difficult,Partial,3.6,Moderate,Regular,6.0,0
MED-03265,62,Female,High School,Employed,Antihypertensive,1,3,20,Low,1,5,8,Yes,Multimorbidity,None,Moderate,9.0,Moderate,Easy,Partial,0.7,Low,Regular,7.0,1
MED-03266,69,Male,Bachelor,Self-Employed,Cardiovascular,2,3,41,Medium,1,7,7,Yes,Heart Disease,Mild,High,10.0,Low,Moderate,Partial,3.8,Low,Occasional,10.0,1
MED-03267,28,Male,None,Self-Employed,Antihypertensive,2,1,23,Low,2,1,2,Yes,Hypertension,None,Moderate,7.0,High,Moderate,Full,4.8,High,Occasional,6.0,1
MED-03268,57,Male,High School,Employed,Psychiatric,3,5,27,Medium,2,3,5,Yes,Depression/Anxiety,Moderate,Low,3.0,Moderate,Easy,Partial,1.0,Low,Occasional,5.0,0
MED-03269,45,Female,Master,Employed,Psychiatric,3,6,27,High,8,9,6,No,Depression/Anxiety,None,High,8.0,Moderate,Easy,Full,6.4,High,Occasional,3.0,0
MED-03270,51,Male,Bachelor,Employed,Antihypertensive,4,5,37,High,6,7,6,Yes,Hypertension,None,High,7.0,Moderate,Easy,None,2.4,Low,Occasional,5.0,0
MED-03271,57,Male,High School,Employed,Cardiovascular,3,4,36,Medium,4,6,3,No,Heart Disease,Mild,Moderate,4.0,Low,Easy,Partial,1.0,Moderate,Regular,5.0,0
MED-03272,46,Male,Bachelor,Self-Employed,Antihypertensive,3,3,56,Medium,2,4,5,Yes,Hypertension,Mild,Moderate,5.0,High,Easy,None,0.9,Low,Occasional,4.0,0
MED-03273,43,Male,High School,Employed,Psychiatric,1,2,52,Low,1,7,5,No,Depression/Anxiety,None,High,10.0,Low,Easy,None,3.2,High,Regular,7.0,1
MED-03274,53,Male,Bachelor,Self-Employed,Antidiabetic,3,6,19,High,3,5,5,Yes,Diabetes,Moderate,Moderate,5.0,Low,Moderate,Full,3.5,Low,Rare,6.0,0
MED-03275,37,Male,Bachelor,Employed,Antihypertensive,2,3,77,Medium,2,1,5,No,Hypertension,None,Moderate,6.0,High,Moderate,None,3.3,Moderate,Occasional,10.0,0
MED-03276,37,Female,Bachelor,Employed,Antidiabetic,1,3,35,Low,3,7,6,Yes,Diabetes,None,Moderate,9.0,Moderate,Easy,Full,7.2,High,Occasional,7.0,1
MED-03277,62,Female,Bachelor,Employed,Antihypertensive,1,3,88,Low,0,3,7,Yes,Multimorbidity,Moderate,Moderate,2.0,Low,Difficult,Partial,3.5,High,Occasional,9.0,1
MED-03278,36,Male,High School,Retired,Antidiabetic,2,5,32,Medium,4,6,10,No,Multimorbidity,None,High,8.0,Moderate,Moderate,Partial,2.1,High,Occasional,6.0,0
MED-03279,62,Male,High School,Employed,Cardiovascular,1,3,21,Low,0,1,8,Yes,Multimorbidity,Severe,High,5.0,High,Difficult,Full,2.6,Moderate,Regular,5.0,1
MED-03280,59,Female,High School,Employed,Antidiabetic,2,3,18,Medium,1,8,9,No,Diabetes,None,High,9.0,Low,Easy,Full,7.5,High,Occasional,8.0,1
MED-03281,28,Male,High School,Employed,Antidiabetic,2,3,7,Medium,3,4,5,No,Diabetes,Mild,High,10.0,Low,Easy,None,1.4,Moderate,Regular,5.0,1
MED-03282,43,Male,Bachelor,Employed,Antihypertensive,3,2,30,Medium,0,2,4,No,Hypertension,None,High,10.0,Moderate,Moderate,Full,3.7,High,Occasional,9.0,1
MED-03283,69,Male,High School,Employed,Antihypertensive,3,5,32,Medium,0,3,8,Yes,Hypertension,None,High,10.0,Low,Moderate,Full,3.9,High,Regular,5.0,1
MED-03284,39,Male,High School,Employed,Antihypertensive,2,2,26,Low,0,4,6,No,Hypertension,Mild,High,10.0,Moderate,Easy,Partial,7.2,Moderate,Regular,8.0,1
MED-03285,46,Female,High School,Employed,Respiratory,1,4,33,Low,0,4,8,No,Asthma/COPD,None,High,9.0,Moderate,Moderate,Partial,3.6,Moderate,Regular,8.0,1
MED-03286,59,Male,Doctorate,Employed,Antihypertensive,1,4,10,Low,0,7,4,Yes,Hypertension,Mild,High,10.0,Moderate,Difficult,Partial,1.6,High,Regular,5.0,1
MED-03287,63,Female,High School,Employed,Cardiovascular,1,2,24,Low,0,5,8,Yes,Heart Disease,None,Low,,Low,Easy,Partial,3.8,High,Occasional,9.0,1
MED-03288,49,Male,Bachelor,Employed,Antidiabetic,1,3,12,Low,0,1,6,Yes,Diabetes,None,High,10.0,Low,Moderate,Partial,5.7,High,Regular,10.0,1
MED-03289,44,Male,High School,Employed,Antihypertensive,4,6,34,High,0,2,5,Yes,Hypertension,None,High,10.0,Low,Easy,Partial,3.7,High,Occasional,5.0,1
MED-03290,72,Female,None,Retired,Cardiovascular,2,7,29,High,6,10,5,No,Heart Disease,Moderate,Moderate,6.0,Low,Easy,Full,7.6,High,Rare,5.0,0
MED-03291,77,Male,High School,Retired,Antidiabetic,1,6,51,Medium,3,5,7,No,Diabetes,Mild,High,8.0,Moderate,Easy,Partial,1.2,Moderate,Occasional,7.0,1
MED-03292,66,Female,Bachelor,Retired,Antidiabetic,1,5,21,Medium,2,7,8,Yes,Diabetes,None,High,8.0,Low,Moderate,Full,3.0,High,Regular,9.0,1
MED-03293,54,Male,Bachelor,Employed,Cardiovascular,2,5,51,Medium,1,4,5,Yes,Heart Disease,Mild,High,,Low,Moderate,None,3.3,High,Occasional,9.0,1
MED-03294,41,Female,Master,Employed,Antidiabetic,2,3,24,Medium,0,2,7,Yes,Diabetes,Mild,High,10.0,Low,Easy,Partial,5.9,Low,Occasional,6.0,1
MED-03295,41,Male,High School,Employed,Antidiabetic,1,10,40,High,0,3,7,Yes,Multimorbidity,Mild,High,5.0,High,Moderate,Partial,6.5,High,Rare,7.0,0
MED-03296,60,Female,High School,Self-Employed,Cardiovascular,4,2,15,Medium,3,5,8,Yes,Multimorbidity,None,Moderate,10.0,Low,Moderate,Full,3.4,High,Occasional,6.0,1
MED-03297,58,Male,Master,Unemployed,Cardiovascular,1,6,27,Medium,0,3,8,Yes,Multimorbidity,Mild,High,9.0,Low,Easy,Partial,2.5,Moderate,Regular,6.0,1
MED-03298,72,Female,High School,Retired,Antihypertensive,1,5,25,Medium,2,9,10,Yes,Multimorbidity,None,High,10.0,Low,Difficult,Full,3.8,Moderate,Regular,6.0,1
MED-03299,62,Male,Bachelor,Employed,Antidiabetic,1,5,53,Medium,1,3,5,No,Diabetes,None,High,7.0,High,Moderate,Full,1.4,High,Occasional,4.0,1
MED-03300,31,Female,Bachelor,Employed,Antihypertensive,2,5,25,Medium,0,2,9,No,Hypertension,Moderate,Low,5.0,Low,Difficult,Partial,2.3,Moderate,Occasional,9.0,1
MED-03301,67,Male,High School,Self-Employed,Antihypertensive,1,1,25,Low,0,6,6,No,Hypertension,Mild,Moderate,8.0,Moderate,Easy,Partial,5.1,Moderate,Regular,7.0,1
MED-03302,39,Female,Bachelor,Student,Cardiovascular,1,3,84,Low,5,7,4,No,Multimorbidity,Mild,High,10.0,Low,Difficult,Full,4.3,Moderate,Regular,10.0,1
MED-03303,47,Male,High School,Employed,Psychiatric,1,5,44,Medium,4,5,5,Yes,Depression/Anxiety,None,High,8.0,Low,Easy,Full,2.0,Low,Occasional,8.0,1
MED-03304,56,Male,High School,Self-Employed,Psychiatric,2,6,22,Medium,0,3,7,No,Depression/Anxiety,Mild,High,8.0,Low,Easy,Full,1.8,Low,Occasional,6.0,1
MED-03305,80,Female,High School,Retired,Antihypertensive,1,2,38,Low,0,1,8,Yes,Hypertension,None,High,7.0,Moderate,Easy,Partial,1.8,Moderate,Regular,5.0,1
MED-03306,88,Male,Bachelor,Retired,Antidiabetic,1,5,47,Medium,7,7,4,No,Diabetes,Mild,High,10.0,Moderate,Easy,Full,1.9,Low,Occasional,10.0,0
MED-03307,61,Male,High School,Employed,Cardiovascular,2,2,28,Low,2,6,5,Yes,Multimorbidity,None,Low,7.0,Moderate,Easy,Partial,3.7,Moderate,Regular,3.0,1
MED-03308,50,Female,Bachelor,Employed,Antihypertensive,1,1,43,Low,1,4,5,Yes,Hypertension,None,High,9.0,High,Easy,Full,8.2,Moderate,Occasional,6.0,1
MED-03309,60,Female,Master,Employed,Respiratory,2,4,27,Medium,3,5,4,No,Asthma/COPD,Moderate,Low,1.0,Low,Easy,Full,8.9,Low,Occasional,6.0,0
MED-03310,65,Male,Bachelor,Retired,Respiratory,1,3,54,Low,1,4,2,Yes,Asthma/COPD,None,Low,7.0,Low,Difficult,Partial,1.7,Low,Regular,6.0,1
MED-03311,48,Female,Bachelor,Employed,Psychiatric,1,6,6,Medium,3,8,2,Yes,Depression/Anxiety,Mild,High,9.0,Moderate,Moderate,None,4.3,Low,Occasional,5.0,1
MED-03312,78,Female,High School,Retired,Antihypertensive,2,3,14,Medium,0,2,5,Yes,Hypertension,None,High,5.0,Low,Moderate,None,4.1,Moderate,Occasional,4.0,1
MED-03313,56,Male,High School,Self-Employed,Antihypertensive,1,2,20,Low,2,3,7,No,Hypertension,Mild,Low,2.0,High,Easy,Partial,3.9,Moderate,Occasional,5.0,0
MED-03314,59,Female,High School,Employed,Respiratory,1,5,43,Medium,0,3,8,Yes,Asthma/COPD,None,High,7.0,High,Easy,Full,1.6,High,Regular,7.0,1
MED-03315,62,Female,Bachelor,Employed,Cardiovascular,2,4,33,Medium,2,5,3,No,Heart Disease,Mild,Low,4.0,Low,Easy,Full,1.9,Moderate,Regular,7.0,0
MED-03316,58,Other,Doctorate,Self-Employed,Psychiatric,3,3,16,Medium,5,5,3,No,Multimorbidity,None,Moderate,5.0,Moderate,Easy,Partial,4.3,Moderate,Occasional,6.0,0
MED-03317,64,Male,Master,Student,Antihypertensive,2,4,29,Medium,5,5,5,Yes,Hypertension,Moderate,Low,2.0,Low,Moderate,Full,2.5,High,Regular,6.0,0
MED-03318,44,Female,Master,Retired,Cardiovascular,3,4,6,Medium,1,3,6,No,Heart Disease,None,Moderate,8.0,Low,Easy,Full,3.6,High,Occasional,5.0,1
MED-03319,45,Male,Master,Employed,Cardiovascular,3,7,9,High,4,8,8,No,Heart Disease,None,Moderate,9.0,High,Moderate,None,1.6,High,Occasional,7.0,0
MED-03320,37,Male,High School,Employed,Antihypertensive,4,4,8,High,2,4,8,No,Hypertension,Mild,Moderate,8.0,Moderate,Easy,Full,2.3,Moderate,Occasional,7.0,1
MED-03321,59,Male,Bachelor,Employed,Antidiabetic,3,5,12,Medium,3,7,5,Yes,Diabetes,None,Moderate,5.0,Low,Moderate,Partial,1.2,Moderate,Regular,8.0,1
MED-03322,63,Other,Master,Self-Employed,Cardiovascular,2,7,42,High,2,10,7,Yes,Heart Disease,Moderate,Moderate,7.0,Low,Difficult,Full,4.0,Moderate,Regular,6.0,0
MED-03323,59,Female,High School,Employed,Antihypertensive,1,2,34,Low,4,3,4,No,Hypertension,None,Moderate,6.0,Low,Difficult,Full,2.6,Low,Occasional,5.0,1
MED-03324,76,Female,Master,Retired,Antihypertensive,1,4,22,Low,1,5,6,Yes,Hypertension,None,High,10.0,Low,Moderate,Partial,4.1,Moderate,Regular,7.0,1
MED-03325,52,Female,High School,Employed,Cardiovascular,2,6,43,Medium,0,4,6,Yes,Heart Disease,None,High,9.0,Moderate,Easy,Full,2.5,Moderate,Regular,8.0,1
MED-03326,62,Male,Bachelor,Self-Employed,Antidiabetic,4,5,56,High,3,9,9,Yes,Diabetes,Moderate,High,10.0,Moderate,Easy,None,4.0,Moderate,Regular,5.0,1
MED-03327,37,Male,Bachelor,Unemployed,Psychiatric,2,2,12,Low,4,4,7,No,Depression/Anxiety,Mild,High,10.0,Moderate,Moderate,Partial,12.9,Low,Occasional,6.0,0
MED-03328,47,Male,Master,Employed,Antidiabetic,2,1,52,Low,2,5,5,Yes,Multimorbidity,Mild,Moderate,8.0,Low,Easy,Partial,2.2,Moderate,Regular,4.0,1
MED-03329,62,Male,High School,Employed,Antihypertensive,2,7,16,High,4,5,5,No,Hypertension,Mild,Moderate,6.0,Low,Easy,Partial,4.8,Low,Regular,4.0,0
MED-03330,64,Female,Bachelor,Employed,Other Chronic,2,1,18,Low,1,4,6,Yes,Multimorbidity,Moderate,Moderate,8.0,Low,Moderate,Partial,2.0,High,Occasional,6.0,1
MED-03331,48,Female,Bachelor,Employed,Psychiatric,2,2,74,Low,6,6,3,No,Depression/Anxiety,Moderate,Moderate,7.0,High,Easy,Partial,3.0,High,Occasional,5.0,0
MED-03332,51,Male,High School,Employed,Antihypertensive,2,4,30,Medium,3,5,6,Yes,Hypertension,Moderate,Moderate,6.0,Low,Difficult,Full,4.7,Moderate,Regular,8.0,1
MED-03333,31,Male,Bachelor,Employed,Respiratory,1,3,19,Low,0,6,6,Yes,Asthma/COPD,None,High,8.0,Low,Moderate,Partial,4.1,Low,Regular,7.0,1
MED-03334,48,Male,Bachelor,Employed,Antihypertensive,2,5,38,Medium,0,5,7,Yes,Hypertension,None,High,,Low,Moderate,Partial,5.6,High,Regular,9.0,1
MED-03335,65,Male,Bachelor,Retired,Antihypertensive,3,3,46,Medium,0,3,7,Yes,Hypertension,None,High,10.0,Low,Moderate,Partial,6.8,High,Regular,9.0,1
MED-03336,61,Female,High School,Employed,Antihypertensive,3,4,30,Medium,1,4,6,Yes,Multimorbidity,Moderate,High,8.0,High,Easy,Full,5.5,Moderate,Regular,7.0,1
MED-03337,60,Female,High School,Employed,Antihypertensive,1,4,19,Low,0,6,3,No,Hypertension,Moderate,Low,,Low,Difficult,Full,6.6,Moderate,Rare,3.0,0
MED-03338,53,Female,Bachelor,Self-Employed,Respiratory,3,7,33,High,7,6,4,No,Asthma/COPD,Mild,High,8.0,Moderate,Easy,Partial,3.9,Moderate,Regular,8.0,0
MED-03339,53,Male,High School,Employed,Cardiovascular,1,5,40,Medium,1,7,5,No,Heart Disease,None,High,10.0,High,Difficult,Full,1.9,Moderate,Regular,9.0,1
MED-03340,43,Male,High School,Self-Employed,Other Chronic,1,5,24,Medium,4,9,8,No,Multimorbidity,None,High,7.0,High,Difficult,Full,6.1,High,Regular,8.0,0
MED-03341,62,Male,Master,Unemployed,Cardiovascular,2,6,71,Medium,1,3,7,No,Heart Disease,Mild,Low,6.0,Low,Easy,Full,2.5,Moderate,Rare,7.0,1
MED-03342,58,Female,Bachelor,Employed,Antidiabetic,1,5,32,Medium,2,5,6,No,Diabetes,None,High,10.0,Low,Moderate,Full,5.6,Moderate,Rare,6.0,1
MED-03343,59,Female,Bachelor,Employed,Cardiovascular,1,8,45,High,0,4,10,Yes,Heart Disease,Mild,High,8.0,Moderate,Moderate,Partial,1.3,Moderate,Regular,4.0,1
MED-03344,45,Male,High School,Employed,Other Chronic,1,5,45,Medium,1,2,9,No,Multimorbidity,Mild,Moderate,5.0,High,Difficult,Partial,2.5,Moderate,Rare,8.0,1
MED-03345,22,Female,High School,Employed,Cardiovascular,2,3,9,Medium,1,6,9,No,Heart Disease,None,Moderate,8.0,Moderate,Easy,Full,2.0,High,Regular,6.0,1
MED-03346,68,Female,High School,Employed,Respiratory,1,3,38,Low,2,6,8,No,Multimorbidity,Moderate,Moderate,8.0,Low,Moderate,Full,4.5,Moderate,Regular,7.0,1
MED-03347,46,Female,High School,Employed,Psychiatric,2,1,41,Low,2,2,7,No,Depression/Anxiety,None,Moderate,10.0,Low,Moderate,Full,2.2,High,Occasional,6.0,1
MED-03348,40,Female,Bachelor,Employed,Antihypertensive,2,1,19,Low,0,4,7,No,Hypertension,Moderate,Low,4.0,Moderate,Easy,Partial,3.3,High,Regular,10.0,1
MED-03349,62,Female,Bachelor,Employed,Cardiovascular,2,6,17,Medium,5,3,2,No,Heart Disease,Mild,High,8.0,Low,Moderate,Partial,3.0,Moderate,Regular,7.0,1
MED-03350,47,Female,High School,Employed,Psychiatric,3,1,9,Low,2,1,4,No,Depression/Anxiety,None,Moderate,8.0,Low,Easy,Full,7.2,Moderate,Occasional,6.0,1
MED-03351,67,Male,High School,Retired,Other Chronic,2,1,59,Low,1,4,6,No,Multimorbidity,Moderate,Moderate,7.0,Moderate,Moderate,Full,4.7,Low,Occasional,5.0,1
MED-03352,61,Male,High School,Unemployed,Antihypertensive,1,4,15,Low,1,2,6,No,Hypertension,Moderate,Low,4.0,Moderate,Easy,Full,4.1,Moderate,Rare,4.0,0
MED-03353,62,Male,High School,Employed,Antidiabetic,1,6,9,Medium,3,5,6,No,Multimorbidity,Moderate,High,6.0,Low,Easy,Partial,3.4,High,Regular,8.0,0
MED-03354,33,Male,High School,Employed,Cardiovascular,2,6,22,Medium,10,5,7,No,Heart Disease,Mild,Low,5.0,Low,Easy,Full,1.9,High,Regular,6.0,0
MED-03355,69,Female,Master,Employed,Antihypertensive,2,6,13,Medium,0,5,2,Yes,Hypertension,Mild,High,10.0,Low,Easy,Partial,1.7,High,Regular,6.0,1
MED-03356,56,Female,Bachelor,Employed,Cardiovascular,1,6,9,Medium,0,5,7,No,Heart Disease,Moderate,Low,7.0,Low,Difficult,Full,4.1,Low,Regular,6.0,0
MED-03357,47,Male,Bachelor,Employed,Antihypertensive,1,4,92,Low,5,8,6,No,Hypertension,None,Moderate,7.0,High,Moderate,Full,1.1,Moderate,Regular,5.0,0
MED-03358,55,Female,High School,Employed,Antidiabetic,3,5,13,Medium,1,3,6,Yes,Diabetes,None,Moderate,10.0,Moderate,Moderate,None,3.2,Moderate,Occasional,6.0,1
MED-03359,28,Male,Master,Employed,Antidiabetic,2,4,16,Medium,0,3,8,Yes,Multimorbidity,None,High,10.0,Low,Easy,None,3.6,High,Regular,7.0,1
MED-03360,58,Male,Bachelor,Employed,Antidiabetic,2,3,29,Medium,3,6,4,Yes,Diabetes,Moderate,Low,4.0,Moderate,Easy,Partial,1.2,Moderate,Regular,5.0,0
MED-03361,38,Male,Bachelor,Employed,Antidiabetic,3,7,9,High,3,4,6,No,Multimorbidity,Mild,High,10.0,Low,Moderate,Full,3.2,High,Rare,,0
MED-03362,34,Male,High School,Employed,Antidiabetic,3,7,25,High,3,7,7,Yes,Diabetes,None,High,8.0,Moderate,Easy,Partial,3.3,Moderate,Regular,4.0,1
MED-03363,31,Male,Master,Employed,Antihypertensive,2,2,39,Low,5,6,4,No,Hypertension,None,High,9.0,Low,Easy,Partial,15.8,Moderate,Regular,6.0,0
MED-03364,68,Female,Bachelor,Retired,Antihypertensive,2,6,31,Medium,4,9,2,No,Hypertension,None,High,8.0,Low,Easy,Full,3.3,High,Regular,8.0,0
MED-03365,44,Male,Master,Self-Employed,Antihypertensive,4,3,35,Medium,3,4,4,Yes,Hypertension,Moderate,Low,3.0,Low,Moderate,Partial,6.4,High,Rare,7.0,1
MED-03366,74,Other,High School,Retired,Antihypertensive,2,2,25,Low,0,1,6,Yes,Hypertension,Moderate,Moderate,3.0,Low,Moderate,Full,4.6,Low,Occasional,4.0,1
MED-03367,45,Male,High School,Employed,Cardiovascular,1,4,20,Low,2,5,6,No,Heart Disease,Moderate,High,10.0,Low,Moderate,Full,4.0,Moderate,Regular,1.0,1
MED-03368,29,Male,High School,Employed,Respiratory,1,6,36,Medium,6,4,6,No,Asthma/COPD,Mild,High,8.0,Moderate,Easy,Full,6.2,Moderate,Regular,8.0,1
MED-03369,37,Male,High School,Employed,Antihypertensive,2,1,34,Low,4,6,5,Yes,Hypertension,None,High,10.0,Low,Easy,Partial,1.1,High,Regular,8.0,1
MED-03370,70,Female,Master,Retired,Antihypertensive,3,4,12,Medium,4,6,3,No,Hypertension,Mild,High,9.0,Moderate,Difficult,Full,3.1,Moderate,Regular,8.0,0
MED-03371,50,Male,None,Employed,Respiratory,1,3,29,Low,3,3,6,No,Asthma/COPD,Mild,Moderate,7.0,Moderate,Moderate,None,4.1,High,Regular,6.0,1
MED-03372,45,Female,None,Self-Employed,Antidiabetic,1,6,26,Medium,0,2,6,No,Multimorbidity,Mild,High,7.0,Moderate,Easy,Full,1.6,Moderate,Regular,6.0,1
MED-03373,55,Female,High School,Unemployed,Other Chronic,3,3,40,Medium,0,4,8,Yes,Multimorbidity,Mild,Moderate,6.0,Low,Easy,Full,3.2,Moderate,Occasional,7.0,1
MED-03374,60,Female,High School,Unemployed,Cardiovascular,3,2,33,Medium,0,1,5,Yes,Multimorbidity,Mild,Moderate,7.0,Low,Easy,Partial,3.6,High,Rare,8.0,1
MED-03375,68,Female,High School,Employed,Antidiabetic,1,10,55,High,6,5,2,No,Diabetes,None,High,8.0,High,Moderate,Full,2.9,Moderate,Occasional,7.0,0
MED-03376,73,Male,Bachelor,Retired,Antihypertensive,1,4,47,Low,2,4,1,Yes,Hypertension,Moderate,Low,2.0,Moderate,Easy,Full,1.7,High,Regular,8.0,1
MED-03377,47,Male,Bachelor,Employed,Antidiabetic,2,3,50,Medium,2,6,5,Yes,Multimorbidity,None,Moderate,6.0,Moderate,Easy,Full,1.9,High,Occasional,9.0,1
MED-03378,34,Male,None,Employed,Antihypertensive,1,3,41,Low,0,1,6,Yes,Hypertension,Mild,Moderate,8.0,Low,Moderate,Full,2.6,Low,Rare,5.0,1
MED-03379,47,Female,High School,Employed,Antihypertensive,3,1,49,Low,3,5,6,No,Multimorbidity,None,High,10.0,Low,Easy,Partial,4.4,High,Occasional,6.0,1
MED-03380,56,Male,High School,Self-Employed,Antihypertensive,1,3,21,Low,4,8,5,Yes,Hypertension,None,High,7.0,Moderate,Easy,Partial,3.6,High,Regular,5.0,1
MED-03381,39,Male,High School,Employed,Respiratory,1,2,45,Low,3,6,3,Yes,Asthma/COPD,Moderate,Moderate,5.0,Low,Easy,Full,3.9,Moderate,Regular,6.0,1
MED-03382,39,Female,Bachelor,Employed,Antidiabetic,1,5,26,Medium,4,7,2,No,Diabetes,None,Moderate,7.0,Moderate,Moderate,Full,2.8,Low,Occasional,7.0,0
MED-03383,57,Male,Bachelor,Employed,Antihypertensive,1,8,9,High,2,5,7,Yes,Multimorbidity,None,High,9.0,Moderate,Moderate,Full,1.8,Moderate,Occasional,5.0,1
MED-03384,52,Female,Bachelor,Unemployed,Cardiovascular,1,5,45,Medium,0,1,6,Yes,Heart Disease,None,High,8.0,Moderate,Easy,Partial,2.6,Low,Regular,4.0,1
MED-03385,53,Female,Bachelor,Unemployed,Antidiabetic,1,5,31,Medium,4,5,5,No,Multimorbidity,Mild,Low,6.0,Moderate,Moderate,None,1.8,Moderate,Regular,4.0,0
MED-03386,42,Male,None,Employed,Antidiabetic,3,3,61,Medium,2,5,3,Yes,Diabetes,Mild,High,9.0,Moderate,Easy,Partial,0.3,High,Occasional,8.0,1
MED-03387,49,Male,Master,Employed,Antihypertensive,1,4,29,Low,6,2,4,No,Hypertension,None,High,6.0,Moderate,Moderate,Full,3.3,Moderate,Rare,5.0,0
MED-03388,40,Male,Bachelor,Employed,Cardiovascular,3,5,15,Medium,1,4,6,Yes,Heart Disease,Mild,High,8.0,Moderate,Easy,None,2.7,High,Regular,6.0,1
MED-03389,65,Female,Master,Retired,Other Chronic,1,7,18,Medium,0,1,7,Yes,Multimorbidity,Moderate,Moderate,4.0,Low,Easy,Partial,8.4,High,Rare,7.0,1
MED-03390,67,Female,None,Retired,Antihypertensive,2,4,23,Medium,2,4,6,No,Hypertension,None,High,9.0,Moderate,Moderate,Partial,5.6,High,Regular,9.0,1
MED-03391,27,Female,Master,Self-Employed,Antihypertensive,1,6,32,Medium,2,4,9,No,Hypertension,Mild,High,7.0,Moderate,Easy,Partial,4.7,High,Regular,6.0,1
MED-03392,39,Female,Bachelor,Employed,Antihypertensive,1,4,49,Low,1,8,5,Yes,Multimorbidity,Mild,Low,2.0,Moderate,Moderate,Partial,1.6,High,Regular,7.0,0
MED-03393,32,Female,Master,Employed,Antihypertensive,2,4,31,Medium,3,3,9,No,Multimorbidity,None,High,6.0,Moderate,Easy,Partial,7.1,High,Regular,5.0,1
MED-03394,43,Male,High School,Employed,Antidiabetic,2,2,12,Low,0,4,7,Yes,Diabetes,Mild,Moderate,10.0,Low,Easy,Full,3.7,High,Regular,6.0,1
MED-03395,51,Male,Bachelor,Self-Employed,Respiratory,3,4,32,Medium,0,4,6,Yes,Asthma/COPD,None,High,7.0,Low,Moderate,Full,2.5,High,Occasional,5.0,1
MED-03396,32,Female,Master,Employed,Psychiatric,3,9,54,High,0,3,8,Yes,Depression/Anxiety,Moderate,Moderate,6.0,Moderate,Easy,None,1.8,High,Rare,7.0,0
MED-03397,40,Male,Bachelor,Employed,Antihypertensive,2,4,29,Medium,4,6,5,No,Multimorbidity,None,Moderate,7.0,High,Moderate,Full,2.0,Low,Regular,7.0,0
MED-03398,38,Male,Bachelor,Unemployed,Antidiabetic,2,5,35,Medium,0,1,6,Yes,Diabetes,Mild,High,9.0,Moderate,Easy,Full,2.7,Moderate,Occasional,6.0,1
MED-03399,55,Female,Master,Employed,Cardiovascular,3,5,25,Medium,7,7,4,Yes,Heart Disease,None,High,10.0,High,Moderate,Full,1.5,Moderate,Regular,6.0,0
MED-03400,53,Male,High School,Student,Antidiabetic,2,6,25,Medium,3,4,8,No,Diabetes,Moderate,High,8.0,Moderate,Easy,Full,3.4,Moderate,Rare,7.0,0
MED-03401,42,Female,Bachelor,Employed,Antidiabetic,4,5,50,High,3,7,7,Yes,Diabetes,Mild,High,8.0,High,Easy,Partial,2.9,Moderate,Regular,6.0,1
MED-03402,55,Female,High School,Retired,Antihypertensive,3,4,43,Medium,0,1,9,Yes,Hypertension,Moderate,Moderate,6.0,Moderate,Easy,Partial,5.6,High,Regular,6.0,1
MED-03403,45,Male,Master,Employed,Antidiabetic,1,5,97,Medium,0,1,7,Yes,Diabetes,Moderate,Moderate,6.0,Low,Easy,Partial,3.0,Moderate,Regular,5.0,1
MED-03404,49,Female,None,Employed,Antidiabetic,1,3,20,Low,3,4,9,No,Multimorbidity,None,High,9.0,High,Difficult,Full,0.8,Low,Rare,8.0,1
MED-03405,76,Male,Bachelor,Retired,Respiratory,2,1,17,Low,0,6,5,Yes,Asthma/COPD,Moderate,Low,4.0,High,Moderate,Full,2.6,Moderate,Occasional,7.0,1
MED-03406,71,Male,Bachelor,Retired,Respiratory,2,7,10,High,4,3,8,No,Asthma/COPD,Mild,High,8.0,Low,Easy,Partial,1.4,Low,Occasional,6.0,1
MED-03407,34,Male,Bachelor,Employed,Antihypertensive,2,1,23,Low,2,6,5,Yes,Hypertension,None,High,8.0,High,Easy,Full,2.1,High,Regular,5.0,1
MED-03408,64,Male,Bachelor,Employed,Antihypertensive,3,6,26,High,3,7,6,Yes,Hypertension,None,Moderate,5.0,Low,Easy,Partial,1.6,Low,Regular,,0
MED-03409,64,Female,Master,Employed,Psychiatric,1,2,16,Low,3,6,8,No,Depression/Anxiety,Moderate,High,7.0,Moderate,Easy,Partial,15.9,Moderate,Occasional,1.0,0
MED-03410,36,Male,Master,Employed,Antidiabetic,1,5,36,Medium,1,5,10,No,Diabetes,None,High,8.0,Moderate,Easy,Full,2.6,Moderate,Occasional,5.0,1
MED-03411,64,Male,None,Self-Employed,Psychiatric,1,6,43,Medium,0,5,8,Yes,Multimorbidity,Mild,Low,6.0,Low,Easy,Full,5.7,Moderate,Regular,6.0,1
MED-03412,74,Male,High School,Self-Employed,Antihypertensive,2,1,35,Low,1,3,8,No,Hypertension,Moderate,Low,1.0,Moderate,Moderate,Partial,2.6,High,Occasional,9.0,1
MED-03413,37,Female,None,Employed,Antidiabetic,2,8,13,High,1,4,5,Yes,Diabetes,Moderate,High,7.0,Low,Moderate,Full,2.8,Moderate,Rare,6.0,1
MED-03414,40,Female,High School,Employed,Antidiabetic,1,6,17,Medium,1,2,7,No,Diabetes,None,Moderate,6.0,Low,Moderate,Partial,2.3,High,Regular,7.0,1
MED-03415,67,Male,Bachelor,Retired,Psychiatric,2,4,28,Medium,0,3,6,No,Depression/Anxiety,None,High,10.0,Moderate,Moderate,Partial,2.0,High,Rare,,1
MED-03416,56,Male,Master,Unemployed,Antihypertensive,1,1,52,Low,1,6,9,Yes,Hypertension,Moderate,Moderate,4.0,High,Easy,None,2.0,High,Occasional,10.0,1
MED-03417,60,Male,Master,Employed,Antihypertensive,1,4,24,Low,0,3,6,No,Multimorbidity,Moderate,Low,4.0,Low,Easy,Full,4.4,Moderate,Regular,8.0,1
MED-03418,57,Male,High School,Employed,Antidiabetic,2,3,5,Medium,2,3,9,No,Diabetes,Mild,High,9.0,Moderate,Easy,Full,3.2,Low,Occasional,5.0,1
MED-03419,58,Female,High School,Employed,Psychiatric,1,3,23,Low,2,5,3,Yes,Multimorbidity,None,Moderate,8.0,Moderate,Moderate,Full,,Moderate,Occasional,8.0,1
MED-03420,34,Female,Bachelor,Employed,Psychiatric,2,4,27,Medium,1,5,9,Yes,Depression/Anxiety,Mild,High,8.0,Moderate,Difficult,Partial,2.8,High,Occasional,,1
MED-03421,67,Male,Bachelor,Retired,Other Chronic,3,3,65,Medium,3,4,4,No,Multimorbidity,Mild,High,7.0,Moderate,Moderate,Full,2.7,Low,Occasional,10.0,0
MED-03422,69,Male,High School,Retired,Other Chronic,3,3,5,Medium,2,4,8,Yes,Multimorbidity,None,High,10.0,High,Moderate,Partial,3.4,High,Regular,10.0,1
MED-03423,49,Male,Master,Student,Antihypertensive,1,1,44,Low,0,5,4,No,Hypertension,Mild,High,7.0,Moderate,Moderate,Partial,5.2,High,Occasional,7.0,1
MED-03424,52,Female,Master,Employed,Antihypertensive,2,4,10,Medium,6,7,7,No,Hypertension,None,Low,4.0,High,Difficult,Partial,3.6,Moderate,Occasional,6.0,0
MED-03425,31,Male,High School,Employed,Antihypertensive,2,1,20,Low,3,5,4,No,Hypertension,Mild,High,8.0,Moderate,Easy,Full,9.1,High,Regular,6.0,1
MED-03426,60,Other,Master,Employed,Antidiabetic,3,3,34,Medium,0,2,8,No,Diabetes,None,High,10.0,Moderate,Difficult,Partial,23.0,Moderate,Occasional,9.0,1
MED-03427,61,Female,High School,Employed,Respiratory,3,3,47,Medium,0,4,8,Yes,Asthma/COPD,None,High,6.0,Moderate,Easy,None,6.1,High,Occasional,10.0,1
MED-03428,52,Male,Bachelor,Employed,Psychiatric,1,2,17,Low,1,4,5,No,Depression/Anxiety,Mild,Moderate,7.0,Low,Easy,Full,4.4,Moderate,Regular,6.0,1
MED-03429,68,Female,High School,Retired,Antihypertensive,1,8,20,High,0,2,7,Yes,Hypertension,None,High,9.0,Low,Difficult,Partial,0.7,High,Regular,8.0,1
MED-03430,48,Female,High School,Self-Employed,Cardiovascular,2,3,24,Medium,0,6,8,No,Multimorbidity,None,Moderate,6.0,Moderate,Easy,Partial,9.4,Moderate,Regular,8.0,1
MED-03431,60,Female,Master,Employed,Psychiatric,2,8,17,High,3,6,4,Yes,Depression/Anxiety,None,Moderate,6.0,Low,Moderate,Full,8.3,Moderate,Regular,9.0,0
MED-03432,38,Male,High School,Employed,Antidiabetic,1,5,61,Medium,2,6,4,Yes,Diabetes,Mild,High,10.0,Moderate,Easy,Full,10.5,Low,Occasional,5.0,0
MED-03433,52,Male,Bachelor,Employed,Antihypertensive,1,5,31,Medium,0,2,4,Yes,Hypertension,None,High,8.0,Moderate,Difficult,Partial,6.0,High,Regular,8.0,1
MED-03434,50,Female,High School,Self-Employed,Antidiabetic,2,1,41,Low,2,5,4,Yes,Diabetes,None,Moderate,6.0,Moderate,Easy,Partial,1.6,Moderate,Occasional,10.0,1
MED-03435,56,Female,None,Student,Antidiabetic,1,2,24,Low,0,4,4,Yes,Diabetes,Severe,Low,4.0,Moderate,Easy,Full,1.6,Moderate,Regular,7.0,1
MED-03436,47,Female,High School,Self-Employed,Cardiovascular,1,4,5,Low,1,5,8,No,Heart Disease,None,Moderate,7.0,Low,Easy,None,1.5,Low,Regular,8.0,1
MED-03437,51,Female,High School,Employed,Antidiabetic,1,4,24,Low,3,5,7,No,Multimorbidity,None,High,10.0,Moderate,Easy,Partial,3.5,Moderate,Occasional,8.0,1
MED-03438,64,Female,Bachelor,Self-Employed,Antihypertensive,1,8,50,High,2,4,3,No,Hypertension,None,Low,2.0,Low,Moderate,Full,2.0,Low,Rare,8.0,0
MED-03439,46,Female,High School,Employed,Other Chronic,2,1,27,Low,1,4,5,Yes,Multimorbidity,Moderate,Moderate,6.0,High,Moderate,Partial,6.3,High,Regular,4.0,1
MED-03440,30,Male,Bachelor,Employed,Antidiabetic,1,2,37,Low,5,7,4,Yes,Diabetes,Mild,Low,6.0,High,Easy,Full,2.2,Moderate,Occasional,10.0,1
MED-03441,77,Female,Bachelor,Retired,Antidiabetic,1,5,21,Medium,0,3,8,No,Diabetes,None,High,8.0,Moderate,Easy,Full,2.6,High,Occasional,7.0,1
MED-03442,72,Female,Bachelor,Retired,Other Chronic,1,6,18,Medium,0,4,5,Yes,Multimorbidity,Mild,Low,4.0,Low,Moderate,Full,4.0,High,Regular,8.0,1
MED-03443,34,Female,High School,Employed,Antihypertensive,1,4,30,Low,4,7,3,No,Multimorbidity,Moderate,High,10.0,Low,Moderate,Full,2.3,High,Regular,7.0,1
MED-03444,62,Female,Master,Employed,Antihypertensive,2,2,15,Low,0,3,7,Yes,Multimorbidity,Moderate,Moderate,5.0,High,Moderate,None,1.7,Moderate,Occasional,9.0,1
MED-03445,45,Male,High School,Employed,Respiratory,1,2,8,Low,1,3,7,No,Asthma/COPD,Mild,High,10.0,Low,Easy,Full,0.9,Moderate,Occasional,6.0,1
MED-03446,56,Female,High School,Employed,Antihypertensive,2,8,21,High,4,6,4,Yes,Hypertension,None,High,10.0,Moderate,Difficult,Full,6.7,High,Occasional,4.0,0
MED-03447,57,Female,High School,Employed,Respiratory,1,5,70,Medium,0,1,6,Yes,Asthma/COPD,Mild,Moderate,7.0,Low,Easy,Partial,1.7,High,Occasional,7.0,1
MED-03448,49,Male,High School,Self-Employed,Antihypertensive,1,5,37,Medium,4,6,4,No,Hypertension,None,High,9.0,Moderate,Moderate,Partial,2.5,Low,Regular,8.0,0
MED-03449,42,Male,None,Unemployed,Antihypertensive,1,3,19,Low,0,3,9,Yes,Hypertension,Mild,High,7.0,Moderate,Easy,Full,2.5,High,Regular,6.0,1
MED-03450,43,Male,Bachelor,Student,Antidiabetic,1,1,38,Low,4,5,5,No,Diabetes,Mild,High,10.0,Moderate,Moderate,Partial,0.7,High,Regular,5.0,1
MED-03451,40,Male,High School,Student,Antihypertensive,2,2,54,Low,0,2,5,Yes,Multimorbidity,Mild,Moderate,5.0,Moderate,Moderate,Full,4.1,High,Regular,7.0,1
MED-03452,41,Male,High School,Employed,Respiratory,2,5,16,Medium,8,7,6,No,Asthma/COPD,None,Moderate,8.0,High,Difficult,Full,9.5,High,Occasional,5.0,0
MED-03453,52,Male,Bachelor,Student,Cardiovascular,3,7,38,High,0,2,6,Yes,Heart Disease,None,Moderate,6.0,Moderate,Easy,Full,6.8,High,Regular,9.0,1
MED-03454,42,Female,High School,Employed,Psychiatric,1,5,21,Medium,4,6,8,No,Depression/Anxiety,None,High,8.0,Moderate,Moderate,Full,2.5,High,Regular,6.0,1
MED-03455,62,Female,High School,Employed,Respiratory,1,3,58,Low,0,2,9,No,Multimorbidity,Severe,Low,2.0,Low,Moderate,Partial,7.3,High,Regular,8.0,1
MED-03456,73,Female,High School,Retired,Antihypertensive,1,7,19,Medium,2,8,9,No,Multimorbidity,None,Moderate,8.0,High,Moderate,Partial,0.9,Moderate,Rare,4.0,0
MED-03457,44,Female,Bachelor,Employed,Respiratory,3,5,21,Medium,2,4,5,No,Multimorbidity,Moderate,Moderate,8.0,Moderate,Moderate,Partial,6.2,Moderate,Regular,10.0,0
MED-03458,56,Male,High School,Self-Employed,Cardiovascular,1,3,35,Low,5,9,7,No,Heart Disease,None,High,9.0,Moderate,Moderate,Full,1.9,High,Regular,8.0,1
MED-03459,59,Male,High School,Self-Employed,Cardiovascular,2,2,15,Low,1,3,9,No,Heart Disease,None,High,8.0,High,Easy,Full,6.9,High,Occasional,8.0,1
MED-03460,59,Female,Bachelor,Employed,Respiratory,1,6,14,Medium,0,4,9,Yes,Asthma/COPD,None,High,7.0,Moderate,Easy,Partial,3.4,Moderate,Regular,4.0,1
MED-03461,54,Male,Bachelor,Retired,Cardiovascular,1,2,56,Low,6,7,4,No,Heart Disease,Mild,Moderate,9.0,Low,Easy,Full,1.3,High,Rare,5.0,0
MED-03462,63,Female,Bachelor,Employed,Antidiabetic,4,2,50,Medium,0,1,7,Yes,Diabetes,Mild,High,9.0,High,Moderate,Full,4.0,Moderate,Occasional,7.0,1
MED-03463,59,Female,Bachelor,Student,Cardiovascular,2,1,42,Low,0,3,7,Yes,Heart Disease,Mild,Low,4.0,Low,Easy,Full,3.3,Moderate,Regular,5.0,1
MED-03464,35,Female,None,Employed,Antihypertensive,3,3,17,Medium,3,6,8,No,Hypertension,Mild,Moderate,7.0,Low,Easy,Full,4.0,Low,Regular,6.0,0
MED-03465,65,Other,High School,Employed,Antihypertensive,2,5,82,Medium,2,2,9,No,Hypertension,None,High,10.0,Low,Difficult,Full,1.8,High,Regular,8.0,1
MED-03466,65,Male,High School,Retired,Cardiovascular,2,3,28,Medium,2,6,4,Yes,Heart Disease,Mild,High,8.0,Low,Moderate,Full,1.4,Moderate,Regular,6.0,1
MED-03467,42,Male,High School,Employed,Antihypertensive,1,5,30,Medium,0,5,5,No,Multimorbidity,Mild,High,8.0,High,Moderate,Full,5.3,Moderate,Regular,8.0,0
MED-03468,53,Female,High School,Employed,Antihypertensive,2,3,67,Medium,2,1,8,No,Multimorbidity,Mild,High,7.0,Low,Easy,Partial,3.2,Moderate,Occasional,5.0,1
MED-03469,62,Male,High School,Self-Employed,Antihypertensive,1,8,26,High,3,7,7,No,Hypertension,Mild,Moderate,5.0,Low,Moderate,Full,5.1,High,Regular,8.0,0
MED-03470,50,Female,Bachelor,Employed,Cardiovascular,2,5,16,Medium,2,2,2,No,Multimorbidity,None,High,8.0,Low,Moderate,Full,5.0,High,Regular,5.0,1
MED-03471,68,Male,Bachelor,Retired,Antidiabetic,2,9,40,High,1,6,3,Yes,Diabetes,Moderate,Moderate,8.0,Moderate,Easy,Full,5.6,Moderate,Occasional,8.0,0
MED-03472,86,Female,High School,Retired,Respiratory,3,6,30,High,2,5,8,No,Asthma/COPD,Severe,Low,2.0,Low,Moderate,Full,11.2,High,Regular,10.0,0
MED-03473,41,Female,Bachelor,Employed,Antidiabetic,2,1,43,Low,0,3,8,Yes,Diabetes,Mild,Low,5.0,Low,Easy,Partial,3.9,Moderate,Regular,6.0,1
MED-03474,33,Female,High School,Employed,Antidiabetic,2,3,60,Medium,3,2,3,No,Diabetes,None,High,10.0,Moderate,Easy,Full,1.6,High,Occasional,5.0,1
MED-03475,57,Male,High School,Unemployed,Antidiabetic,1,4,63,Low,1,5,9,No,Multimorbidity,Mild,Moderate,8.0,Low,Easy,Partial,1.9,Moderate,Regular,9.0,1
MED-03476,63,Male,Bachelor,Employed,Cardiovascular,1,3,19,Low,1,3,6,No,Heart Disease,None,High,10.0,Moderate,Difficult,Partial,2.7,High,Regular,7.0,1
MED-03477,49,Female,None,Unemployed,Antidiabetic,1,5,21,Medium,1,7,4,No,Multimorbidity,None,Moderate,7.0,High,Moderate,None,3.9,High,Regular,4.0,0
MED-03478,73,Male,None,Retired,Other Chronic,2,2,4,Low,5,7,5,Yes,Multimorbidity,Severe,Moderate,5.0,Moderate,Difficult,Partial,9.3,Moderate,Occasional,7.0,0
MED-03479,34,Female,High School,Employed,Psychiatric,4,3,16,Medium,8,8,4,No,Depression/Anxiety,Mild,High,8.0,Low,Moderate,Partial,3.0,High,Occasional,7.0,0
MED-03480,62,Female,Master,Self-Employed,Respiratory,1,7,26,Medium,3,5,5,No,Asthma/COPD,Mild,High,10.0,Moderate,Moderate,Partial,11.7,Low,Regular,6.0,0
MED-03481,44,Female,Bachelor,Employed,Psychiatric,1,2,57,Low,2,4,2,Yes,Depression/Anxiety,Severe,Moderate,7.0,Moderate,Easy,Partial,12.5,High,Occasional,5.0,1
MED-03482,77,Female,High School,Retired,Antidiabetic,2,4,25,Medium,1,4,6,Yes,Multimorbidity,Moderate,Moderate,4.0,High,Easy,Full,4.6,Moderate,Occasional,9.0,1
MED-03483,80,Male,Master,Retired,Antidiabetic,3,5,47,Medium,3,4,7,No,Diabetes,Mild,High,10.0,Low,Easy,Partial,5.3,High,Regular,5.0,1
MED-03484,42,Female,Bachelor,Retired,Respiratory,2,7,18,High,4,5,3,No,Asthma/COPD,None,High,10.0,Low,Easy,Partial,2.4,High,Occasional,4.0,0
MED-03485,45,Female,Bachelor,Retired,Cardiovascular,1,2,12,Low,0,5,6,No,Heart Disease,None,High,9.0,Moderate,Moderate,Full,11.7,Moderate,Regular,5.0,1
MED-03486,65,Male,Bachelor,Retired,Psychiatric,4,4,27,High,5,7,5,No,Depression/Anxiety,Moderate,Moderate,7.0,High,Difficult,Partial,2.1,Moderate,Regular,9.0,0
MED-03487,47,Female,High School,Employed,Cardiovascular,3,3,33,Medium,2,5,8,Yes,Multimorbidity,Moderate,Moderate,5.0,Moderate,Difficult,Partial,8.2,Low,Occasional,6.0,0
MED-03488,52,Male,High School,Employed,Other Chronic,1,3,16,Low,0,1,1,Yes,Multimorbidity,Mild,Moderate,7.0,Low,Moderate,Partial,1.5,Low,Occasional,6.0,1
MED-03489,53,Male,Bachelor,Employed,Antidiabetic,3,7,11,High,2,4,8,No,Diabetes,None,High,8.0,High,Moderate,Full,5.4,High,Occasional,7.0,1
MED-03490,26,Male,Bachelor,Employed,Respiratory,2,7,19,High,4,8,2,No,Asthma/COPD,Mild,High,8.0,Low,Easy,Full,7.7,High,Occasional,8.0,0
MED-03491,52,Female,Bachelor,Self-Employed,Cardiovascular,1,3,40,Low,0,1,6,Yes,Multimorbidity,None,Low,6.0,Low,Difficult,Partial,6.6,Low,Regular,10.0,1
MED-03492,43,Male,Bachelor,Employed,Cardiovascular,2,10,27,High,1,6,5,No,Multimorbidity,None,Moderate,7.0,High,Moderate,Full,2.3,High,Regular,8.0,0
MED-03493,46,Female,Master,Employed,Antidiabetic,3,4,14,Medium,4,4,5,No,Multimorbidity,Moderate,Moderate,6.0,Low,Easy,Partial,2.7,Low,Rare,10.0,0
MED-03494,73,Female,Master,Retired,Respiratory,2,7,15,High,1,3,3,No,Asthma/COPD,None,Moderate,7.0,Low,Easy,Full,10.5,High,Regular,8.0,1
MED-03495,35,Male,Master,Employed,Psychiatric,1,2,42,Low,1,5,10,No,Depression/Anxiety,Mild,Moderate,8.0,High,Moderate,Full,2.3,Low,Occasional,6.0,1
MED-03496,64,Male,Bachelor,Employed,Antihypertensive,4,2,24,Medium,4,8,3,No,Hypertension,None,Moderate,9.0,Moderate,Easy,Partial,2.3,High,Rare,9.0,0
MED-03497,49,Female,Master,Employed,Cardiovascular,1,3,9,Low,1,5,4,Yes,Multimorbidity,Moderate,High,8.0,Moderate,Difficult,Full,10.3,High,Regular,8.0,1
MED-03498,49,Male,High School,Employed,Antidiabetic,2,6,53,Medium,1,4,10,No,Multimorbidity,Mild,Moderate,6.0,High,Easy,Partial,3.2,Moderate,Rare,9.0,1
MED-03499,64,Female,High School,Self-Employed,Other Chronic,2,3,9,Medium,0,2,7,Yes,Multimorbidity,None,High,10.0,Moderate,Easy,None,3.2,Moderate,Occasional,8.0,1
MED-03500,57,Male,High School,Employed,Antidiabetic,1,6,49,Medium,9,4,4,No,Diabetes,None,High,5.0,Low,Easy,Full,13.2,High,Rare,7.0,0
MED-03501,60,Female,Master,Employed,Antihypertensive,1,5,18,Medium,0,2,6,Yes,Hypertension,None,Moderate,8.0,High,Easy,None,2.0,Moderate,Regular,6.0,1
MED-03502,66,Female,Bachelor,Retired,Antidiabetic,3,1,13,Low,5,4,6,No,Diabetes,Mild,High,9.0,Low,Easy,Partial,1.9,Low,Occasional,7.0,1
MED-03503,48,Male,Bachelor,Self-Employed,Cardiovascular,2,5,29,Medium,5,4,3,No,Heart Disease,Mild,High,10.0,High,Moderate,Full,3.8,Moderate,Rare,4.0,0
MED-03504,44,Male,High School,Employed,Antihypertensive,2,4,23,Medium,0,1,5,Yes,Hypertension,None,Moderate,7.0,Low,Easy,Full,3.4,Low,Regular,6.0,1
MED-03505,37,Male,High School,Employed,Cardiovascular,2,1,19,Low,2,8,6,No,Multimorbidity,None,High,10.0,Moderate,Moderate,Partial,1.9,High,Regular,4.0,1
MED-03506,41,Male,Bachelor,Self-Employed,Psychiatric,2,2,31,Low,1,2,9,Yes,Depression/Anxiety,None,Moderate,8.0,Moderate,Moderate,Partial,6.1,High,Regular,8.0,1
MED-03507,88,Female,High School,Retired,Psychiatric,2,8,11,High,1,4,6,Yes,Depression/Anxiety,None,Moderate,5.0,High,Easy,Full,3.4,Moderate,Rare,8.0,1
MED-03508,70,Female,High School,Retired,Antihypertensive,1,5,28,Medium,2,6,6,No,Hypertension,Mild,High,7.0,Moderate,Easy,Full,3.5,Moderate,Regular,7.0,1
MED-03509,34,Male,High School,Employed,Other Chronic,1,3,30,Low,6,7,4,No,Multimorbidity,Mild,High,8.0,Low,Easy,Partial,3.3,High,Regular,6.0,1
MED-03510,34,Female,High School,Unemployed,Cardiovascular,3,3,18,Medium,0,3,9,Yes,Heart Disease,None,High,10.0,Low,Easy,Full,1.5,High,Occasional,6.0,1
MED-03511,59,Female,Bachelor,Employed,Antihypertensive,2,3,2,Medium,0,1,8,No,Hypertension,Moderate,Moderate,8.0,Low,Easy,Full,1.8,Low,Regular,9.0,1
MED-03512,60,Male,High School,Employed,Antihypertensive,1,5,24,Medium,1,7,8,No,Hypertension,Mild,High,8.0,Low,Easy,Partial,1.0,High,Occasional,9.0,1
MED-03513,60,Male,Bachelor,Unemployed,Antihypertensive,4,3,23,Medium,0,2,6,Yes,Hypertension,Moderate,Low,1.0,Moderate,Easy,Partial,7.8,High,Occasional,5.0,0
MED-03514,49,Female,High School,Employed,Respiratory,3,2,22,Medium,4,5,3,No,Asthma/COPD,Moderate,Moderate,7.0,High,Easy,Full,3.3,High,Occasional,7.0,0
MED-03515,51,Female,Bachelor,Employed,Antihypertensive,1,2,7,Low,4,5,8,No,Hypertension,Moderate,Moderate,6.0,Moderate,Moderate,Partial,7.0,Moderate,Regular,7.0,1
MED-03516,57,Female,High School,Employed,Antihypertensive,4,3,29,Medium,1,1,6,Yes,Multimorbidity,Moderate,Moderate,6.0,Moderate,Easy,Full,2.4,Low,Rare,6.0,0
MED-03517,54,Female,Bachelor,Employed,Respiratory,2,3,45,Medium,2,1,6,No,Asthma/COPD,Mild,High,7.0,Moderate,Moderate,Partial,7.9,High,Regular,4.0,1
MED-03518,21,Male,Bachelor,Self-Employed,Cardiovascular,1,3,22,Low,2,3,7,No,Heart Disease,Mild,High,10.0,Moderate,Moderate,Full,1.0,Moderate,Rare,3.0,1
MED-03519,49,Female,High School,Employed,Respiratory,1,2,11,Low,0,1,7,No,Asthma/COPD,Mild,Low,3.0,Moderate,Difficult,Partial,6.9,Low,Regular,7.0,1
MED-03520,41,Female,Master,Self-Employed,Respiratory,2,3,35,Medium,2,2,4,No,Multimorbidity,None,High,9.0,Moderate,Moderate,Partial,3.1,Moderate,Regular,3.0,1
MED-03521,55,Female,Bachelor,Employed,Antihypertensive,3,5,61,Medium,3,5,6,No,Hypertension,None,Moderate,7.0,Moderate,Moderate,Full,1.2,Moderate,Occasional,6.0,0
MED-03522,88,Male,High School,Retired,Psychiatric,1,8,14,High,0,4,2,Yes,Depression/Anxiety,None,High,10.0,Moderate,Easy,Partial,0.4,High,Rare,8.0,1
MED-03523,58,Male,High School,Employed,Antihypertensive,1,5,14,Medium,4,5,6,No,Multimorbidity,None,High,8.0,High,Easy,Partial,4.8,Moderate,Regular,8.0,1
MED-03524,48,Male,Master,Student,Cardiovascular,1,5,54,Medium,0,5,9,Yes,Heart Disease,Mild,High,7.0,High,Easy,None,7.0,Low,Regular,6.0,1
MED-03525,65,Female,Bachelor,Retired,Cardiovascular,2,3,24,Medium,1,1,2,Yes,Heart Disease,Severe,Low,4.0,High,Moderate,Partial,3.5,High,Occasional,9.0,1
MED-03526,59,Male,High School,Employed,Antihypertensive,1,7,6,Medium,1,2,6,No,Hypertension,Mild,High,10.0,Low,Moderate,None,5.2,High,Rare,8.0,1
MED-03527,58,Male,High School,Self-Employed,Other Chronic,1,4,73,Low,3,6,8,No,Multimorbidity,Moderate,High,8.0,Moderate,Moderate,Partial,4.6,Low,Regular,6.0,1
MED-03528,61,Male,Bachelor,Employed,Antidiabetic,2,5,3,Medium,4,8,8,Yes,Multimorbidity,None,Moderate,9.0,Moderate,Moderate,Full,3.5,High,Regular,10.0,1
MED-03529,81,Male,Bachelor,Retired,Antihypertensive,3,5,6,Medium,2,2,5,No,Multimorbidity,Moderate,Moderate,7.0,Moderate,Difficult,Partial,6.8,Low,Regular,8.0,0
MED-03530,37,Female,Bachelor,Self-Employed,Psychiatric,2,3,11,Medium,5,5,4,No,Depression/Anxiety,None,Moderate,6.0,Moderate,Moderate,None,1.1,Low,Regular,5.0,0
MED-03531,59,Female,High School,Self-Employed,Cardiovascular,1,5,41,Medium,1,6,5,Yes,Multimorbidity,Moderate,High,9.0,Moderate,Difficult,Full,3.6,High,Regular,3.0,1
MED-03532,40,Female,Bachelor,Self-Employed,Cardiovascular,2,3,43,Medium,0,5,9,No,Heart Disease,Moderate,Low,4.0,High,Moderate,Full,5.5,Moderate,Rare,7.0,0
MED-03533,60,Male,High School,Employed,Antidiabetic,1,4,9,Low,5,4,3,No,Diabetes,Severe,Moderate,6.0,High,Moderate,None,2.4,High,Occasional,6.0,0
MED-03534,40,Female,High School,Employed,Respiratory,4,5,15,High,4,3,4,No,Asthma/COPD,Moderate,Moderate,5.0,Moderate,Moderate,Partial,4.0,High,Regular,7.0,0
MED-03535,47,Male,Bachelor,Employed,Antihypertensive,3,5,32,Medium,6,9,5,No,Hypertension,None,High,7.0,High,Moderate,Full,1.4,Moderate,Rare,6.0,0
MED-03536,48,Male,Doctorate,Employed,Antihypertensive,1,2,61,Low,0,5,4,Yes,Hypertension,None,Moderate,8.0,Moderate,Easy,Partial,3.5,Moderate,Occasional,2.0,1
MED-03537,66,Male,High School,Retired,Antidiabetic,1,5,3,Medium,2,5,6,No,Diabetes,Moderate,High,8.0,Low,Easy,Full,1.9,High,Occasional,6.0,1
MED-03538,65,Male,High School,Retired,Antihypertensive,2,7,6,High,1,5,9,Yes,Hypertension,Mild,Low,2.0,Low,Easy,Full,2.3,High,Occasional,5.0,0
MED-03539,35,Male,Bachelor,Unemployed,Cardiovascular,2,3,18,Medium,3,3,4,Yes,Heart Disease,Moderate,Low,1.0,Low,Moderate,Full,5.1,Moderate,Rare,6.0,0
MED-03540,53,Female,Bachelor,Employed,Antidiabetic,2,8,8,High,5,5,6,No,Diabetes,None,High,7.0,Moderate,Easy,Full,0.9,Moderate,Rare,6.0,0
MED-03541,43,Female,Master,Employed,Antihypertensive,3,4,52,Medium,2,4,6,No,Hypertension,None,Moderate,9.0,Moderate,Easy,Partial,1.5,Low,Regular,7.0,1
MED-03542,35,Female,Bachelor,Unemployed,Antihypertensive,3,2,25,Medium,3,4,5,No,Hypertension,None,High,9.0,Moderate,Easy,Full,5.7,Low,Regular,7.0,0
MED-03543,49,Male,None,Employed,Cardiovascular,2,6,49,Medium,3,5,3,Yes,Multimorbidity,Mild,High,9.0,High,Easy,None,3.0,Moderate,Regular,8.0,1
MED-03544,48,Male,Doctorate,Self-Employed,Respiratory,3,5,32,Medium,1,2,5,Yes,Asthma/COPD,None,High,8.0,Low,Moderate,Partial,1.9,High,Regular,2.0,1
MED-03545,86,Male,Bachelor,Retired,Antidiabetic,3,6,40,High,0,2,5,Yes,Diabetes,Mild,High,7.0,High,Easy,Full,4.7,High,Occasional,10.0,1
MED-03546,59,Other,Master,Student,Cardiovascular,3,5,16,Medium,3,6,8,No,Multimorbidity,None,High,10.0,Low,Moderate,Full,1.4,High,Regular,,1
MED-03547,33,Female,Bachelor,Employed,Antihypertensive,4,4,5,High,2,3,7,No,Hypertension,Mild,High,10.0,High,Easy,None,1.4,Moderate,Rare,7.0,0
MED-03548,45,Female,Master,Employed,Cardiovascular,1,1,23,Low,2,4,3,No,Heart Disease,Moderate,Low,2.0,High,Easy,Partial,2.8,Moderate,Regular,5.0,0
MED-03549,67,Male,High School,Retired,Antihypertensive,1,4,46,Low,1,1,5,No,Multimorbidity,None,High,10.0,Moderate,Easy,Full,3.0,High,Regular,7.0,1
MED-03550,82,Female,High School,Retired,Antidiabetic,3,5,71,Medium,4,7,5,No,Diabetes,None,Low,6.0,Low,Easy,Full,1.9,High,Regular,3.0,0
MED-03551,30,Male,Master,Employed,Cardiovascular,3,5,22,Medium,3,6,10,No,Heart Disease,Mild,High,8.0,Low,Moderate,Full,2.7,High,Regular,10.0,1
MED-03552,26,Female,High School,Employed,Psychiatric,3,5,41,Medium,3,6,7,No,Depression/Anxiety,Moderate,Moderate,6.0,Moderate,Easy,Partial,9.0,High,Occasional,6.0,0
MED-03553,79,Female,None,Retired,Antidiabetic,1,7,16,Medium,4,5,4,No,Multimorbidity,None,High,8.0,Low,Easy,Partial,3.2,Low,Regular,8.0,1
MED-03554,58,Female,Bachelor,Employed,Respiratory,2,2,19,Low,1,1,5,No,Asthma/COPD,Mild,High,9.0,Moderate,Easy,None,1.4,High,Occasional,5.0,1
MED-03555,40,Female,Master,Self-Employed,Cardiovascular,1,2,24,Low,3,5,5,Yes,Multimorbidity,Severe,Low,1.0,Moderate,Moderate,None,3.4,Moderate,Regular,10.0,1
MED-03556,60,Male,High School,Student,Psychiatric,2,3,64,Medium,1,3,7,No,Depression/Anxiety,Mild,High,8.0,Moderate,Moderate,Full,0.7,High,Occasional,4.0,1
MED-03557,18,Female,Master,Employed,Antidiabetic,1,1,40,Low,0,2,7,Yes,Multimorbidity,Moderate,High,9.0,Moderate,Easy,None,11.1,Moderate,Regular,2.0,1
MED-03558,53,Female,Bachelor,Employed,Antidiabetic,1,5,36,Medium,1,6,7,No,Diabetes,Moderate,Low,1.0,Moderate,Easy,None,1.4,Moderate,Occasional,10.0,0
MED-03559,57,Male,Bachelor,Student,Psychiatric,1,9,62,High,1,8,6,No,Depression/Anxiety,Moderate,High,8.0,High,Easy,Partial,3.9,High,Regular,4.0,0
MED-03560,65,Male,Master,Retired,Antihypertensive,2,4,15,Medium,4,8,6,No,Hypertension,Mild,High,7.0,Moderate,Difficult,Full,3.7,Moderate,Occasional,7.0,0
MED-03561,38,Male,High School,Employed,Antihypertensive,1,5,22,Medium,1,6,6,Yes,Hypertension,Mild,High,10.0,Low,Easy,Full,1.8,High,Occasional,10.0,1
MED-03562,54,Male,High School,Employed,Antihypertensive,1,6,36,Medium,0,4,2,Yes,Hypertension,None,Moderate,8.0,High,Difficult,Full,8.8,Low,Regular,6.0,1
MED-03563,40,Male,High School,Employed,Respiratory,1,4,17,Low,1,4,6,Yes,Asthma/COPD,None,Moderate,5.0,Moderate,Moderate,Full,15.5,High,Rare,7.0,1
MED-03564,56,Female,Bachelor,Employed,Antihypertensive,1,7,21,Medium,5,3,5,No,Multimorbidity,None,High,7.0,Moderate,Easy,Partial,1.9,Low,Regular,8.0,1
MED-03565,40,Male,Bachelor,Self-Employed,Psychiatric,4,3,30,Medium,2,4,3,Yes,Depression/Anxiety,None,Moderate,7.0,Moderate,Easy,None,5.7,Moderate,Rare,7.0,0
MED-03566,47,Male,Bachelor,Employed,Antidiabetic,1,4,25,Low,1,6,10,No,Diabetes,None,High,5.0,Moderate,Moderate,Partial,1.6,High,Regular,9.0,1
MED-03567,39,Female,Bachelor,Employed,Antihypertensive,1,8,12,High,0,9,7,No,Hypertension,None,High,7.0,Moderate,Moderate,Partial,8.9,High,Regular,8.0,0
MED-03568,62,Female,Bachelor,Self-Employed,Antidiabetic,3,8,16,High,1,3,6,Yes,Multimorbidity,None,High,8.0,Low,Moderate,Full,8.6,High,Rare,5.0,1
MED-03569,65,Female,Bachelor,Employed,Antihypertensive,2,1,12,Low,0,1,5,No,Multimorbidity,None,High,10.0,Moderate,Easy,Partial,7.1,Low,Regular,8.0,1
MED-03570,49,Male,High School,Employed,Cardiovascular,2,1,41,Low,2,3,8,No,Heart Disease,None,High,8.0,Moderate,Difficult,Partial,1.0,High,Occasional,7.0,1
MED-03571,53,Female,None,Employed,Cardiovascular,2,8,15,High,2,6,4,Yes,Heart Disease,None,Moderate,8.0,Low,Easy,Full,2.2,Low,Occasional,7.0,1
MED-03572,32,Female,Master,Employed,Antidiabetic,4,1,37,Medium,3,9,6,No,Diabetes,Moderate,Low,3.0,Low,Easy,Partial,2.2,Low,Rare,7.0,0
MED-03573,48,Male,None,Self-Employed,Antihypertensive,1,6,29,Medium,0,7,4,No,Hypertension,Moderate,High,9.0,High,Difficult,Full,2.1,High,Rare,9.0,0
MED-03574,52,Male,High School,Retired,Cardiovascular,4,2,25,Medium,2,7,8,Yes,Heart Disease,Moderate,High,5.0,Low,Moderate,Full,9.0,High,Regular,5.0,1
MED-03575,88,Female,Bachelor,Employed,Respiratory,3,3,10,Medium,3,3,4,No,Asthma/COPD,Mild,Low,3.0,Low,Moderate,Partial,0.9,Moderate,Occasional,9.0,0
MED-03576,37,Female,High School,Unemployed,Cardiovascular,2,6,28,Medium,0,3,9,No,Multimorbidity,None,High,9.0,Low,Moderate,Partial,4.4,Low,Regular,9.0,1
MED-03577,73,Female,Master,Retired,Respiratory,2,5,34,Medium,0,2,6,Yes,Multimorbidity,Mild,Moderate,7.0,Low,Easy,Partial,5.8,Low,Regular,6.0,1
MED-03578,66,Female,High School,Retired,Antihypertensive,2,5,41,Medium,0,3,8,Yes,Hypertension,Mild,Moderate,7.0,Low,Easy,Partial,2.0,Moderate,Occasional,10.0,1
MED-03579,56,Female,None,Employed,Psychiatric,1,7,12,Medium,9,7,7,No,Depression/Anxiety,Mild,Moderate,7.0,Low,Difficult,Full,4.8,Moderate,Regular,6.0,0
MED-03580,77,Female,High School,Retired,Antidiabetic,1,2,22,Low,1,8,8,No,Diabetes,Moderate,Moderate,7.0,Moderate,Easy,None,4.6,High,Regular,8.0,1
MED-03581,58,Male,Bachelor,Employed,Antihypertensive,4,2,47,Medium,4,5,4,No,Hypertension,None,Moderate,7.0,Moderate,Easy,Partial,2.7,Low,Regular,6.0,0
MED-03582,58,Male,High School,Employed,Respiratory,2,3,44,Medium,1,4,8,Yes,Asthma/COPD,Mild,High,9.0,Low,Easy,None,7.5,Low,Regular,8.0,1
MED-03583,52,Male,Bachelor,Employed,Psychiatric,1,3,24,Low,4,2,2,No,Depression/Anxiety,None,High,7.0,Moderate,Difficult,Partial,2.2,High,Occasional,6.0,1
MED-03584,70,Female,Master,Retired,Cardiovascular,3,3,10,Medium,2,4,6,No,Multimorbidity,Moderate,High,5.0,Low,Easy,Full,7.5,Low,Regular,7.0,1
MED-03585,68,Female,Master,Retired,Antihypertensive,2,6,42,Medium,1,5,5,Yes,Multimorbidity,None,Moderate,,Moderate,Moderate,None,3.7,Low,Rare,2.0,0
MED-03586,44,Female,High School,Employed,Antihypertensive,1,6,26,Medium,1,1,3,No,Hypertension,None,High,6.0,Low,Easy,None,2.6,Moderate,Regular,6.0,1
MED-03587,34,Male,High School,Self-Employed,Antidiabetic,2,9,13,High,3,7,4,No,Diabetes,Mild,High,9.0,Low,Moderate,Full,2.8,High,Regular,6.0,0
MED-03588,50,Female,Bachelor,Employed,Psychiatric,2,2,23,Low,0,4,5,No,Depression/Anxiety,Severe,Moderate,6.0,High,Easy,Full,1.2,Low,Regular,3.0,1
MED-03589,41,Male,Master,Unemployed,Antihypertensive,1,4,10,Low,0,6,6,Yes,Hypertension,None,High,7.0,High,Moderate,None,2.5,Low,Occasional,8.0,1
MED-03590,52,Male,Doctorate,Self-Employed,Respiratory,4,1,42,Medium,1,4,5,Yes,Asthma/COPD,Mild,High,10.0,Moderate,Easy,Full,1.4,High,Occasional,6.0,1
MED-03591,70,Female,High School,Retired,Antihypertensive,1,4,7,Low,2,5,6,No,Hypertension,None,High,9.0,Low,Easy,Partial,4.0,Moderate,Regular,3.0,1
MED-03592,46,Female,Bachelor,Self-Employed,Respiratory,2,5,49,Medium,2,3,4,No,Multimorbidity,None,High,8.0,Moderate,Easy,Full,6.5,High,Regular,8.0,1
MED-03593,52,Other,High School,Self-Employed,Psychiatric,1,4,31,Low,2,4,5,No,Depression/Anxiety,None,High,8.0,High,Moderate,Partial,4.7,High,Occasional,9.0,1
MED-03594,53,Male,None,Employed,Antidiabetic,2,4,10,Medium,1,6,6,Yes,Diabetes,Mild,High,10.0,Low,Moderate,Partial,1.9,Low,Regular,7.0,1
MED-03595,64,Female,None,Employed,Antidiabetic,1,3,21,Low,0,4,7,Yes,Diabetes,Moderate,High,4.0,Low,Easy,None,2.7,High,Regular,4.0,1
MED-03596,21,Male,High School,Employed,Respiratory,1,2,20,Low,0,2,8,No,Asthma/COPD,Mild,High,10.0,Moderate,Moderate,Partial,4.1,Moderate,Occasional,3.0,1
MED-03597,44,Male,High School,Employed,Antidiabetic,3,2,14,Medium,4,5,8,No,Diabetes,Mild,Moderate,8.0,Moderate,Moderate,Full,,Moderate,Regular,4.0,1
MED-03598,55,Female,None,Employed,Cardiovascular,1,2,29,Low,0,5,7,No,Heart Disease,None,Moderate,6.0,Low,Easy,Full,11.3,High,Regular,5.0,1
MED-03599,69,Female,Bachelor,Retired,Cardiovascular,3,7,62,High,3,8,7,No,Heart Disease,None,Moderate,7.0,High,Moderate,Full,5.3,High,Occasional,10.0,0
MED-03600,46,Female,High School,Employed,Antihypertensive,2,4,15,Medium,2,7,7,No,Multimorbidity,Mild,Moderate,,Moderate,Easy,Partial,3.7,High,Rare,6.0,0
MED-03601,26,Male,Bachelor,Employed,Respiratory,4,4,27,High,4,4,6,Yes,Asthma/COPD,None,High,7.0,Low,Easy,Full,3.6,Low,Occasional,4.0,0
MED-03602,61,Female,High School,Employed,Antihypertensive,2,7,26,High,1,3,8,No,Hypertension,None,High,9.0,Low,Easy,Full,2.6,High,Regular,6.0,1
MED-03603,44,Male,High School,Self-Employed,Psychiatric,1,4,29,Low,0,4,4,Yes,Depression/Anxiety,Mild,Moderate,8.0,High,Moderate,Partial,3.3,Moderate,Rare,9.0,1
MED-03604,36,Female,High School,Employed,Antihypertensive,1,1,4,Low,5,3,2,No,Hypertension,Severe,Moderate,5.0,Moderate,Easy,Full,5.7,Moderate,Occasional,8.0,0
MED-03605,44,Male,High School,Employed,Respiratory,3,2,52,Medium,4,6,4,No,Asthma/COPD,None,High,9.0,Low,Easy,Partial,2.0,Moderate,Occasional,7.0,0
MED-03606,50,Male,Bachelor,Employed,Antihypertensive,3,7,94,High,1,7,9,Yes,Hypertension,Mild,Moderate,10.0,Low,Moderate,Full,4.5,High,Occasional,6.0,1
MED-03607,44,Female,High School,Self-Employed,Antidiabetic,1,6,26,Medium,1,7,6,Yes,Diabetes,None,High,7.0,Moderate,Difficult,Partial,3.1,High,Occasional,7.0,1
MED-03608,22,Female,Bachelor,Self-Employed,Antidiabetic,2,1,40,Low,0,4,7,Yes,Diabetes,None,High,7.0,Moderate,Moderate,Partial,12.0,Moderate,Occasional,7.0,1
MED-03609,65,Male,High School,Retired,Respiratory,2,4,33,Medium,0,3,6,Yes,Asthma/COPD,Moderate,Moderate,2.0,Low,Easy,Partial,4.1,Moderate,Occasional,6.0,1
MED-03610,70,Male,Bachelor,Retired,Cardiovascular,4,6,11,High,0,4,7,Yes,Heart Disease,Mild,Moderate,5.0,Low,Easy,Partial,4.2,High,Rare,7.0,1
MED-03611,62,Female,Bachelor,Employed,Psychiatric,4,3,24,Medium,3,1,6,No,Depression/Anxiety,None,Moderate,6.0,Low,Moderate,Full,1.7,Moderate,Regular,6.0,1
MED-03612,37,Male,High School,Self-Employed,Antidiabetic,4,1,16,Medium,1,2,6,Yes,Diabetes,Moderate,Low,4.0,High,Moderate,Partial,10.0,Moderate,Regular,5.0,0
MED-03613,50,Male,High School,Employed,Cardiovascular,3,5,23,Medium,3,4,7,No,Heart Disease,Mild,High,10.0,High,Moderate,Partial,4.9,High,Regular,,0
MED-03614,52,Male,None,Employed,Respiratory,3,5,27,Medium,2,5,5,Yes,Asthma/COPD,Mild,Moderate,6.0,Moderate,Difficult,Full,9.2,Low,Occasional,7.0,0
MED-03615,61,Male,Bachelor,Employed,Antihypertensive,1,4,28,Low,4,6,7,No,Hypertension,None,High,9.0,Low,Moderate,Full,2.9,Moderate,Occasional,,1
MED-03616,62,Female,High School,Employed,Antidiabetic,3,5,15,Medium,1,3,6,No,Multimorbidity,None,High,10.0,Low,Moderate,Partial,3.3,Moderate,Occasional,8.0,1
MED-03617,42,Female,Bachelor,Student,Antidiabetic,2,2,28,Low,0,3,6,Yes,Multimorbidity,None,High,9.0,Moderate,Easy,Partial,1.2,High,Regular,,1
MED-03618,54,Female,Bachelor,Employed,Antidiabetic,4,5,23,High,5,4,4,No,Diabetes,None,Moderate,8.0,Moderate,Easy,Full,13.2,Moderate,Occasional,7.0,0
MED-03619,59,Other,Master,Self-Employed,Antidiabetic,2,6,49,Medium,2,4,6,No,Diabetes,None,High,10.0,Moderate,Easy,Full,4.4,High,Regular,6.0,1
MED-03620,73,Male,Bachelor,Retired,Cardiovascular,1,4,39,Low,2,6,5,No,Multimorbidity,Mild,High,7.0,Low,Moderate,Full,13.4,High,Occasional,7.0,1
MED-03621,62,Male,Bachelor,Employed,Antihypertensive,2,5,44,Medium,1,2,9,Yes,Hypertension,None,Moderate,5.0,Moderate,Moderate,Full,2.6,High,Regular,7.0,1
MED-03622,64,Male,High School,Employed,Cardiovascular,2,1,46,Low,2,2,3,Yes,Heart Disease,None,High,10.0,High,Easy,Partial,4.7,Moderate,Rare,7.0,1
MED-03623,54,Male,Master,Unemployed,Psychiatric,1,4,13,Low,0,4,8,No,Depression/Anxiety,Mild,High,10.0,Low,Easy,Full,7.0,Moderate,Occasional,10.0,1
MED-03624,72,Male,Bachelor,Retired,Cardiovascular,1,6,38,Medium,3,1,3,No,Multimorbidity,Mild,Moderate,5.0,Moderate,Moderate,Full,4.3,High,Occasional,4.0,1
MED-03625,58,Female,High School,Employed,Cardiovascular,2,3,13,Medium,1,1,7,No,Heart Disease,Mild,High,7.0,High,Easy,None,2.6,Moderate,Regular,7.0,1
MED-03626,40,Female,Master,Employed,Antihypertensive,1,2,58,Low,3,1,4,No,Multimorbidity,Moderate,Low,3.0,Low,Easy,Full,2.3,High,Occasional,6.0,1
MED-03627,72,Male,High School,Retired,Psychiatric,1,2,37,Low,2,4,7,No,Depression/Anxiety,Severe,Low,,Moderate,Easy,Full,2.6,Low,Regular,4.0,0
MED-03628,62,Female,Bachelor,Employed,Antihypertensive,1,1,12,Low,4,6,6,No,Hypertension,Moderate,Low,5.0,Low,Difficult,None,24.6,Moderate,Regular,4.0,0
MED-03629,46,Female,Bachelor,Self-Employed,Cardiovascular,4,7,29,High,3,6,3,Yes,Heart Disease,Mild,High,10.0,Moderate,Easy,Full,2.1,Moderate,Occasional,9.0,0
MED-03630,46,Female,High School,Employed,Other Chronic,3,4,14,Medium,3,8,9,No,Multimorbidity,Mild,Moderate,6.0,Moderate,Easy,None,0.7,High,Regular,4.0,0
MED-03631,57,Female,Bachelor,Self-Employed,Cardiovascular,1,1,19,Low,3,5,8,No,Heart Disease,None,Moderate,7.0,High,Moderate,Partial,3.4,Low,Regular,7.0,1
MED-03632,59,Female,High School,Employed,Cardiovascular,3,10,32,High,1,5,7,Yes,Heart Disease,Mild,Moderate,6.0,Moderate,Easy,Full,3.4,Low,Regular,7.0,1
MED-03633,55,Female,High School,Employed,Antidiabetic,2,1,17,Low,1,4,5,Yes,Diabetes,Mild,High,8.0,Low,Easy,Partial,2.6,Moderate,Occasional,5.0,1
MED-03634,57,Female,High School,Self-Employed,Antihypertensive,1,3,22,Low,0,4,8,Yes,Hypertension,None,Moderate,5.0,High,Moderate,Partial,2.1,High,Regular,8.0,1
MED-03635,76,Female,Bachelor,Retired,Respiratory,1,5,46,Medium,4,9,4,No,Multimorbidity,None,High,7.0,High,Difficult,Partial,,Moderate,Occasional,4.0,0
MED-03636,68,Male,High School,Retired,Antihypertensive,2,7,23,High,4,5,2,No,Multimorbidity,Mild,High,8.0,Low,Easy,Full,1.2,High,Regular,6.0,1
MED-03637,55,Male,None,Employed,Cardiovascular,2,9,13,High,2,5,3,No,Heart Disease,Moderate,Low,3.0,Moderate,Easy,Partial,12.6,Moderate,Regular,5.0,0
MED-03638,66,Female,Bachelor,Retired,Antihypertensive,3,3,6,Medium,3,2,4,No,Hypertension,None,High,9.0,Low,Easy,None,4.0,Low,Regular,8.0,1
MED-03639,38,Male,High School,Self-Employed,Psychiatric,2,3,39,Medium,2,5,5,Yes,Depression/Anxiety,None,High,10.0,Low,Easy,Full,3.6,Moderate,Regular,9.0,1
MED-03640,58,Male,High School,Employed,Antihypertensive,1,3,39,Low,2,6,5,No,Hypertension,Mild,High,8.0,Moderate,Easy,Full,7.3,High,Regular,7.0,1
MED-03641,78,Female,High School,Retired,Antidiabetic,4,7,29,High,4,7,5,Yes,Diabetes,None,High,10.0,Low,Easy,Full,25.3,High,Regular,10.0,1
MED-03642,49,Male,High School,Employed,Cardiovascular,1,2,87,Low,5,6,5,No,Multimorbidity,Moderate,Low,3.0,Low,Easy,Full,,Low,Regular,8.0,0
MED-03643,41,Female,High School,Employed,Antidiabetic,2,4,21,Medium,1,4,2,Yes,Diabetes,Mild,High,10.0,Moderate,Difficult,Full,4.2,High,Regular,8.0,1
MED-03644,43,Female,None,Employed,Antidiabetic,1,5,50,Medium,0,4,7,Yes,Multimorbidity,None,High,7.0,Moderate,Easy,Full,6.1,Low,Regular,9.0,1
MED-03645,37,Female,Doctorate,Employed,Antidiabetic,1,4,16,Low,0,4,6,Yes,Multimorbidity,Mild,Moderate,6.0,High,Moderate,Partial,5.6,High,Rare,5.0,1
MED-03646,42,Female,Bachelor,Self-Employed,Antidiabetic,2,7,41,High,4,5,5,No,Diabetes,None,High,10.0,Moderate,Easy,Full,6.5,High,Occasional,8.0,1
MED-03647,47,Male,High School,Unemployed,Antidiabetic,1,5,12,Medium,1,7,9,No,Diabetes,Mild,High,10.0,High,Moderate,None,6.6,Moderate,Regular,5.0,0
MED-03648,33,Female,High School,Employed,Antidiabetic,2,2,40,Low,5,7,6,No,Diabetes,None,High,10.0,Moderate,Easy,Full,2.4,High,Regular,4.0,1
MED-03649,53,Female,High School,Self-Employed,Cardiovascular,1,4,22,Low,1,6,6,Yes,Multimorbidity,None,High,10.0,Low,Easy,Full,,Moderate,Regular,9.0,1
MED-03650,65,Other,Bachelor,Retired,Antihypertensive,2,10,35,High,6,9,8,No,Multimorbidity,None,Moderate,4.0,Moderate,Difficult,Full,3.1,Moderate,Regular,5.0,0
MED-03651,40,Male,High School,Employed,Other Chronic,2,5,29,Medium,0,1,3,Yes,Multimorbidity,Moderate,Moderate,4.0,Moderate,Moderate,Partial,4.1,Moderate,Occasional,7.0,0
MED-03652,74,Male,High School,Retired,Antidiabetic,1,10,38,High,3,3,6,No,Diabetes,Mild,Moderate,8.0,Low,Easy,Partial,5.3,High,Regular,10.0,1
MED-03653,60,Female,Master,Employed,Antihypertensive,3,3,6,Medium,3,4,8,No,Hypertension,Moderate,Moderate,7.0,Low,Moderate,Partial,1.9,Moderate,Regular,3.0,0
MED-03654,67,Male,High School,Retired,Antidiabetic,1,4,23,Low,1,3,6,No,Multimorbidity,Mild,High,10.0,Moderate,Difficult,Full,4.6,Low,Occasional,8.0,1
MED-03655,43,Female,High School,Employed,Psychiatric,1,4,48,Low,1,2,3,Yes,Depression/Anxiety,Moderate,Low,8.0,Moderate,Easy,None,5.3,High,Rare,7.0,1
MED-03656,64,Male,Master,Employed,Antihypertensive,2,6,52,Medium,1,1,5,No,Hypertension,None,High,7.0,Moderate,Easy,Full,0.8,High,Occasional,7.0,1
MED-03657,37,Male,Bachelor,Employed,Cardiovascular,2,1,34,Low,3,4,7,No,Heart Disease,Mild,High,9.0,High,Moderate,Full,9.5,High,Regular,7.0,1
MED-03658,65,Male,High School,Retired,Antidiabetic,2,5,49,Medium,2,6,2,Yes,Diabetes,None,Moderate,7.0,Low,Easy,Partial,1.8,High,Rare,7.0,1
MED-03659,55,Male,Bachelor,Employed,Antihypertensive,1,4,23,Low,1,6,3,Yes,Hypertension,Moderate,Moderate,7.0,Moderate,Easy,Partial,4.1,High,Occasional,8.0,1
MED-03660,60,Female,None,Retired,Respiratory,3,2,1,Medium,0,3,10,No,Asthma/COPD,Mild,Low,5.0,High,Easy,Full,10.5,Moderate,Regular,5.0,1
MED-03661,36,Female,Bachelor,Self-Employed,Antidiabetic,2,2,16,Low,4,5,7,No,Multimorbidity,Moderate,Moderate,5.0,Low,Moderate,Full,5.4,Moderate,Regular,8.0,0
MED-03662,40,Male,High School,Student,Antihypertensive,1,4,27,Low,1,7,9,Yes,Multimorbidity,Mild,High,9.0,Low,Moderate,Full,7.2,Low,Occasional,5.0,1
MED-03663,61,Female,Bachelor,Employed,Respiratory,1,2,30,Low,0,1,8,No,Asthma/COPD,None,High,9.0,Low,Moderate,Full,7.6,Moderate,Regular,10.0,1
MED-03664,39,Male,Master,Employed,Cardiovascular,3,3,33,Medium,2,4,7,No,Heart Disease,None,Moderate,7.0,Low,Easy,Partial,2.3,Low,Occasional,7.0,1
MED-03665,59,Female,Master,Employed,Psychiatric,2,4,26,Medium,2,5,6,Yes,Depression/Anxiety,Moderate,Low,5.0,Moderate,Easy,Partial,1.5,Moderate,Regular,7.0,0
MED-03666,33,Male,Master,Employed,Cardiovascular,1,4,26,Low,1,5,7,Yes,Heart Disease,None,High,10.0,Moderate,Easy,Partial,4.5,Moderate,Occasional,10.0,1
MED-03667,64,Female,Bachelor,Employed,Respiratory,1,2,42,Low,2,6,9,No,Asthma/COPD,None,Moderate,4.0,High,Difficult,Partial,5.7,Moderate,Regular,5.0,1
MED-03668,35,Female,High School,Employed,Respiratory,1,2,14,Low,0,1,8,Yes,Multimorbidity,None,Moderate,9.0,Low,Easy,Full,7.6,Low,Occasional,7.0,1
MED-03669,60,Female,High School,Unemployed,Antihypertensive,2,2,29,Low,0,2,7,Yes,Hypertension,None,High,10.0,Low,Moderate,Partial,6.0,Moderate,Occasional,4.0,1
MED-03670,61,Female,Bachelor,Unemployed,Respiratory,3,4,34,Medium,5,6,6,No,Asthma/COPD,None,Moderate,6.0,Moderate,Moderate,Full,2.3,Moderate,Occasional,5.0,0
MED-03671,43,Female,Master,Employed,Cardiovascular,2,2,17,Low,0,1,7,No,Multimorbidity,Moderate,Moderate,5.0,Moderate,Moderate,Partial,6.4,High,Rare,4.0,1
MED-03672,61,Female,High School,Employed,Antihypertensive,2,8,21,High,1,6,5,Yes,Hypertension,Mild,High,10.0,Low,Moderate,Partial,0.7,High,Occasional,8.0,1
MED-03673,56,Female,Master,Unemployed,Antidiabetic,3,5,63,Medium,4,5,7,No,Multimorbidity,None,Moderate,7.0,Low,Easy,Partial,8.6,Moderate,Occasional,8.0,1
MED-03674,45,Female,Bachelor,Employed,Antihypertensive,2,1,29,Low,4,6,5,Yes,Hypertension,Mild,Moderate,7.0,Moderate,Easy,Full,1.7,Moderate,Regular,6.0,1
MED-03675,38,Female,Doctorate,Employed,Respiratory,2,2,102,Low,1,3,5,Yes,Asthma/COPD,None,High,8.0,Low,Moderate,Full,1.7,Low,Regular,6.0,1
MED-03676,25,Male,Master,Employed,Antidiabetic,1,5,27,Medium,1,6,4,Yes,Diabetes,Mild,Moderate,6.0,Moderate,Easy,None,21.5,Low,Regular,9.0,0
MED-03677,57,Female,High School,Employed,Other Chronic,2,4,43,Medium,0,2,5,Yes,Multimorbidity,Mild,Moderate,6.0,Low,Easy,Partial,3.5,Moderate,Regular,7.0,1
MED-03678,31,Male,High School,Employed,Antihypertensive,2,2,9,Low,1,4,5,No,Hypertension,None,Moderate,6.0,Low,Easy,Full,2.7,High,Regular,5.0,1
MED-03679,54,Female,High School,Self-Employed,Cardiovascular,1,2,6,Low,1,5,10,No,Heart Disease,None,Moderate,7.0,Low,Easy,Partial,1.4,High,Regular,9.0,1
MED-03680,49,Female,High School,Self-Employed,Antihypertensive,4,4,13,High,0,3,4,Yes,Hypertension,Mild,High,9.0,Moderate,Easy,Full,4.6,High,Regular,7.0,1
MED-03681,62,Female,Bachelor,Employed,Cardiovascular,3,2,46,Medium,3,5,7,No,Multimorbidity,None,Moderate,,Moderate,Moderate,Partial,6.0,High,Regular,8.0,1
MED-03682,48,Male,Bachelor,Employed,Cardiovascular,2,3,22,Medium,0,2,4,Yes,Heart Disease,Severe,Low,3.0,Low,Easy,Partial,2.6,High,Regular,7.0,1
MED-03683,48,Male,Master,Unemployed,Cardiovascular,2,5,8,Medium,3,5,6,No,Heart Disease,Moderate,Moderate,5.0,Low,Easy,Full,0.7,High,Occasional,10.0,0
MED-03684,63,Female,Bachelor,Employed,Respiratory,2,3,27,Medium,1,8,7,Yes,Asthma/COPD,Mild,High,10.0,Moderate,Easy,Full,11.2,Moderate,Regular,6.0,1
MED-03685,57,Female,None,Employed,Psychiatric,1,3,43,Low,0,2,2,Yes,Depression/Anxiety,None,High,8.0,Low,Difficult,Partial,2.7,Low,Occasional,3.0,1
MED-03686,57,Male,High School,Employed,Antihypertensive,1,1,14,Low,0,4,3,Yes,Hypertension,None,High,10.0,Low,Difficult,Full,2.6,High,Rare,6.0,1
MED-03687,59,Male,High School,Employed,Antidiabetic,3,5,45,Medium,1,1,4,Yes,Diabetes,None,High,10.0,Low,Moderate,Partial,3.2,Moderate,Regular,7.0,1
MED-03688,31,Female,High School,Student,Cardiovascular,2,3,10,Medium,2,3,3,Yes,Heart Disease,None,Moderate,8.0,Low,Easy,Full,1.8,High,Occasional,8.0,1
MED-03689,63,Female,Bachelor,Self-Employed,Antidiabetic,3,5,43,Medium,2,6,6,Yes,Multimorbidity,Severe,Low,2.0,Moderate,Moderate,Partial,8.6,High,Occasional,8.0,0
MED-03690,61,Male,None,Employed,Antihypertensive,1,6,50,Medium,3,4,7,No,Multimorbidity,None,High,10.0,High,Easy,Full,5.7,Moderate,Regular,6.0,1
MED-03691,38,Male,High School,Employed,Cardiovascular,2,4,16,Medium,4,6,4,No,Heart Disease,None,High,7.0,Low,Easy,Full,4.8,Moderate,Regular,10.0,1
MED-03692,49,Male,High School,Employed,Antidiabetic,2,7,55,High,1,5,6,Yes,Diabetes,Moderate,Moderate,5.0,Low,Easy,Full,18.8,High,Regular,9.0,0
MED-03693,52,Female,Bachelor,Employed,Antidiabetic,2,2,61,Low,6,4,5,No,Diabetes,None,High,8.0,Low,Easy,None,2.0,Low,Regular,7.0,1
MED-03694,51,Male,High School,Self-Employed,Respiratory,3,5,33,Medium,1,2,6,No,Multimorbidity,None,High,10.0,Low,Difficult,Full,8.7,High,Occasional,5.0,1
MED-03695,57,Male,High School,Unemployed,Antidiabetic,4,4,17,High,4,6,5,No,Diabetes,Severe,Low,4.0,High,Moderate,Partial,0.6,Low,Regular,10.0,0
MED-03696,73,Male,High School,Retired,Antihypertensive,1,5,106,Medium,1,5,7,Yes,Multimorbidity,None,High,5.0,Low,Easy,Full,5.4,Moderate,Occasional,8.0,1
MED-03697,68,Male,Master,Retired,Antihypertensive,1,2,15,Low,0,1,10,No,Hypertension,Mild,High,7.0,Low,Moderate,Full,18.1,Moderate,Occasional,6.0,1
MED-03698,34,Female,High School,Self-Employed,Psychiatric,1,6,66,Medium,0,2,8,Yes,Depression/Anxiety,None,High,9.0,Moderate,Easy,Partial,1.5,High,Occasional,10.0,1
MED-03699,61,Male,Bachelor,Self-Employed,Other Chronic,2,5,81,Medium,0,1,9,No,Multimorbidity,Mild,Moderate,9.0,Moderate,Moderate,Full,11.4,Low,Rare,7.0,0
MED-03700,71,Male,Bachelor,Employed,Cardiovascular,1,6,34,Medium,0,1,3,Yes,Heart Disease,None,High,9.0,Moderate,Moderate,None,1.2,High,Regular,10.0,1
MED-03701,58,Male,Bachelor,Employed,Antidiabetic,2,4,12,Medium,1,4,5,Yes,Multimorbidity,Mild,Moderate,3.0,High,Easy,Full,15.8,Moderate,Regular,5.0,1
MED-03702,68,Male,Master,Retired,Psychiatric,2,5,32,Medium,0,2,7,Yes,Depression/Anxiety,None,High,7.0,Low,Easy,Full,2.4,Low,Rare,6.0,1
MED-03703,81,Male,High School,Retired,Cardiovascular,2,5,88,Medium,0,3,9,Yes,Heart Disease,None,Moderate,8.0,Low,Easy,Full,1.9,Moderate,Rare,10.0,1
MED-03704,67,Female,High School,Self-Employed,Respiratory,3,4,17,Medium,3,8,8,Yes,Asthma/COPD,Mild,Moderate,7.0,Low,Easy,Full,2.2,Moderate,Regular,5.0,1
MED-03705,56,Female,High School,Unemployed,Respiratory,2,6,25,Medium,5,7,4,No,Asthma/COPD,None,High,9.0,Moderate,Easy,Full,3.4,High,Occasional,6.0,0
MED-03706,67,Female,Bachelor,Self-Employed,Antidiabetic,2,4,5,Medium,2,3,5,No,Diabetes,Moderate,Low,5.0,Moderate,Easy,Full,3.0,Moderate,Regular,1.0,1
MED-03707,55,Female,High School,Employed,Antidiabetic,1,7,25,Medium,1,6,7,No,Multimorbidity,Mild,High,8.0,Moderate,Moderate,Full,3.2,Moderate,Regular,8.0,1
MED-03708,53,Female,High School,Self-Employed,Antihypertensive,2,6,39,Medium,4,7,6,Yes,Multimorbidity,Mild,High,10.0,Low,Easy,Partial,4.2,Moderate,Occasional,9.0,1
MED-03709,48,Male,Bachelor,Employed,Antihypertensive,2,4,13,Medium,3,6,5,Yes,Multimorbidity,None,High,10.0,Low,Moderate,Full,4.0,Moderate,Regular,5.0,1
MED-03710,74,Female,Bachelor,Self-Employed,Respiratory,2,4,65,Medium,6,5,6,No,Asthma/COPD,Moderate,Moderate,6.0,Moderate,Easy,Partial,3.3,High,Occasional,8.0,0
MED-03711,41,Female,None,Employed,Psychiatric,3,2,9,Medium,1,7,6,Yes,Multimorbidity,Mild,High,7.0,Moderate,Difficult,Full,2.4,Moderate,Regular,6.0,1
MED-03712,74,Female,Bachelor,Retired,Cardiovascular,3,5,17,Medium,4,6,4,No,Heart Disease,None,High,8.0,Moderate,Easy,None,4.6,Moderate,Occasional,4.0,0
MED-03713,59,Female,Bachelor,Student,Antidiabetic,3,5,57,Medium,2,2,8,No,Diabetes,Moderate,High,6.0,Low,Easy,Partial,4.4,Moderate,Regular,6.0,1
MED-03714,33,Male,High School,Employed,Antihypertensive,1,1,24,Low,2,4,5,Yes,Hypertension,Mild,High,5.0,High,Easy,Full,4.2,High,Rare,6.0,1
MED-03715,58,Female,High School,Employed,Antihypertensive,2,8,73,High,2,3,6,No,Hypertension,None,Moderate,6.0,Low,Easy,None,3.3,Moderate,Regular,7.0,1
MED-03716,23,Female,Bachelor,Self-Employed,Antidiabetic,1,3,6,Low,5,7,8,No,Multimorbidity,None,High,10.0,Moderate,Easy,Full,2.0,Moderate,Occasional,6.0,1
MED-03717,61,Other,Bachelor,Employed,Antidiabetic,1,5,20,Medium,0,3,6,No,Diabetes,Moderate,Moderate,6.0,High,Moderate,Full,3.5,High,Occasional,9.0,1
MED-03718,65,Male,High School,Retired,Cardiovascular,1,7,33,Medium,0,3,8,No,Heart Disease,None,High,10.0,High,Easy,None,2.7,Moderate,Regular,6.0,1
MED-03719,44,Male,High School,Employed,Antihypertensive,1,4,86,Low,2,7,4,Yes,Multimorbidity,Mild,High,9.0,Low,Easy,Full,0.7,High,Rare,7.0,1
MED-03720,54,Male,Bachelor,Self-Employed,Other Chronic,1,8,29,High,2,5,7,No,Multimorbidity,None,High,10.0,Moderate,Easy,Partial,7.0,High,Regular,7.0,1
MED-03721,80,Female,Master,Retired,Antidiabetic,2,9,38,High,7,9,8,No,Multimorbidity,Mild,High,6.0,Low,Easy,None,4.0,Moderate,Occasional,7.0,0
MED-03722,45,Male,Bachelor,Employed,Respiratory,4,5,26,High,4,3,4,No,Asthma/COPD,None,High,8.0,Moderate,Easy,Partial,3.3,High,Occasional,6.0,0
MED-03723,38,Male,None,Employed,Antidiabetic,1,2,24,Low,0,3,6,No,Multimorbidity,None,High,8.0,Low,Easy,Partial,4.9,Moderate,Regular,7.0,1
MED-03724,73,Other,High School,Retired,Antihypertensive,3,5,17,Medium,2,7,6,Yes,Hypertension,Mild,High,8.0,Low,Easy,Partial,1.9,Moderate,Occasional,8.0,0
MED-03725,80,Male,Master,Employed,Respiratory,1,5,35,Medium,0,2,7,Yes,Asthma/COPD,Moderate,Moderate,8.0,High,Difficult,Partial,9.2,Moderate,Regular,9.0,1
MED-03726,53,Female,High School,Employed,Cardiovascular,1,2,22,Low,3,7,7,No,Heart Disease,Mild,High,6.0,High,Easy,None,8.2,High,Regular,3.0,0
MED-03727,67,Male,Doctorate,Retired,Antidiabetic,2,4,39,Medium,0,2,4,Yes,Diabetes,None,High,9.0,Low,Easy,Partial,1.4,High,Regular,8.0,1
MED-03728,71,Female,Master,Retired,Antidiabetic,2,6,29,Medium,3,6,6,No,Diabetes,None,Moderate,9.0,Low,Easy,Partial,2.1,Moderate,Regular,5.0,1
MED-03729,42,Female,None,Employed,Antihypertensive,1,3,20,Low,0,1,10,Yes,Multimorbidity,None,Low,6.0,Low,Difficult,Partial,5.5,Low,Occasional,9.0,1
MED-03730,46,Female,Master,Unemployed,Cardiovascular,1,5,65,Medium,1,5,8,Yes,Heart Disease,Mild,Low,4.0,Moderate,Easy,Partial,4.0,Moderate,Regular,9.0,0
MED-03731,70,Female,High School,Employed,Psychiatric,2,6,16,Medium,0,1,8,Yes,Depression/Anxiety,Mild,Moderate,6.0,Moderate,Easy,None,3.3,Low,Regular,9.0,1
MED-03732,76,Male,Master,Retired,Antihypertensive,1,3,18,Low,2,9,6,Yes,Hypertension,Mild,High,10.0,Low,Easy,Full,4.6,Low,Occasional,6.0,1
MED-03733,60,Male,High School,Employed,Antihypertensive,2,2,4,Low,1,2,10,No,Multimorbidity,Moderate,Low,3.0,Low,Easy,Full,0.8,Moderate,Rare,4.0,0
MED-03734,40,Male,High School,Employed,Psychiatric,2,6,23,Medium,1,3,8,No,Depression/Anxiety,None,High,8.0,Low,Easy,Partial,1.7,High,Occasional,9.0,1
MED-03735,80,Female,Bachelor,Retired,Antihypertensive,1,2,62,Low,1,6,6,No,Hypertension,Mild,High,10.0,Low,Moderate,Full,2.1,Low,Regular,9.0,1
MED-03736,45,Female,Bachelor,Unemployed,Cardiovascular,3,7,63,High,5,3,7,No,Heart Disease,None,High,9.0,High,Easy,None,5.9,Low,Regular,3.0,0
MED-03737,48,Male,None,Employed,Antidiabetic,1,4,19,Low,1,6,5,Yes,Multimorbidity,None,Moderate,6.0,Low,Moderate,Partial,0.7,Low,Occasional,10.0,0
MED-03738,57,Female,Bachelor,Employed,Cardiovascular,2,3,37,Medium,0,3,7,No,Multimorbidity,None,High,9.0,Moderate,Easy,Full,3.8,Low,Rare,8.0,1
MED-03739,74,Male,High School,Employed,Antidiabetic,3,3,42,Medium,4,3,7,No,Diabetes,Mild,Moderate,8.0,High,Easy,Full,2.5,High,Occasional,,1
MED-03740,64,Female,High School,Employed,Antihypertensive,4,5,9,High,1,4,8,Yes,Hypertension,None,Moderate,7.0,Moderate,Difficult,Partial,5.4,High,Regular,5.0,1
MED-03741,58,Female,High School,Self-Employed,Antihypertensive,2,2,53,Low,0,2,6,No,Multimorbidity,None,Moderate,7.0,Low,Easy,Full,6.1,Moderate,Regular,9.0,1
MED-03742,59,Male,High School,Employed,Respiratory,2,5,10,Medium,5,5,3,No,Asthma/COPD,None,Moderate,4.0,Moderate,Easy,Partial,11.9,Moderate,Regular,6.0,0
MED-03743,53,Female,High School,Employed,Respiratory,1,6,20,Medium,1,6,7,No,Multimorbidity,None,Moderate,7.0,High,Easy,Full,1.4,Low,Regular,6.0,0
MED-03744,60,Male,High School,Employed,Cardiovascular,2,6,12,Medium,2,6,8,No,Heart Disease,Mild,Moderate,6.0,Low,Easy,Partial,1.8,High,Occasional,3.0,1
MED-03745,18,Female,High School,Student,Cardiovascular,2,3,33,Medium,3,6,4,Yes,Multimorbidity,Mild,Moderate,6.0,High,Moderate,Full,3.4,Moderate,Occasional,5.0,0
MED-03746,48,Female,None,Unemployed,Antihypertensive,2,6,15,Medium,1,1,6,No,Hypertension,Mild,High,8.0,Low,Easy,Full,9.6,Low,Rare,5.0,1
MED-03747,56,Male,High School,Employed,Antihypertensive,3,2,17,Medium,0,3,9,Yes,Hypertension,Mild,High,8.0,Low,Moderate,Full,4.6,High,Occasional,3.0,1
MED-03748,36,Male,Master,Self-Employed,Respiratory,1,2,47,Low,1,4,4,Yes,Asthma/COPD,None,High,8.0,High,Easy,None,3.6,High,Occasional,10.0,1
MED-03749,58,Male,High School,Employed,Antidiabetic,3,4,19,Medium,2,8,6,No,Diabetes,Mild,High,9.0,High,Easy,Full,8.3,High,Regular,7.0,0
MED-03750,50,Female,Master,Employed,Antidiabetic,3,3,26,Medium,0,3,9,Yes,Multimorbidity,Moderate,Low,2.0,Low,Easy,Full,,High,Occasional,4.0,1
MED-03751,77,Female,Bachelor,Retired,Antihypertensive,2,10,10,High,0,1,7,No,Hypertension,None,High,10.0,Low,Moderate,Full,8.0,High,Regular,5.0,1
MED-03752,75,Male,Bachelor,Retired,Antihypertensive,2,5,8,Medium,1,2,5,No,Hypertension,None,Moderate,,High,Difficult,Full,12.2,High,Regular,6.0,1
MED-03753,46,Female,Bachelor,Employed,Antidiabetic,1,2,30,Low,1,3,6,No,Diabetes,None,Moderate,8.0,Low,Easy,Full,3.0,High,Rare,6.0,1
MED-03754,50,Female,Bachelor,Employed,Respiratory,4,7,18,High,2,1,8,No,Multimorbidity,Mild,Moderate,8.0,Low,Easy,Full,1.0,High,Regular,8.0,1
MED-03755,51,Male,High School,Unemployed,Psychiatric,1,1,72,Low,2,7,6,No,Depression/Anxiety,Mild,Moderate,6.0,Low,Difficult,None,3.7,High,Regular,6.0,0
MED-03756,46,Male,Bachelor,Employed,Psychiatric,2,10,92,High,0,1,7,No,Depression/Anxiety,Severe,Low,2.0,Moderate,Easy,Full,11.4,Low,Regular,7.0,0
MED-03757,55,Female,Bachelor,Self-Employed,Psychiatric,2,4,11,Medium,2,5,7,No,Depression/Anxiety,Mild,High,9.0,High,Easy,Full,4.8,Moderate,Regular,6.0,1
MED-03758,42,Female,Bachelor,Employed,Psychiatric,4,4,8,High,3,2,7,No,Depression/Anxiety,None,High,8.0,Low,Moderate,Full,,Low,Regular,9.0,1
MED-03759,37,Male,Master,Student,Antidiabetic,3,6,73,High,2,8,8,No,Diabetes,Mild,High,7.0,Low,Difficult,Full,8.6,High,Occasional,10.0,0
MED-03760,61,Male,None,Employed,Antihypertensive,2,4,35,Medium,0,4,6,Yes,Hypertension,Severe,Moderate,4.0,Moderate,Easy,None,6.0,High,Occasional,7.0,1
MED-03761,61,Male,Bachelor,Unemployed,Respiratory,1,3,29,Low,2,3,4,Yes,Asthma/COPD,Mild,High,10.0,Moderate,Easy,Full,7.0,High,Occasional,5.0,1
MED-03762,41,Female,Bachelor,Self-Employed,Antihypertensive,1,3,8,Low,3,6,7,Yes,Multimorbidity,None,Moderate,6.0,Moderate,Moderate,Full,7.8,High,Occasional,7.0,1
MED-03763,65,Male,High School,Retired,Antihypertensive,1,6,87,Medium,0,2,6,No,Multimorbidity,None,High,8.0,Low,Easy,None,2.2,Low,Occasional,1.0,1
MED-03764,44,Male,High School,Student,Antihypertensive,3,4,14,Medium,5,6,5,No,Hypertension,None,High,8.0,Low,Easy,Full,7.3,High,Regular,7.0,1
MED-03765,56,Female,Bachelor,Unemployed,Antidiabetic,2,5,43,Medium,0,3,7,No,Diabetes,Moderate,Moderate,7.0,Low,Easy,Full,2.0,High,Rare,4.0,1
MED-03766,64,Female,Master,Employed,Antidiabetic,3,4,42,Medium,0,3,9,Yes,Diabetes,Mild,High,9.0,Low,Moderate,None,1.4,Moderate,Regular,6.0,1
MED-03767,52,Male,High School,Employed,Antihypertensive,2,5,7,Medium,1,4,6,Yes,Multimorbidity,Moderate,High,9.0,Low,Easy,Partial,,Moderate,Regular,8.0,1
MED-03768,59,Male,Bachelor,Employed,Antidiabetic,2,7,16,High,5,2,6,No,Diabetes,None,High,10.0,High,Easy,Full,5.6,High,Occasional,6.0,0
MED-03769,45,Female,High School,Self-Employed,Psychiatric,1,2,9,Low,0,4,4,Yes,Depression/Anxiety,Moderate,High,9.0,Low,Easy,Partial,,Moderate,Occasional,6.0,1
MED-03770,50,Male,High School,Self-Employed,Cardiovascular,1,7,5,Medium,1,5,6,No,Heart Disease,None,Moderate,8.0,High,Moderate,Full,10.0,Moderate,Regular,7.0,1
MED-03771,50,Male,None,Employed,Psychiatric,1,4,23,Low,0,1,7,No,Multimorbidity,None,High,10.0,Moderate,Moderate,Full,7.7,High,Regular,6.0,1
MED-03772,42,Female,None,Employed,Antihypertensive,2,2,10,Low,1,7,6,No,Hypertension,None,High,10.0,High,Moderate,Partial,5.5,High,Occasional,9.0,1
MED-03773,50,Male,High School,Employed,Antihypertensive,1,5,14,Medium,5,6,5,No,Hypertension,None,Moderate,6.0,Low,Moderate,None,9.3,Moderate,Occasional,8.0,0
MED-03774,31,Female,High School,Employed,Cardiovascular,2,4,8,Medium,0,1,8,No,Multimorbidity,Severe,Moderate,4.0,Low,Moderate,Partial,1.4,High,Rare,,0
MED-03775,46,Female,Bachelor,Employed,Antidiabetic,2,3,21,Medium,1,1,6,No,Diabetes,None,High,10.0,Low,Easy,Partial,6.8,Moderate,Regular,6.0,1
MED-03776,49,Male,Bachelor,Employed,Cardiovascular,2,3,71,Medium,0,6,10,Yes,Multimorbidity,None,Low,3.0,Moderate,Moderate,Full,,Low,Occasional,8.0,1
MED-03777,49,Male,None,Employed,Respiratory,1,1,32,Low,4,6,7,No,Asthma/COPD,Moderate,High,5.0,Low,Moderate,Partial,1.3,High,Regular,5.0,1
MED-03778,49,Female,High School,Employed,Respiratory,1,4,18,Low,4,6,1,Yes,Asthma/COPD,Mild,Moderate,6.0,High,Moderate,Full,1.9,High,Rare,7.0,0
MED-03779,52,Female,High School,Self-Employed,Psychiatric,1,3,25,Low,0,1,4,No,Depression/Anxiety,None,Moderate,8.0,Moderate,Moderate,Partial,2.9,Low,Regular,2.0,1
MED-03780,59,Female,Bachelor,Self-Employed,Antidiabetic,2,4,31,Medium,6,9,7,No,Diabetes,None,Low,5.0,Moderate,Easy,Partial,2.9,Moderate,Occasional,9.0,0
MED-03781,65,Female,High School,Retired,Antihypertensive,1,1,31,Low,3,3,5,No,Hypertension,Moderate,High,8.0,Moderate,Easy,Partial,3.2,Moderate,Occasional,10.0,1
MED-03782,43,Male,High School,Self-Employed,Cardiovascular,3,4,21,Medium,2,5,5,Yes,Heart Disease,Mild,High,10.0,Low,Easy,Full,2.1,Moderate,Regular,7.0,1
MED-03783,36,Female,Master,Employed,Antihypertensive,3,2,16,Medium,4,5,4,No,Multimorbidity,None,Low,5.0,Low,Easy,Full,10.1,High,Regular,4.0,0
MED-03784,38,Male,Bachelor,Employed,Antihypertensive,1,3,43,Low,2,8,5,Yes,Hypertension,None,High,9.0,Moderate,Easy,Full,1.3,Moderate,Regular,6.0,1
MED-03785,46,Male,High School,Employed,Antihypertensive,2,3,11,Medium,0,5,7,Yes,Hypertension,Mild,Moderate,7.0,Low,Moderate,Full,1.3,High,Regular,7.0,1
MED-03786,48,Male,High School,Retired,Antidiabetic,2,4,43,Medium,0,5,7,Yes,Diabetes,Mild,High,10.0,High,Moderate,Full,1.6,High,Regular,7.0,1
MED-03787,42,Male,High School,Self-Employed,Antihypertensive,2,2,19,Low,0,4,4,No,Hypertension,Moderate,Moderate,7.0,High,Moderate,None,2.1,Moderate,Occasional,10.0,1
MED-03788,34,Female,Bachelor,Unemployed,Antihypertensive,1,5,53,Medium,0,2,8,Yes,Hypertension,Mild,Low,4.0,Moderate,Moderate,Partial,1.9,Moderate,Regular,6.0,1
MED-03789,46,Male,Bachelor,Self-Employed,Cardiovascular,1,7,12,Medium,0,1,4,Yes,Heart Disease,Mild,High,10.0,Moderate,Easy,None,11.7,Moderate,Regular,6.0,1
MED-03790,55,Male,High School,Employed,Cardiovascular,1,6,12,Medium,3,5,7,No,Heart Disease,Mild,High,8.0,Moderate,Easy,Partial,2.0,High,Occasional,7.0,1
MED-03791,61,Male,Bachelor,Employed,Cardiovascular,1,5,27,Medium,0,1,7,Yes,Multimorbidity,Mild,High,9.0,Moderate,Easy,Full,3.0,Moderate,Occasional,7.0,1
MED-03792,45,Female,High School,Employed,Cardiovascular,3,4,14,Medium,2,5,4,Yes,Heart Disease,Mild,High,9.0,Moderate,Moderate,Full,,Moderate,Regular,5.0,0
MED-03793,47,Female,High School,Employed,Antihypertensive,2,2,73,Low,6,5,4,No,Hypertension,Moderate,Moderate,5.0,Low,Easy,Full,2.3,Moderate,Occasional,3.0,0
MED-03794,40,Male,High School,Employed,Antihypertensive,3,4,16,Medium,3,5,7,No,Hypertension,Mild,High,9.0,Moderate,Moderate,Partial,5.2,Low,Regular,8.0,0
MED-03795,52,Male,High School,Unemployed,Antihypertensive,1,6,13,Medium,2,2,5,No,Hypertension,Mild,Low,5.0,High,Easy,Full,5.5,High,Occasional,5.0,1
MED-03796,41,Male,High School,Employed,Respiratory,1,3,34,Low,1,7,6,Yes,Asthma/COPD,Mild,Moderate,5.0,Moderate,Easy,Full,6.9,Moderate,Occasional,5.0,1
MED-03797,61,Female,High School,Employed,Respiratory,2,3,4,Medium,0,6,8,Yes,Asthma/COPD,None,High,9.0,Low,Moderate,Partial,1.6,Moderate,Regular,5.0,1
MED-03798,27,Female,High School,Employed,Antihypertensive,1,3,76,Low,0,2,7,Yes,Hypertension,Mild,High,10.0,Low,Moderate,Full,2.0,High,Regular,4.0,1
MED-03799,47,Female,None,Employed,Antidiabetic,1,1,39,Low,6,9,4,Yes,Diabetes,Moderate,High,7.0,Moderate,Easy,Partial,6.1,Moderate,Regular,8.0,0
MED-03800,57,Female,Bachelor,Employed,Other Chronic,2,2,31,Low,1,4,6,Yes,Multimorbidity,None,High,,High,Moderate,Full,3.3,High,Occasional,8.0,1
MED-03801,55,Male,High School,Employed,Cardiovascular,1,5,15,Medium,1,2,4,No,Heart Disease,Mild,High,9.0,High,Moderate,None,3.2,Moderate,Regular,7.0,0
MED-03802,88,Female,None,Retired,Respiratory,2,5,24,Medium,0,3,8,Yes,Asthma/COPD,None,High,10.0,High,Moderate,Partial,5.2,Moderate,Regular,8.0,1
MED-03803,57,Female,Bachelor,Self-Employed,Antihypertensive,1,2,16,Low,0,1,9,Yes,Hypertension,Mild,High,8.0,High,Easy,Full,7.0,Moderate,Regular,8.0,1
MED-03804,38,Male,Bachelor,Employed,Antihypertensive,2,4,19,Medium,3,7,4,Yes,Hypertension,Mild,Moderate,7.0,Low,Easy,Partial,2.0,Moderate,Rare,8.0,0
MED-03805,51,Male,Bachelor,Employed,Respiratory,3,1,46,Low,3,7,6,Yes,Asthma/COPD,Mild,High,10.0,Low,Moderate,Partial,3.1,High,Occasional,10.0,1
MED-03806,28,Female,High School,Self-Employed,Cardiovascular,1,5,33,Medium,0,6,8,Yes,Multimorbidity,None,High,9.0,Low,Moderate,Partial,3.0,High,Regular,9.0,1
MED-03807,51,Female,High School,Self-Employed,Cardiovascular,4,6,20,High,3,6,6,Yes,Heart Disease,Moderate,Moderate,7.0,Moderate,Difficult,None,1.6,High,Regular,7.0,0
MED-03808,41,Male,Bachelor,Self-Employed,Cardiovascular,2,4,7,Medium,3,7,7,Yes,Multimorbidity,None,Moderate,8.0,Low,Easy,Full,4.2,Moderate,Occasional,5.0,1
MED-03809,65,Female,Bachelor,Retired,Cardiovascular,3,1,95,Low,3,4,6,No,Heart Disease,Mild,Moderate,4.0,Low,Difficult,Full,2.2,Moderate,Regular,4.0,1
MED-03810,45,Female,High School,Employed,Respiratory,1,4,11,Low,4,5,4,No,Asthma/COPD,Mild,Moderate,8.0,Moderate,Easy,Partial,3.3,Moderate,Regular,3.0,1
MED-03811,51,Male,Master,Employed,Antihypertensive,2,4,46,Medium,3,3,6,No,Hypertension,Mild,Moderate,5.0,Low,Easy,Partial,5.4,Low,Regular,9.0,1
MED-03812,44,Male,High School,Employed,Antidiabetic,2,2,16,Low,0,4,9,Yes,Diabetes,None,Moderate,8.0,Moderate,Easy,Partial,4.1,High,Regular,6.0,1
MED-03813,77,Male,Doctorate,Retired,Psychiatric,3,5,29,Medium,0,5,7,Yes,Depression/Anxiety,Mild,High,9.0,Low,Difficult,Full,1.7,Low,Regular,7.0,1
MED-03814,48,Female,Master,Employed,Antidiabetic,2,6,13,Medium,0,1,10,No,Diabetes,Moderate,High,6.0,High,Easy,Full,3.9,High,Regular,5.0,1
MED-03815,78,Male,Bachelor,Unemployed,Antidiabetic,2,6,15,Medium,0,3,2,Yes,Multimorbidity,None,High,7.0,High,Easy,Partial,3.7,High,Regular,10.0,1
MED-03816,64,Male,Master,Employed,Cardiovascular,3,6,15,High,5,5,7,No,Multimorbidity,None,High,9.0,High,Easy,Full,2.2,High,Regular,3.0,0
MED-03817,59,Female,Bachelor,Employed,Other Chronic,1,4,28,Low,1,4,5,No,Multimorbidity,None,High,10.0,Moderate,Easy,Full,1.7,Moderate,Occasional,7.0,1
MED-03818,58,Female,High School,Employed,Antidiabetic,1,3,15,Low,2,4,4,No,Diabetes,Moderate,High,10.0,Moderate,Moderate,Full,3.7,Moderate,Regular,6.0,1
MED-03819,58,Male,High School,Unemployed,Antidiabetic,2,10,27,High,2,6,9,Yes,Diabetes,Mild,Moderate,8.0,Low,Difficult,Full,1.2,Low,Occasional,7.0,0
MED-03820,26,Male,None,Self-Employed,Respiratory,2,3,58,Medium,1,3,6,Yes,Asthma/COPD,Mild,Low,5.0,Moderate,Easy,Partial,1.5,Moderate,Regular,6.0,1
MED-03821,49,Female,High School,Self-Employed,Respiratory,2,7,11,High,0,2,5,No,Asthma/COPD,Moderate,Moderate,7.0,Moderate,Easy,Full,1.3,High,Regular,5.0,1
MED-03822,64,Female,Bachelor,Employed,Respiratory,2,3,11,Medium,1,7,7,No,Asthma/COPD,None,High,8.0,Low,Moderate,Full,1.3,High,Regular,5.0,1
MED-03823,52,Female,High School,Employed,Antidiabetic,4,1,66,Medium,4,7,2,No,Diabetes,Mild,High,8.0,Moderate,Easy,Partial,2.3,Low,Occasional,10.0,0
MED-03824,33,Male,High School,Employed,Antidiabetic,2,6,39,Medium,0,3,9,Yes,Diabetes,Mild,Moderate,8.0,Moderate,Difficult,Partial,7.4,High,Regular,6.0,1
MED-03825,52,Female,Bachelor,Employed,Cardiovascular,1,4,26,Low,1,4,10,No,Heart Disease,Severe,Moderate,4.0,Moderate,Easy,Full,5.3,Moderate,Occasional,7.0,1
MED-03826,76,Female,Master,Retired,Psychiatric,1,3,8,Low,0,6,8,No,Depression/Anxiety,None,High,10.0,Low,Difficult,Partial,7.7,High,Regular,4.0,1
MED-03827,70,Female,None,Retired,Psychiatric,4,4,7,High,4,5,7,No,Depression/Anxiety,None,Moderate,5.0,Moderate,Easy,Full,2.1,High,Occasional,3.0,0
MED-03828,52,Female,High School,Unemployed,Antihypertensive,2,5,13,Medium,1,6,6,Yes,Hypertension,None,High,7.0,High,Easy,Partial,0.7,High,Regular,5.0,1
MED-03829,66,Male,High School,Retired,Antidiabetic,3,4,28,Medium,6,6,4,No,Diabetes,None,High,10.0,Moderate,Moderate,None,2.1,High,Regular,9.0,0
MED-03830,47,Male,Bachelor,Employed,Antidiabetic,1,4,48,Low,1,4,9,No,Diabetes,Mild,Low,4.0,Low,Moderate,Full,7.7,High,Occasional,7.0,1
MED-03831,29,Female,High School,Employed,Other Chronic,2,1,28,Low,6,6,8,No,Multimorbidity,None,Moderate,7.0,High,Easy,Partial,2.5,High,Occasional,6.0,0
MED-03832,40,Female,Bachelor,Employed,Cardiovascular,2,2,29,Low,2,2,7,No,Heart Disease,None,High,10.0,Low,Easy,Full,3.3,Low,Regular,8.0,1
MED-03833,74,Female,High School,Retired,Antidiabetic,1,5,52,Medium,2,5,7,No,Diabetes,Severe,Moderate,7.0,Low,Moderate,None,2.8,High,Regular,6.0,1
MED-03834,49,Male,High School,Employed,Antihypertensive,2,3,34,Medium,1,4,7,No,Hypertension,Severe,Moderate,6.0,High,Easy,Full,5.6,Moderate,Occasional,10.0,0
MED-03835,49,Female,Master,Unemployed,Cardiovascular,2,4,17,Medium,2,4,5,Yes,Heart Disease,None,Moderate,7.0,Moderate,Moderate,Partial,6.2,Moderate,Occasional,10.0,1
MED-03836,48,Female,None,Self-Employed,Antihypertensive,2,1,25,Low,0,2,10,No,Hypertension,Moderate,Moderate,7.0,Moderate,Easy,Partial,1.0,High,Occasional,6.0,1
MED-03837,79,Male,High School,Retired,Respiratory,3,5,49,Medium,0,5,6,Yes,Asthma/COPD,Moderate,Moderate,7.0,Low,Moderate,Full,0.5,High,Occasional,5.0,1
MED-03838,75,Male,None,Retired,Respiratory,3,3,31,Medium,3,5,5,Yes,Asthma/COPD,None,Moderate,9.0,Low,Difficult,Full,5.4,Moderate,Occasional,7.0,1
MED-03839,84,Female,High School,Retired,Antidiabetic,3,9,69,High,3,3,9,No,Diabetes,None,High,10.0,Low,Easy,Full,2.8,High,Regular,8.0,1
MED-03840,50,Female,Bachelor,Unemployed,Antidiabetic,3,2,15,Medium,1,1,6,Yes,Diabetes,None,High,10.0,Moderate,Moderate,Partial,5.4,Moderate,Occasional,6.0,1
MED-03841,57,Female,High School,Retired,Psychiatric,2,5,12,Medium,0,1,6,Yes,Depression/Anxiety,None,Moderate,6.0,Low,Easy,Partial,2.7,Moderate,Regular,9.0,1
MED-03842,31,Female,High School,Self-Employed,Antihypertensive,1,5,32,Medium,0,4,9,Yes,Multimorbidity,Moderate,Low,5.0,Low,Moderate,Partial,4.9,Moderate,Occasional,7.0,1
MED-03843,73,Male,High School,Retired,Antihypertensive,3,3,27,Medium,3,5,8,Yes,Hypertension,None,Moderate,7.0,Low,Easy,Partial,3.0,Moderate,Regular,9.0,1
MED-03844,36,Male,Bachelor,Employed,Psychiatric,2,4,11,Medium,8,9,8,No,Depression/Anxiety,Mild,High,9.0,Moderate,Easy,Partial,1.9,High,Regular,5.0,0
MED-03845,56,Female,Bachelor,Employed,Respiratory,1,5,16,Medium,6,4,3,No,Asthma/COPD,Mild,Low,5.0,Low,Moderate,Full,2.5,Moderate,Occasional,6.0,0
MED-03846,37,Female,Bachelor,Employed,Respiratory,2,3,58,Medium,2,1,7,No,Asthma/COPD,None,Moderate,6.0,High,Moderate,Partial,2.9,High,Occasional,8.0,1
MED-03847,44,Female,Bachelor,Unemployed,Antihypertensive,1,2,35,Low,1,4,4,Yes,Hypertension,None,High,8.0,Low,Easy,Full,5.3,High,Occasional,7.0,1
MED-03848,41,Female,High School,Self-Employed,Antihypertensive,2,6,17,Medium,2,7,5,Yes,Hypertension,None,Low,1.0,High,Easy,Full,2.9,High,Regular,6.0,1
MED-03849,44,Male,High School,Employed,Antihypertensive,1,6,13,Medium,3,3,7,No,Hypertension,Moderate,Low,3.0,Moderate,Easy,Partial,1.5,High,Regular,6.0,0
MED-03850,45,Female,High School,Employed,Antihypertensive,1,9,20,High,2,7,6,Yes,Hypertension,Moderate,Moderate,7.0,Moderate,Easy,Full,11.6,Moderate,Occasional,7.0,0
MED-03851,45,Male,High School,Employed,Respiratory,4,4,47,High,2,5,8,No,Multimorbidity,None,Moderate,7.0,Low,Easy,Full,4.2,Moderate,Occasional,10.0,1
MED-03852,64,Male,High School,Employed,Antihypertensive,3,7,27,High,3,6,8,No,Multimorbidity,None,High,8.0,Moderate,Moderate,Partial,9.2,High,Regular,3.0,0
MED-03853,37,Male,Bachelor,Employed,Cardiovascular,3,2,24,Medium,1,9,8,Yes,Heart Disease,Mild,Moderate,8.0,Low,Difficult,Partial,1.5,High,Occasional,6.0,1
MED-03854,56,Male,Bachelor,Employed,Antihypertensive,2,2,49,Low,1,1,3,No,Multimorbidity,None,Moderate,6.0,Moderate,Easy,Full,2.7,High,Regular,7.0,1
MED-03855,70,Male,Master,Retired,Antidiabetic,3,5,11,Medium,1,6,10,Yes,Diabetes,Mild,High,7.0,Moderate,Easy,Full,,Moderate,Occasional,,1
MED-03856,45,Male,High School,Employed,Other Chronic,3,2,14,Medium,2,4,6,No,Multimorbidity,Mild,Moderate,8.0,Low,Difficult,Partial,,Moderate,Rare,6.0,1
MED-03857,42,Male,Bachelor,Employed,Antihypertensive,2,4,28,Medium,0,2,9,Yes,Hypertension,Mild,High,10.0,Moderate,Easy,Full,0.8,Moderate,Regular,4.0,1
MED-03858,49,Male,Bachelor,Student,Antidiabetic,4,1,24,Medium,7,4,1,Yes,Diabetes,None,High,10.0,High,Moderate,Partial,0.8,Moderate,Regular,6.0,0
MED-03859,69,Female,Bachelor,Retired,Antidiabetic,1,6,21,Medium,5,8,6,No,Multimorbidity,Moderate,High,7.0,Low,Easy,Full,2.0,High,Regular,6.0,1
MED-03860,55,Male,High School,Employed,Antihypertensive,4,1,50,Medium,2,7,3,Yes,Hypertension,None,Moderate,9.0,Low,Moderate,Partial,5.0,High,Regular,7.0,1
MED-03861,45,Male,High School,Unemployed,Antidiabetic,2,4,5,Medium,0,1,4,No,Diabetes,None,High,7.0,Moderate,Easy,Full,2.0,Moderate,Occasional,10.0,1
MED-03862,59,Female,None,Unemployed,Antidiabetic,2,2,12,Low,1,3,6,No,Multimorbidity,None,High,8.0,Moderate,Easy,Partial,3.0,Moderate,Regular,5.0,1
MED-03863,37,Female,High School,Employed,Cardiovascular,1,3,12,Low,4,7,5,Yes,Heart Disease,Severe,Moderate,6.0,Low,Moderate,Partial,3.5,Moderate,Occasional,4.0,0
MED-03864,62,Female,Bachelor,Employed,Respiratory,2,4,37,Medium,0,4,9,Yes,Asthma/COPD,None,High,10.0,Low,Difficult,Partial,1.8,Low,Occasional,9.0,1
MED-03865,58,Male,None,Self-Employed,Antidiabetic,2,8,19,High,0,4,10,Yes,Multimorbidity,Moderate,Moderate,5.0,Low,Easy,Partial,10.0,Moderate,Occasional,1.0,1
MED-03866,48,Female,High School,Retired,Antihypertensive,4,2,88,Medium,2,1,4,Yes,Hypertension,None,Moderate,10.0,Low,Easy,Full,1.8,Moderate,Regular,6.0,1
MED-03867,41,Male,Bachelor,Employed,Cardiovascular,4,3,52,Medium,0,3,5,Yes,Heart Disease,None,High,9.0,Low,Easy,None,0.7,Moderate,Occasional,6.0,1
MED-03868,40,Male,Bachelor,Employed,Antihypertensive,4,5,19,High,3,2,4,No,Hypertension,Mild,Moderate,7.0,High,Moderate,Full,1.6,Moderate,Regular,5.0,0
MED-03869,60,Male,High School,Employed,Cardiovascular,1,7,37,Medium,0,1,9,Yes,Heart Disease,Moderate,Moderate,7.0,Low,Difficult,Full,1.8,Moderate,Occasional,7.0,1
MED-03870,70,Female,Bachelor,Unemployed,Cardiovascular,4,6,35,High,1,2,7,Yes,Multimorbidity,Moderate,Low,6.0,Low,Easy,Full,3.8,High,Occasional,6.0,1
MED-03871,44,Male,High School,Employed,Antihypertensive,2,4,62,Medium,0,2,6,Yes,Multimorbidity,None,High,9.0,High,Easy,Full,3.9,Low,Occasional,3.0,1
MED-03872,59,Male,High School,Employed,Respiratory,3,3,21,Medium,2,3,7,No,Asthma/COPD,Moderate,Low,5.0,High,Easy,Full,5.2,Low,Occasional,8.0,0
MED-03873,23,Male,High School,Employed,Psychiatric,1,4,17,Low,1,3,6,No,Depression/Anxiety,None,Moderate,6.0,Low,Easy,Partial,13.6,High,Regular,8.0,1
MED-03874,44,Female,Bachelor,Retired,Respiratory,2,3,34,Medium,4,7,4,No,Asthma/COPD,None,High,10.0,Moderate,Easy,Partial,3.4,Moderate,Occasional,5.0,0
MED-03875,52,Female,Master,Employed,Antidiabetic,4,5,22,High,0,3,6,Yes,Diabetes,None,Moderate,7.0,Moderate,Easy,Full,6.3,Moderate,Regular,6.0,1
MED-03876,40,Male,None,Retired,Cardiovascular,4,6,39,High,6,8,6,Yes,Heart Disease,None,High,9.0,Low,Easy,None,2.4,High,Regular,10.0,1
MED-03877,39,Female,Bachelor,Unemployed,Psychiatric,2,3,57,Medium,0,3,7,Yes,Depression/Anxiety,Mild,High,8.0,Moderate,Easy,Full,4.1,High,Regular,8.0,1
MED-03878,43,Female,High School,Employed,Antidiabetic,3,4,13,Medium,3,5,3,Yes,Multimorbidity,Mild,Moderate,7.0,High,Moderate,Partial,2.6,Moderate,Regular,7.0,0
MED-03879,57,Female,Bachelor,Unemployed,Respiratory,1,4,16,Low,2,6,7,No,Asthma/COPD,Severe,Low,1.0,Low,Moderate,Full,3.0,High,Occasional,10.0,0
MED-03880,50,Male,None,Unemployed,Antihypertensive,2,4,54,Medium,4,3,5,No,Hypertension,Mild,Moderate,7.0,Moderate,Moderate,Full,3.8,Low,Occasional,4.0,0
MED-03881,21,Female,High School,Unemployed,Antihypertensive,2,3,26,Medium,0,4,7,Yes,Hypertension,None,High,9.0,Moderate,Moderate,Partial,6.9,Low,Regular,3.0,0
MED-03882,23,Male,Bachelor,Employed,Respiratory,1,2,26,Low,0,3,8,No,Asthma/COPD,Moderate,High,6.0,Moderate,Difficult,Partial,3.2,Moderate,Occasional,7.0,1
MED-03883,44,Female,Bachelor,Employed,Respiratory,1,1,49,Low,2,5,5,No,Multimorbidity,None,Moderate,6.0,Moderate,Easy,Partial,3.2,Low,Regular,8.0,1
MED-03884,59,Male,High School,Self-Employed,Respiratory,1,7,24,Medium,1,4,9,No,Asthma/COPD,Mild,Moderate,4.0,Low,Easy,Partial,4.2,Moderate,Regular,3.0,1
MED-03885,18,Male,High School,Student,Psychiatric,2,2,43,Low,0,3,3,Yes,Depression/Anxiety,None,Low,3.0,High,Easy,Partial,6.4,High,Regular,4.0,1
MED-03886,46,Male,High School,Employed,Antihypertensive,1,5,14,Medium,0,5,9,Yes,Hypertension,None,Moderate,7.0,High,Easy,None,1.2,High,Occasional,8.0,1
MED-03887,45,Female,High School,Unemployed,Antihypertensive,2,4,19,Medium,0,5,9,Yes,Hypertension,Mild,High,10.0,Low,Moderate,Full,4.0,Low,Regular,4.0,1
MED-03888,72,Male,Master,Retired,Psychiatric,1,3,63,Low,3,9,4,Yes,Depression/Anxiety,Mild,Moderate,6.0,Low,Easy,Full,1.2,Moderate,Regular,6.0,1
MED-03889,47,Female,Master,Employed,Antihypertensive,2,1,26,Low,2,5,4,Yes,Hypertension,None,Moderate,7.0,Moderate,Easy,None,8.9,High,Regular,7.0,1
MED-03890,58,Male,High School,Unemployed,Cardiovascular,2,3,13,Medium,7,5,3,No,Multimorbidity,Moderate,Moderate,8.0,Moderate,Moderate,Full,4.3,Moderate,Occasional,9.0,0
MED-03891,54,Female,High School,Employed,Antidiabetic,2,2,13,Low,0,5,8,Yes,Multimorbidity,Moderate,Moderate,7.0,High,Moderate,Full,,High,Regular,6.0,1
MED-03892,23,Female,Master,Student,Antihypertensive,2,1,24,Low,0,2,6,No,Hypertension,None,High,10.0,Low,Moderate,Full,1.0,High,Occasional,8.0,1
MED-03893,63,Female,High School,Unemployed,Antihypertensive,2,7,44,High,0,1,5,No,Hypertension,Mild,Moderate,7.0,Moderate,Easy,Partial,2.9,High,Regular,4.0,1
MED-03894,56,Female,Bachelor,Employed,Antidiabetic,1,3,3,Low,0,4,4,Yes,Diabetes,None,High,8.0,Moderate,Moderate,Partial,6.4,High,Occasional,8.0,1
MED-03895,60,Female,High School,Employed,Psychiatric,3,7,18,High,2,7,10,Yes,Depression/Anxiety,Mild,High,9.0,Moderate,Easy,Full,9.5,Moderate,Regular,5.0,1
MED-03896,88,Male,Bachelor,Retired,Cardiovascular,1,7,36,Medium,2,7,4,No,Heart Disease,Moderate,Moderate,8.0,Moderate,Easy,Full,4.3,Moderate,Rare,4.0,0
MED-03897,23,Female,Bachelor,Self-Employed,Cardiovascular,1,6,30,Medium,1,1,6,No,Heart Disease,None,Moderate,10.0,Moderate,Easy,Full,2.4,Moderate,Regular,10.0,1
MED-03898,77,Male,Bachelor,Retired,Antidiabetic,2,5,33,Medium,4,6,7,No,Diabetes,None,High,10.0,Low,Easy,Full,2.7,High,Rare,10.0,1
MED-03899,48,Female,Bachelor,Employed,Antihypertensive,1,5,15,Medium,1,1,5,No,Hypertension,Mild,Moderate,9.0,High,Easy,Full,1.5,Moderate,Regular,7.0,1
MED-03900,57,Female,High School,Employed,Antihypertensive,3,1,28,Low,3,6,5,No,Hypertension,Moderate,Moderate,6.0,Low,Easy,Partial,9.9,Low,Occasional,10.0,1
MED-03901,52,Male,Bachelor,Retired,Antidiabetic,1,2,50,Low,4,5,5,No,Diabetes,None,High,7.0,Low,Easy,Full,5.4,High,Occasional,6.0,1
MED-03902,47,Male,Bachelor,Unemployed,Antihypertensive,2,4,19,Medium,0,1,7,Yes,Hypertension,None,High,10.0,Moderate,Easy,Full,2.9,High,Occasional,7.0,1
MED-03903,45,Male,High School,Employed,Antihypertensive,1,9,27,High,2,7,5,No,Multimorbidity,Moderate,Moderate,8.0,Moderate,Difficult,Full,5.0,Moderate,Regular,6.0,0
MED-03904,57,Female,High School,Self-Employed,Antidiabetic,1,3,6,Low,4,8,10,No,Multimorbidity,None,High,5.0,Moderate,Easy,None,3.1,Moderate,Regular,5.0,1
MED-03905,31,Female,None,Employed,Antidiabetic,1,2,35,Low,0,4,5,Yes,Diabetes,None,High,7.0,Moderate,Easy,Full,2.6,Moderate,Regular,2.0,1
MED-03906,63,Female,High School,Student,Antihypertensive,3,7,15,High,0,5,8,Yes,Hypertension,None,Moderate,6.0,Low,Easy,Full,1.9,Low,Regular,6.0,1
MED-03907,47,Female,High School,Employed,Cardiovascular,4,4,10,High,6,8,3,No,Heart Disease,None,High,8.0,Moderate,Moderate,Full,1.9,High,Regular,9.0,0
MED-03908,37,Female,Bachelor,Employed,Antidiabetic,2,2,18,Low,3,2,5,No,Multimorbidity,Mild,High,6.0,Low,Easy,Full,4.4,Moderate,Regular,7.0,1
MED-03909,46,Male,High School,Employed,Antihypertensive,3,3,36,Medium,1,2,4,Yes,Hypertension,Mild,High,9.0,High,Moderate,Partial,7.3,Moderate,Regular,8.0,1
MED-03910,70,Male,Master,Retired,Psychiatric,2,1,16,Low,1,3,4,No,Depression/Anxiety,None,High,10.0,Moderate,Moderate,Partial,2.6,High,Regular,8.0,1
MED-03911,45,Female,High School,Unemployed,Antihypertensive,4,2,11,Medium,2,5,7,No,Hypertension,None,High,9.0,Low,Difficult,Full,1.8,High,Occasional,5.0,1
MED-03912,58,Female,High School,Employed,Psychiatric,3,1,40,Low,7,5,6,No,Depression/Anxiety,None,Moderate,5.0,Moderate,Easy,Partial,6.8,Low,Regular,7.0,1
MED-03913,42,Female,High School,Employed,Antihypertensive,1,5,13,Medium,1,3,1,No,Multimorbidity,Mild,High,9.0,High,Moderate,None,3.5,Moderate,Occasional,6.0,0
MED-03914,63,Male,High School,Employed,Psychiatric,2,2,85,Low,1,4,10,No,Depression/Anxiety,Moderate,Moderate,4.0,Low,Moderate,None,0.6,High,Occasional,5.0,1
MED-03915,62,Male,High School,Employed,Antihypertensive,2,6,48,Medium,1,3,7,Yes,Hypertension,Mild,High,7.0,Low,Easy,Partial,2.0,Low,Regular,9.0,1
MED-03916,78,Male,High School,Retired,Respiratory,1,4,64,Low,0,3,6,Yes,Multimorbidity,None,High,10.0,Low,Moderate,Full,4.7,High,Occasional,4.0,1
MED-03917,50,Male,High School,Unemployed,Antidiabetic,1,6,28,Medium,0,3,9,Yes,Diabetes,None,Moderate,9.0,Low,Easy,Partial,1.8,Moderate,Regular,5.0,1
MED-03918,62,Male,Bachelor,Employed,Respiratory,3,4,15,Medium,1,3,8,Yes,Asthma/COPD,None,High,8.0,High,Easy,Partial,3.5,Moderate,Regular,10.0,1
MED-03919,54,Female,Bachelor,Employed,Antidiabetic,3,4,51,Medium,0,1,6,Yes,Diabetes,Moderate,Low,5.0,Moderate,Difficult,Partial,1.3,High,Occasional,8.0,1
MED-03920,71,Male,High School,Unemployed,Antihypertensive,3,4,11,Medium,2,4,2,Yes,Multimorbidity,None,High,7.0,Low,Easy,None,2.4,High,Regular,7.0,1
MED-03921,42,Female,Bachelor,Self-Employed,Respiratory,4,2,6,Medium,1,1,7,No,Asthma/COPD,Moderate,Moderate,7.0,High,Moderate,Partial,1.5,Moderate,Regular,2.0,0
MED-03922,63,Male,Bachelor,Self-Employed,Antihypertensive,3,3,33,Medium,4,6,4,Yes,Hypertension,None,Moderate,6.0,Moderate,Easy,Full,1.3,High,Occasional,7.0,1
MED-03923,50,Female,High School,Unemployed,Psychiatric,1,2,9,Low,1,3,9,No,Depression/Anxiety,None,Moderate,5.0,High,Easy,Partial,1.9,Moderate,Rare,4.0,1
MED-03924,52,Male,Master,Self-Employed,Antihypertensive,1,5,24,Medium,1,4,5,Yes,Multimorbidity,Moderate,Moderate,5.0,Moderate,Difficult,Full,6.4,Moderate,Rare,7.0,0
MED-03925,54,Male,Bachelor,Self-Employed,Antidiabetic,1,3,23,Low,0,4,5,Yes,Diabetes,None,High,9.0,Moderate,Easy,Full,4.5,High,Rare,6.0,1
MED-03926,56,Male,High School,Self-Employed,Cardiovascular,1,4,43,Low,0,4,3,Yes,Heart Disease,None,Low,2.0,Moderate,Easy,Partial,15.5,Moderate,Rare,5.0,0
MED-03927,51,Female,High School,Employed,Antidiabetic,1,3,10,Low,3,7,4,Yes,Diabetes,None,High,8.0,Low,Easy,Full,2.1,Moderate,Regular,9.0,1
MED-03928,56,Female,High School,Employed,Antihypertensive,2,5,8,Medium,0,2,6,Yes,Multimorbidity,None,Moderate,9.0,Low,Easy,Full,7.1,High,Rare,9.0,1
MED-03929,75,Male,High School,Retired,Respiratory,3,7,22,High,1,1,6,Yes,Asthma/COPD,Mild,High,8.0,High,Easy,Full,13.4,Moderate,Regular,5.0,1
MED-03930,66,Male,Bachelor,Retired,Respiratory,3,6,2,High,5,5,5,No,Asthma/COPD,Severe,Low,1.0,Low,Moderate,None,7.7,Moderate,Occasional,10.0,0
MED-03931,65,Female,High School,Retired,Psychiatric,2,4,32,Medium,0,3,10,Yes,Depression/Anxiety,Mild,High,8.0,Moderate,Easy,Full,7.8,High,Occasional,5.0,1
MED-03932,46,Male,Bachelor,Employed,Antidiabetic,3,3,30,Medium,2,5,7,Yes,Diabetes,None,Moderate,8.0,Low,Easy,Full,3.6,Moderate,Occasional,10.0,1
MED-03933,40,Male,Bachelor,Employed,Antidiabetic,2,1,30,Low,0,6,6,Yes,Diabetes,Mild,Moderate,5.0,High,Moderate,None,3.9,Low,Rare,6.0,1
MED-03934,66,Female,Bachelor,Retired,Antidiabetic,3,1,22,Low,3,2,1,No,Diabetes,None,Moderate,9.0,Moderate,Easy,Partial,1.7,Moderate,Rare,6.0,0
MED-03935,65,Female,Bachelor,Retired,Antihypertensive,2,3,74,Medium,1,6,8,Yes,Hypertension,Mild,High,10.0,High,Moderate,Full,0.4,High,Occasional,10.0,1
MED-03936,73,Male,None,Retired,Respiratory,1,4,34,Low,0,2,10,Yes,Asthma/COPD,None,High,9.0,Moderate,Moderate,Partial,3.9,Moderate,Regular,6.0,1
MED-03937,44,Male,High School,Self-Employed,Antidiabetic,3,5,40,Medium,1,5,6,Yes,Diabetes,None,Moderate,8.0,High,Difficult,Full,1.6,Moderate,Occasional,9.0,1
MED-03938,49,Female,Bachelor,Unemployed,Antidiabetic,1,3,17,Low,1,2,4,No,Diabetes,Mild,High,9.0,Moderate,Easy,Partial,2.4,High,Regular,4.0,1
MED-03939,30,Male,None,Unemployed,Antidiabetic,2,3,22,Medium,3,5,7,No,Diabetes,None,Moderate,8.0,Moderate,Easy,Full,1.8,Moderate,Regular,7.0,1
MED-03940,47,Male,None,Employed,Cardiovascular,1,5,13,Medium,1,4,3,Yes,Heart Disease,Mild,High,9.0,Moderate,Easy,Full,4.2,Moderate,Regular,8.0,1
MED-03941,66,Female,Master,Retired,Psychiatric,2,4,28,Medium,2,2,7,No,Depression/Anxiety,Moderate,Moderate,7.0,Low,Easy,Full,2.9,High,Regular,9.0,1
MED-03942,46,Female,Bachelor,Employed,Cardiovascular,4,5,14,High,1,2,9,No,Heart Disease,None,High,10.0,Low,Difficult,Full,8.5,Moderate,Occasional,8.0,1
MED-03943,61,Male,High School,Self-Employed,Antidiabetic,1,3,41,Low,2,6,5,Yes,Multimorbidity,None,High,8.0,High,Easy,Partial,1.9,Moderate,Regular,7.0,1
MED-03944,50,Other,Bachelor,Employed,Respiratory,3,1,25,Low,4,4,5,Yes,Asthma/COPD,Mild,High,8.0,Moderate,Easy,Partial,3.8,Moderate,Regular,8.0,1
MED-03945,57,Female,Bachelor,Employed,Cardiovascular,1,4,2,Low,3,7,6,No,Multimorbidity,Mild,Moderate,6.0,High,Easy,None,2.9,Moderate,Occasional,5.0,0
MED-03946,36,Male,High School,Retired,Antihypertensive,1,6,13,Medium,3,3,5,No,Hypertension,None,High,8.0,Low,Moderate,Partial,2.7,Moderate,Occasional,8.0,1
MED-03947,54,Other,None,Employed,Antihypertensive,1,4,60,Low,2,7,3,Yes,Hypertension,None,High,10.0,Moderate,Moderate,Full,3.1,Moderate,Regular,8.0,1
MED-03948,18,Male,Master,Unemployed,Antihypertensive,3,6,63,High,1,2,5,Yes,Hypertension,Mild,Moderate,5.0,Low,Difficult,Partial,10.4,Moderate,Regular,5.0,0
MED-03949,50,Male,High School,Employed,Antidiabetic,1,4,37,Low,6,8,5,No,Diabetes,None,Moderate,8.0,Moderate,Easy,Partial,6.2,High,Regular,7.0,0
MED-03950,30,Female,High School,Employed,Respiratory,2,4,22,Medium,0,5,9,Yes,Asthma/COPD,Mild,High,10.0,Moderate,Moderate,None,2.4,Low,Rare,8.0,1
MED-03951,69,Male,High School,Retired,Antidiabetic,1,5,55,Medium,0,5,9,Yes,Multimorbidity,None,High,8.0,Moderate,Easy,Partial,2.1,High,Rare,10.0,1
MED-03952,63,Male,Bachelor,Employed,Antidiabetic,1,9,23,High,0,2,9,Yes,Diabetes,None,High,10.0,Low,Moderate,Full,1.8,High,Occasional,9.0,1
MED-03953,59,Male,High School,Unemployed,Psychiatric,3,6,53,High,3,6,8,Yes,Multimorbidity,Mild,Moderate,9.0,Low,Easy,Full,3.6,Low,Regular,7.0,1
MED-03954,74,Male,High School,Retired,Respiratory,1,5,28,Medium,7,6,7,No,Asthma/COPD,None,Moderate,6.0,Moderate,Easy,Partial,1.1,High,Regular,7.0,1
MED-03955,39,Female,High School,Employed,Cardiovascular,1,2,21,Low,2,4,4,Yes,Multimorbidity,None,High,10.0,Moderate,Easy,Full,2.8,Low,Rare,7.0,1
MED-03956,77,Female,Doctorate,Retired,Antihypertensive,1,6,41,Medium,0,1,9,No,Hypertension,None,High,8.0,Low,Moderate,Full,4.4,Moderate,Rare,7.0,1
MED-03957,66,Other,High School,Retired,Antihypertensive,2,4,11,Medium,0,2,7,Yes,Hypertension,None,High,7.0,Low,Easy,Partial,1.9,High,Regular,8.0,1
MED-03958,49,Male,Bachelor,Employed,Antihypertensive,2,5,14,Medium,1,2,4,No,Hypertension,None,High,8.0,Low,Easy,Full,3.4,Moderate,Occasional,8.0,1
MED-03959,68,Male,Master,Retired,Antihypertensive,1,4,8,Low,2,5,4,Yes,Hypertension,None,High,10.0,Low,Difficult,Full,4.1,High,Rare,7.0,1
MED-03960,37,Male,High School,Employed,Antihypertensive,1,3,34,Low,3,3,4,No,Hypertension,None,High,8.0,Moderate,Easy,Full,0.9,Moderate,Regular,5.0,1
MED-03961,41,Male,Doctorate,Employed,Cardiovascular,2,1,24,Low,4,4,2,Yes,Heart Disease,Severe,Moderate,5.0,Moderate,Difficult,Partial,3.9,Moderate,Occasional,6.0,0
MED-03962,44,Male,Master,Employed,Antihypertensive,1,5,119,Medium,2,3,7,No,Hypertension,Mild,High,7.0,Low,Easy,Partial,2.4,Moderate,Rare,5.0,0
MED-03963,45,Female,Master,Retired,Antihypertensive,3,5,35,Medium,6,8,4,No,Hypertension,Moderate,Moderate,7.0,Moderate,Moderate,Full,13.3,Moderate,Occasional,4.0,0
MED-03964,38,Female,High School,Employed,Antihypertensive,3,7,20,High,1,5,5,Yes,Hypertension,None,High,10.0,Low,Moderate,Full,3.9,Low,Regular,8.0,1
MED-03965,70,Female,Bachelor,Retired,Cardiovascular,2,8,23,High,5,5,6,No,Multimorbidity,Mild,Moderate,6.0,Moderate,Easy,Full,1.7,Moderate,Rare,7.0,0
MED-03966,49,Male,Bachelor,Self-Employed,Cardiovascular,1,2,30,Low,0,3,6,Yes,Heart Disease,None,High,5.0,Moderate,Easy,None,0.8,High,Regular,5.0,1
MED-03967,57,Female,Doctorate,Employed,Cardiovascular,2,4,17,Medium,2,4,5,No,Heart Disease,None,High,8.0,High,Moderate,Full,3.2,Moderate,Regular,6.0,1
MED-03968,45,Male,High School,Employed,Antihypertensive,3,6,3,High,0,2,9,No,Hypertension,None,High,9.0,Moderate,Easy,None,8.8,High,Regular,7.0,0
MED-03969,27,Male,Bachelor,Unemployed,Antidiabetic,2,2,8,Low,0,5,3,No,Multimorbidity,Mild,High,9.0,Low,Moderate,Partial,2.1,Moderate,Regular,7.0,1
MED-03970,56,Female,High School,Employed,Antihypertensive,3,4,18,Medium,2,2,3,Yes,Hypertension,None,Low,5.0,High,Easy,Full,4.2,Moderate,Occasional,8.0,0
MED-03971,26,Female,High School,Employed,Antihypertensive,2,2,7,Low,0,6,7,Yes,Hypertension,None,High,9.0,Moderate,Easy,Partial,5.8,Moderate,Regular,5.0,1
MED-03972,52,Male,High School,Employed,Psychiatric,2,2,26,Low,0,3,5,Yes,Depression/Anxiety,None,High,8.0,Low,Easy,Full,5.6,Moderate,Occasional,8.0,1
MED-03973,33,Male,Bachelor,Employed,Other Chronic,1,2,48,Low,3,7,5,Yes,Multimorbidity,None,Low,3.0,Low,Moderate,None,3.3,High,Occasional,7.0,0
MED-03974,80,Male,High School,Retired,Cardiovascular,2,8,14,High,5,9,4,Yes,Heart Disease,None,High,,Low,Moderate,Partial,2.0,Moderate,Regular,8.0,1
MED-03975,65,Female,Bachelor,Retired,Psychiatric,1,8,19,High,0,5,7,Yes,Depression/Anxiety,None,High,7.0,High,Easy,Partial,2.7,Moderate,Occasional,9.0,1
MED-03976,54,Male,Doctorate,Self-Employed,Cardiovascular,3,5,23,Medium,5,7,7,No,Heart Disease,Mild,Low,3.0,Low,Easy,Partial,1.5,High,Occasional,10.0,0
MED-03977,70,Other,High School,Retired,Antihypertensive,3,4,21,Medium,1,6,6,No,Hypertension,Mild,Moderate,8.0,Moderate,Easy,Full,1.6,High,Occasional,9.0,1
MED-03978,41,Male,Bachelor,Employed,Other Chronic,3,6,26,High,0,1,5,No,Multimorbidity,None,Low,3.0,Moderate,Moderate,Full,7.0,Low,Regular,7.0,0
MED-03979,60,Male,High School,Unemployed,Antihypertensive,2,5,4,Medium,2,5,5,No,Multimorbidity,None,Low,3.0,Moderate,Moderate,Partial,,High,Regular,7.0,1
MED-03980,55,Female,High School,Self-Employed,Cardiovascular,1,6,51,Medium,0,6,6,Yes,Multimorbidity,None,High,10.0,High,Easy,Full,4.1,High,Occasional,5.0,1
MED-03981,56,Female,Bachelor,Employed,Antihypertensive,1,6,22,Medium,2,6,8,No,Multimorbidity,None,High,10.0,Moderate,Difficult,Full,,Moderate,Occasional,5.0,1
MED-03982,70,Male,Master,Retired,Antidiabetic,2,8,13,High,1,5,9,No,Diabetes,Mild,Moderate,9.0,Low,Difficult,Partial,8.1,High,Occasional,7.0,0
MED-03983,63,Female,Bachelor,Employed,Cardiovascular,3,8,31,High,0,5,9,Yes,Heart Disease,None,Moderate,8.0,Low,Moderate,None,2.8,Moderate,Regular,7.0,1
MED-03984,57,Female,Bachelor,Student,Antidiabetic,2,6,47,Medium,3,5,7,No,Diabetes,Moderate,Low,5.0,Moderate,Moderate,None,3.7,High,Regular,10.0,0
MED-03985,29,Female,High School,Employed,Antihypertensive,1,4,11,Low,0,5,8,No,Hypertension,None,High,10.0,Moderate,Easy,Partial,8.0,Moderate,Occasional,5.0,1
MED-03986,39,Female,High School,Self-Employed,Antidiabetic,4,3,32,Medium,4,2,4,No,Diabetes,Mild,High,10.0,Low,Easy,Partial,1.9,Low,Rare,5.0,1
MED-03987,51,Female,Bachelor,Employed,Antidiabetic,4,4,57,High,3,4,5,No,Multimorbidity,Moderate,Low,4.0,Moderate,Moderate,Partial,2.1,High,Regular,7.0,0
MED-03988,54,Female,None,Employed,Other Chronic,2,3,57,Medium,0,1,7,No,Multimorbidity,Moderate,Moderate,7.0,Moderate,Easy,Partial,7.2,High,Occasional,6.0,1
MED-03989,37,Female,High School,Employed,Respiratory,2,1,41,Low,2,3,6,No,Asthma/COPD,None,High,8.0,Moderate,Easy,Full,6.1,Moderate,Regular,8.0,1
MED-03990,86,Male,Bachelor,Retired,Antidiabetic,3,4,17,Medium,0,3,7,Yes,Diabetes,None,High,9.0,Moderate,Moderate,Full,4.3,Moderate,Regular,6.0,1
MED-03991,74,Male,None,Retired,Antihypertensive,2,7,12,High,1,3,8,No,Hypertension,Mild,Moderate,7.0,Low,Easy,None,0.6,Moderate,Regular,6.0,0
MED-03992,61,Male,High School,Self-Employed,Respiratory,4,4,14,High,0,2,8,Yes,Asthma/COPD,None,High,9.0,Moderate,Easy,Partial,8.7,Low,Regular,8.0,1
MED-03993,54,Male,Bachelor,Employed,Antihypertensive,1,5,56,Medium,1,5,4,No,Hypertension,Moderate,Moderate,6.0,Moderate,Easy,Partial,2.1,High,Occasional,6.0,1
MED-03994,50,Male,Bachelor,Self-Employed,Antihypertensive,2,3,37,Medium,0,4,6,Yes,Hypertension,Mild,Moderate,9.0,Moderate,Easy,Full,2.1,Moderate,Regular,6.0,1
MED-03995,39,Female,Master,Self-Employed,Antidiabetic,2,2,42,Low,3,4,4,No,Multimorbidity,Moderate,High,6.0,Low,Moderate,Full,2.9,High,Rare,8.0,1
MED-03996,54,Male,Bachelor,Employed,Psychiatric,3,3,24,Medium,3,1,5,No,Depression/Anxiety,None,High,9.0,Low,Easy,None,1.4,High,Regular,7.0,1
MED-03997,56,Male,High School,Unemployed,Antihypertensive,3,2,5,Medium,5,4,3,No,Hypertension,Mild,High,7.0,Low,Easy,Partial,8.3,Moderate,Regular,6.0,0
MED-03998,35,Female,Master,Employed,Antihypertensive,4,1,32,Medium,3,7,6,No,Hypertension,None,High,6.0,High,Easy,None,3.8,Low,Regular,6.0,0
MED-03999,57,Male,Bachelor,Employed,Antidiabetic,2,7,13,High,3,7,2,Yes,Multimorbidity,Mild,Moderate,9.0,Moderate,Easy,Full,5.6,Moderate,Regular,9.0,1
MED-04000,50,Male,High School,Employed,Antihypertensive,3,4,49,Medium,0,5,7,Yes,Multimorbidity,Mild,High,10.0,High,Easy,Full,1.9,High,Regular,7.0,1
MED-01001,59,Female,High School,Employed,Cardiovascular,2,5,44,Medium,1,3,6,Yes,Heart Disease,None,High,10.0,Moderate,Moderate,Full,1.3,Moderate,Regular,8.0,1
MED-01002,51,Other,High School,Unemployed,Antihypertensive,2,4,24,Medium,4,5,7,Yes,Hypertension,None,High,6.0,Low,Easy,Full,,Moderate,Occasional,8.0,1
MED-01003,62,Male,High School,Employed,Respiratory,2,2,43,Low,2,3,5,No,Asthma/COPD,Mild,High,8.0,Low,Easy,Partial,4.0,High,Regular,4.0,1
MED-01004,74,Female,Bachelor,Retired,Respiratory,1,3,7,Low,0,6,6,No,Asthma/COPD,Mild,High,8.0,Low,Easy,None,0.8,High,Regular,7.0,1
MED-01005,49,Male,Bachelor,Unemployed,Antihypertensive,1,9,24,High,3,6,5,Yes,Hypertension,None,Moderate,7.0,High,Moderate,Partial,2.8,Moderate,Regular,8.0,1
